[
    {
        "no": 0,
        "code": 13151303,
        "images": "https://ldb-phinf.pstatic.net/20190715_201/15631902602521QTu7_JPEG/DhVhd3xj8yUE928SnP5Jxs_m.jpg",
        "name": "엘리제과자점",
        "adress": "서울 노원구 상계동 649 12단지 종합상가",
        "time": "매일 06:30~24:00 연중무휴",
        "phone": "02-936-2733",
        "op": "undefined단체석 /배달 /예약 /",
        "way": "7호선 마들역 1번 출구 신한은행 좌측 위치.",
        "booking": "",
        "category": "카페,디저트",
        "menus": [
            "단호박 브레드",
            "3,500원"
        ],
        "description": "1994년 마들역 부근에 첫 매장을 오픈 후 지금까지 꾸준히 운영해 온 베이커리 전문점입니다. 대한민국제과기능장 최형일 오너셰프가 운영하며, 서울시가 인증한 트랜스지방 안심제과점이지요. 5층에 빵 공장이 따로 마련되어 있어 매일 아침 11시경에 매장에서 직접 구운 모든 제품이 나오는데요. 15가지 종류의 수제 쿠키, 케이크, 샌드위치 등 빵 외의 다양 제품이 있지요. 셰프 추천 메뉴로 크림치즈 파운드 케이크와 인기 메뉴로 단호박 브레드, 멥쌀 크림치즈 번 등이 있어요."
    },
    {
        "no": 1,
        "code": 1467633478,
        "images": "https://ldb-phinf.pstatic.net/20230329_80/1680071459775Nz0Ds_JPEG/E8C7DA7D-2683-46DF-A148-4E941BB39CD5.jpeg",
        "name": "플랫커피",
        "adress": "서울 노원구 공릉동 349-8 1층",
        "time": "매일 12:00~22:00 매주 월요일 휴무",
        "phone": "010-5571-0776",
        "op": "undefined단체석 /포장 /예약 /반려동물 동반 /제로페이 /",
        "way": "",
        "booking": "",
        "category": "음식점",
        "menus": [
            "앙버터 소금빵",
            "6,000원"
        ],
        "description": "맛있는 커피와 디저트가 있는 분위기 좋은 공릉 카페입니다.\n\n크림 커피인 피스타치오 비엔나와 맛있는 시그니처 음료 그리고 메그놀리아식 크림 푸딩을 맛볼 수 있습니다.\n\n매일 직접 만드는 휘낭시에를 비롯한 다양한 구움과자, 카이막과 함께 제공되는 소금빵까지\n\n평범한 일상 속 커피와 디저트로 즐거운 시간을 보내보세요!\n\n낮부터 늦은 저녁까지 운영되고 있으니 언제나 편하게 방문해 주세요."
    },
    {
        "no": 2,
        "code": 31744094,
        "images": "https://ldb-phinf.pstatic.net/20220117_195/16423856589390hQxf_JPEG/20220103_220616.jpg",
        "name": "커피콩",
        "adress": "서울 노원구 공릉동 380-51 1층 커피콩",
        "time": "평일 10:00~21:00 | 토요일 10:00~19:00 | 일요일 12:00~18:00 | 공휴일 12:00~18:00",
        "phone": "0507-1405-6164",
        "op": "undefined포장 /배달 /무선 인터넷 /지역화폐 (카드형) /지역화폐 (모바일형) /제로페이 /",
        "way": "",
        "booking": "",
        "category": "카페,디저트",
        "menus": [
            "생망고빙수",
            "19,900원"
        ],
        "description": "2011년 7월 매장 오픈후 한 자리에서 2021년 11월 까지 운영하다가\n2022년 1월에 이전 재 오픈은 하였습니다.\n이전한 장소에서 혼자 셀프로 공사를 진행하다 보니 재 오픈시간이 오래 걸렸습니다.\n이전 보다 많은 좌석을 준비 했습니다."
    },
    {
        "no": 3,
        "code": 1853595120,
        "images": "https://ldb-phinf.pstatic.net/20230620_254/1687225502573WWOcx_JPEG/%BA%F1%B1%E2%B4%D7%B8%DE%C0%CE.jpg",
        "name": "비기닝 브레드",
        "adress": "서울 노원구 공릉동 379-23 1층",
        "time": null,
        "phone": "0507-1326-9084",
        "op": "undefined주차 /포장 /예약 /",
        "way": "안녕하세요 공릉맛집 공릉카페 베이커리 전문점 비기닝브레드 입니다 ~\n\n매일 따끈하게 구운 빵을 준비하고 있습니다 :)\n\n[ 찾아 오시는길 ]\n- 지하철 이용 시 7호선 공릉역 4번출구 나와서 직진 첫번째 골목 좌회전후 30m 입니다 :)\n\n길 찾기 어려우시면 언제든지 매장으로 편하게 전화 주세요 ~\n\n[ 주차 ]\n- 차량 이용 시 주차 공간 마련 되어 있으니 편하게 방문 하셔도 좋습니다 !\n\n- 자차 이용 시 : 공릉 비기닝브레드 검색\n\n- 주소 : 서울 노원구 동일로193길 14 1층 비기닝브레드",
        "booking": "",
        "category": "카페,디저트",
        "menus": [
            "카페라떼",
            "4,500원"
        ],
        "description": "안녕하세요 :) 공릉맛집 공릉카페 예쁜디저트카페 비기닝브레드입니다.\n\n매일 갓 구워 나온 신선하고 맛있는 빵과 음료가 준비되어 있습니다.\n(비기닝 브레드 빵들은 매일 당일 생산,판매 합니다.)\n\n혼자 오신 분들도 편안하게 쉬어갈 수 있고, 가족,연인 모두 담소 나누며 쉬어갈 수 있는 분위기 좋은 카페입니다.\n\n[ 비기닝 브레드 대표 인기 베이커리]\n\n-크로와상\n-소금빵\n-바게트빵\n-맘모스빵\n-양파크림치즈베이글\n-후추베이컨치즈\n-소세지빵\n-치아바타\n-황치즈바게트\n\n[ 비기닝 브레드 대표 인기 음료]\n\n-아메리카노\n-카페라떼\n-바닐라라떼\n-아인슈페너\n-아몬드크림라떼\n-딸기요거트스무디\n-초코스무디\n-플레인요거트스무디\n-자몽요거트샤베트\n\n[ 비기닝브레드 논카페인 음료]\n\n-딸기라떼\n-아이스 / 핫초코\n-말차라떼\n-밀크티\n-아이스티\n\n공릉에서 분위기 좋은 디저트 카페를 찾으시면 비기닝 브레드로 오세요~ 언제나 신선하고 맛있는 음식을 제공 할 수 있도록 노력하겠습니다 :)\n\n2-3인 좌석,3-4인 좌석 구비, 주차 가능 , 와이파이 , 화장실 ,아기좌석\n자차 이용시 : 공릉 비기닝 브레드 검색"
    },
    {
        "no": 4,
        "code": 1815424144,
        "images": "https://ldb-phinf.pstatic.net/20221231_5/167243878246663Ywi_PNG/KakaoTalk_20220611_155114707.png",
        "name": "메트로폴리스",
        "adress": "서울 노원구 공릉동 577-13 1층",
        "time": "매일 10:00~22:00",
        "phone": "0507-1392-6632",
        "op": "undefined단체석 /주차 /포장 /배달 /무선 인터넷 /남/녀 화장실 구분 /",
        "way": "공릉 닭한마리 바로 뒷골목에 위치해있습니다.",
        "booking": "",
        "category": "카페,디저트",
        "menus": [
            "베이커리",
            "변동가격(업주문의)"
        ],
        "description": "About Metropolis\n\nMET은 메트로폴리스의 줄임말입니다.\n'메트로폴리스'란 이해관계에 따라 특정 도시를 중심으로 크고 작은 도시들의 통합으로 이뤄진 대도시를 뜻합니다. \n다양한 도시의 특색을 합쳐 건강한 시너지를 이뤄낸 결과물이기 때문에 문화, 경제적 중심지를 일컫기도 합니다.\n\n메트로폴리스가 갖는 사전적 의미에 착안하여 저희 메트로폴리스는 커피와 디저트뿐 아니라 다양한 직종과 취향 그리고 문화가 공존하는, 저희와 뜻을 나누시는 모든 분들과 함께 건강한 내일을 이뤄 나아갈 수 있는 하나의 장으로 거듭나고자 합니다. \n물질적인 만족을 넘어 정신적 교류를 지향하고, 이를 실현하기 위해 다양한 방식으로 노력하는 것이 메트로폴리스의 사명이기도 합니다.\n\n메트로폴리스는 모두가 건강하게 일상을 꾸려 나아갈 수 있는 문화적 허브 역할을 충실히 다할 수 있도록 최선을 다하겠습니다.\n\ngo with metropolis.\n\n@metseoul"
    },
    {
        "no": 5,
        "code": 1184799562,
        "images": "https://ldb-phinf.pstatic.net/20190106_75/1546703723986BGvbr_JPEG/mbjpVjmoR-9QKiNNSSCbLfgY.JPG.jpg",
        "name": "하토상의술방",
        "adress": "서울 노원구 상계동 593-3",
        "time": "매일 16:30~02:30",
        "phone": "0507-1438-2274",
        "op": "undefined단체석 /주차 /포장 /예약 /무선 인터넷 /남/녀 화장실 구분 /",
        "way": "노원역(4호선) 9번 출구 앞 먹자골목으로 들어와서 50미터 직진후 첫번째 사거리 코너 2층에 위치 합니다.",
        "booking": "",
        "category": "술집",
        "menus": [
            "세트메뉴",
            "43,000원"
        ],
        "description": "부담없이 즐기는 노원역 이자카야 하토상의술방 입니다."
    },
    {
        "no": 6,
        "code": 1368525609,
        "images": "https://ldb-phinf.pstatic.net/20230617_36/16869850580964aGBh_PNG/6.png",
        "name": "화실",
        "adress": "서울 노원구 중계동 137-3 송림빌딩 101호",
        "time": null,
        "phone": "070-7692-1992",
        "op": "undefined포장 /예약 /",
        "way": "상계역 1번 출구에서 도보 3분 거리에 위치합니다. (봉평메밀막국수 맞은편)",
        "booking": "",
        "category": "음식점",
        "menus": [
            "불암산 산더미 불닭 야끼소바",
            "22,900원"
        ],
        "description": "불암산 스낵바 화실\n\n주민들의 이야기와 웃음이 피어나는\n노원 로컬 맛집, 스낵바 화실입니다.\n\n일본 여행중 방문했던 작은 바가 있습니다.\n동네 주민들이 찾는 작은 술집이었는데 한명 그리고 또 한명, 또 한명..\n따로 온 손님들이 바에 둘러앉아 서스럼 없이 이야기를 나누는것을 보았습니다.\n\n가볍게 한 잔 하며 일상을 나누는 모습을 보며 우리동네에도 저런 술집이 있으면 좋겠다는 생각에 스낵바를 차리게 되었습니다.\n\n노원 30년 토박이로써 노원의 대표 로컬푸드가 없는것이 참 아쉬웠습니다. 노원을 대표하는 로컬 푸드 맛집이 되기를 바라며 노원의 이야기거리를 담아 소소한 재치를 더해 메뉴들을 구상했어요.\n\n동네 아저씨들이 자주 얘기해주시던 일화가 있습니다.\n노원의 하계, 중계, 상계라는 지역명이 닭'계'자에서 비롯되었다는 이야기입니다.\n노원의 양계장이 많아 그런 이름이 붙었다고 하셨습니다. 진짜인지는 모르겠습니다! 제가 찾아본 한자는 시내'계'자 였거든요.\n\n하지만 동네 어른신들로 부터 구전으로 내려온 이 이야기가 참 마음에 듭니다.\n그리하여 닭을 소재로한 노원만의 닭'계' 로컬푸드를 개발했습니다.\n\n중'계' 불암산 불닭 야끼소바와\n상'계' 수락산 숙주 가린기\n하'계' 온천 닭육수 오뎅\n\n노원의 이야기를 담은 화실만의 시그니쳐 요리가\n주민분들께 즐거운 이야기거리, 소소한 웃음이 되기를 바랍니다.\n\n그리고 화실은요, 모든 요리가 생각보다 맛있습니다 :-9\n늘 노력하는 스낵바 화실이 되겠습니다.\n감사합니다.\n\n*공지*\n-예약 서비스는 종료되었습니다.\n-전화로 문의주시면 착석 가능 여부 안내해드리겠습니다.\n-화실은 술을 판매하는 주점입니다. 테이블당 1메뉴 1주류는 필수로 주문 부탁드립니다."
    },
    {
        "no": 7,
        "code": 1597768889,
        "images": "https://ldb-phinf.pstatic.net/20220819_246/16608831530809mbPE_JPEG/1660296687263.jpg",
        "name": "시작이밤이다",
        "adress": "서울 노원구 공릉동 393-10 1층",
        "time": "매일 17:30~02:30 영업시간은 거리두기 단계에따라 변동됩니다:)",
        "phone": "0507-1426-3120",
        "op": "undefined단체석 /예약 /무선 인터넷 /",
        "way": "공릉역 2번출구 나오자마자 편의점 골목으로 들어온 후 200m만 올라오면 왼쪽에 있습니다^^",
        "booking": "",
        "category": "술집",
        "menus": [
            "코젤다크&하이볼&와인&막걸리",
            "변동가격(업주문의)"
        ],
        "description": "안녕하세요 '시작이 밤이다' 입니다\n저희 시밤은 술집에서는 그 어디서도 볼수없던 엔틱한 인테리어와 소품들,\n그리고 하나부터 열까지 직접 요리하는 퓨전 술집으로\n최고의 분위기와 최고의 맛을 자랑합니다\n연인,친구,혼술,단체 모두를 만족 시킬수있는 저희 시밤으로 오세요^^"
    },
    {
        "no": 8,
        "code": 1089404828,
        "images": "https://ldb-phinf.pstatic.net/20230227_124/1677479233220XO2NH_JPEG/photo_2023-02-27_15-26-19.jpg",
        "name": "서울대포집",
        "adress": "서울 노원구 상계동 616-4 지하1층",
        "time": null,
        "phone": "0507-1375-6168",
        "op": "undefined단체석 /예약 /남/녀 화장실 구분 /",
        "way": "[노원 일등 안주맛집 서울대포집]\n\n찾아오시는 길은 매우 간단합니다!\n\n네이버 길찾기 & 네비게이션 준비!\n서울대포집에서 제대로 즐겨보실 준비 되셨죠?\n\n주소 : 서울 노원구 노해로81길 16 지하 1층(구 오천술집)\n(노원 로데오거리 완전 번화가 진짜 핫플)\n\n대중교통 이용 시 : 노원역(4호선) 2번출구로 나오셔서 로데오거리 입성! 조금 걸어오시면 모스버거가 있습니다, 모스버거 끼고 좌측을 바라보면 바로 서울대포집을 마주하실 수 있습니다.(역전할머니맥주 건물 지하 1층)\n\n자차 이동 시 : 네비게이션 <서울대포집> 검색 혹은 주소 검색해주시면 됩니다. 모든 걸 다 준비해두었는데 주차를 놓첬습니다.\n\n최상의 맛과 서비스로 보답하겠습니다!",
        "booking": "",
        "category": "술집",
        "menus": [
            "콘치즈",
            "7,900원"
        ],
        "description": "안녕하세요\n\n엄선한 재료와 따뜻한 정성, 최상의 서비스를 준비했습니다.\n<서울대포집>입니다.\n\n찾아주시는 한분 한분께 행복을 전해드리겠다는 사명감으로 청년들이 모여 투철한 서비스 정신으로 맞이하고 있습니다.\n\n'신선한 재료로 최상의 맛을 내는 안주를 만드는 술집이 있다고?!'\n\n네 맞습니다.\n<서울대포집>은 노원 술집 중 단연 일등 핫플레이스입니다.\n\n긍정적인 사람은 한계가 없고,\n부정적인 사람은 한 게 없다. 라는\n모토로 평범함을 비범함으로,\n함께 일하는 가족들 모두가 이러한 정신으로\n만들어나가고 있습니다.\n\n변화는 있어도 변함은 없다는 마음가짐으로\n안주하지 않고 초심 그대로 나아가겠습니다.\n\n<서울대포집>을 찾아주시는 모든 고객님들께\n진심 담아 감사드리며, 그에 술 맛나는 분위기와 맛으로 보답 드리곘습니다.\n\n오시는 귀한 발걸음과 시간을\n행복한 추억으로 보답드리기 위해\n즐거운 이벤트, 선물을 수시로 준비하곤 합니다.\n그 준비 시간 또한 너무 감사하고 행복합니다.\n\n노원 50만 주민 모두가 아시게 되는 그 날까지\n끊임없이 달리고 또 달려가겠습니다.\n\n긴 글 읽어주셔서 감사합니다.\n\n혹시 여기까지 모두 읽으셨다면 <벨> 눌러서 말씀해주세요\n'다 읽었어요!!!'\n\n음료수 들고 뛰어가겠습니다!"
    },
    {
        "no": 9,
        "code": 547626314,
        "images": "https://ldb-phinf.pstatic.net/20211017_26/1634458089014FtwHq_JPEG/SFuvsmYY5Ohe6jAc3lYAUrzR.jpeg.jpg",
        "name": "남자서른",
        "adress": "서울 노원구 공릉동 351-21",
        "time": "월요일 휴무 | 목요일 18:00~02:00 | 수요일 18:00~02:00 | 화요일 18:00~02:00 | 금요일 18:00~03:00 | 토요일 16:00~03:00",
        "phone": "0507-1382-8842",
        "op": "undefined단체석 /주차 /포장 /배달 /예약 /무선 인터넷 /반려동물 동반 /남/녀 화장실 구분 /",
        "way": "공릉 도깨비시장 후문 입구 건너편 검정색 큰건물 1층",
        "booking": "",
        "category": "술집",
        "menus": [
            "토마토탕면",
            "23,000원"
        ],
        "description": "식사와 술을 함께 즐길 수 있는\n주점 남자서른 입니다"
    },
    {
        "no": 10,
        "code": 1566340124,
        "images": "https://ldb-phinf.pstatic.net/20220328_8/1648467611037dnJh2_JPEG/39ECDC79-DC48-4383-917E-A04632DAAB6A.jpeg",
        "name": "526",
        "adress": "서울 노원구 공릉동 644-3 526",
        "time": "매일 17:00~01:00 | 일요일 휴무",
        "phone": "070-4647-0526",
        "op": "undefined무선 인터넷 /",
        "way": "",
        "booking": "",
        "category": "술집",
        "menus": [
            "철판스테이크(종류변동)",
            "변동가격(업주문의)"
        ],
        "description": "안녕하세요 526입니다.\n526은 철판요리 및 여러가지 수제요리 전문점으로 식재료의 신선함을 최대로 유지하기 위해 몇 가지의 메뉴들로만 종류를 바꿔가며 제공해드리고 있습니다. 아담한 사이즈의 매장이라 최대 4인까지만 이용하실 수 있으며 예약이 제한적이라는 점 양해 부탁드립니다.\n\n** 예약 **\n바(Bar) 2인석 4개 (예약 불가, 워크인만 가능)\n테이블 4인석 1개, 3인석 1개 (18시까지 3~4인일 경우 예약 가능)\n예약은 유선으로만 가능합니다 (문자, DM 불가)\n\n** 주차 **\n주차장이 구비되어있지 않아 근처 공영주차장, 유료주차장 이용 부탁드립니다.\n\n* 가장 가까운 공영주차장\n-북부지원 주변 노상 공영주차장-\n서울시 노원구 공릉동 629-1\n30분당 1,500원 (19시 이후 무료)"
    },
    {
        "no": 11,
        "code": 1426671440,
        "images": "https://ldb-phinf.pstatic.net/20201202_266/1606891847178cdDAX_JPEG/r0mvHdxqoyMt5mJWNDC3Z2zh.jpg",
        "name": "토리쿠",
        "adress": "서울 노원구 공릉동 644-49 1층  이룸빌딩",
        "time": "매일 06:00~02:00",
        "phone": "0507-1368-3250",
        "op": "undefined단체석 /무선 인터넷 /지역화폐 (모바일형) /",
        "way": "태릉입구 5번출구로 나오셔서 서울여성공예센터-더아리움 쪽으로 쭉 올라오시면(도보3분) 사거리에 토리쿠입니다.",
        "booking": "",
        "category": "술집",
        "menus": [
            "숯불꼬치구이",
            "1,900원"
        ],
        "description": "맛있는 꼬치구이를 기반으로 하는 야키도리입니다.\n꼬치구이뿐 아니라 참치회 등 다양한 메뉴를 저렴한 가격에 맛보실 수 있습니다.\n메뉴에 어울리는 하이볼,맥주,소주,사케등 여러가지 주류메뉴도 함께 준비되어 있습니다.\n혼술하기에도 부담없는 선술집 분위기입니다.\n공릉,태릉,노원,묵동 부근 모임하기도 좋고 친구들과 가볍게 한잔하기도 너무 좋은 토리쿠\n\n술마시기 좋은 분위기와 컨셉으로 더욱 노력하는 토리쿠 되겠습니다."
    },
    {
        "no": 12,
        "code": 1419704492,
        "images": "https://ldb-phinf.pstatic.net/20210203_184/1612346486136O8GfG_JPEG/TCpqvQAv3_eAbuc5BcMl4oJM.jpeg.jpg",
        "name": "오내사",
        "adress": "서울 노원구 상계동 1132-23",
        "time": "평일 17:00~02:00 첫째주/셋째주 화요일 정기휴무 | 주말 17:00~03:00",
        "phone": "0507-1346-1596",
        "op": "undefined주차 /포장 /예약 /무선 인터넷 /남/녀 화장실 구분 /제로페이 /",
        "way": "",
        "booking": "https://booking.naver.com/booking/6/bizes/480434",
        "category": "술집",
        "menus": [
            "차돌숙주볶음",
            "16,000원"
        ],
        "description": "안녕하세요 수락산역 5번 출구 신한은행 건물 주차장 뒤편에 위치한 감성술집입니다 혼술도 가능하고 2~6인 테이블도 있어 커플 또는 친구분들이랑 함께 즐길수 있는 술집입니다 부담없이 편하게 드시고 가시라고 저렴한 안주도 준비 했습니다 많이 찾아주세요^^"
    },
    {
        "no": 13,
        "code": 1297379351,
        "images": "https://ldb-phinf.pstatic.net/20220129_131/1643438065966Bwr3B_JPEG/1632889042183.jpg",
        "name": "만취",
        "adress": "서울 노원구 공릉동 413-3 1층 만취",
        "time": "매일 17:00~02:00 Last order 01:00 | 일요일 휴무",
        "phone": "0507-1335-7401",
        "op": "undefined단체석 /포장 /예약 /무선 인터넷 /남/녀 화장실 구분 /제로페이 /",
        "way": "공릉역 2번출구 에서 원자력병원삼거리쪽으로\n직진후,삼거리 우회하여 내려오다가 등촌샤브칼국수\n밑쪽으로 내려와 병원건물에 위치해있습니다.\n\n공릉철길(공트럴파크) 메인 삼거리(라라브레드위치) 에서 세븐일레븐 편의점방향으로 올라와서 길대로변에서 왼쪽으로\n올라오시면 위치해있습니다.",
        "booking": "",
        "category": "술집",
        "menus": [
            "모찌리도후",
            "8,000원"
        ],
        "description": "안녕하세요 공릉 만나면취하는밤 만취 입니다.\n공릉동에 새롭게 이뤄진 핫플레이스\n 젊은셰프의 개성있는 요리를 즐길수 있는\n현대적 빈티지와 깔끔한느낌을\n즐길수 있는 공간\n\n달마다 바뀌는 수제메뉴들과 일품요리 제철메뉴\n 편안함을 추구한 술집\n수제요리주점 만취(만나면 취하는밤)에서\n차별화적인 일품요리들로\n\n여러분들을 모십니다."
    },
    {
        "no": 14,
        "code": 37553880,
        "images": "https://ldb-phinf.pstatic.net/20221210_21/1670666120096aUsS6_JPEG/2511901B-0B81-4A52-84AC-00F343A97057.jpeg",
        "name": "이자카야모리",
        "adress": "서울 노원구 상계동 616-21",
        "time": "매일 16:00~05:00",
        "phone": "0507-1404-5222",
        "op": "undefined단체석 /주차 /포장 /예약 /남/녀 화장실 구분 /",
        "way": "",
        "booking": "",
        "category": "술집",
        "menus": [
            "제철모듬사시미 소",
            "35,000원"
        ],
        "description": "오늘보다 내일이 더 맛있다는 각오로 최선을 다하여 요리를 연구하는 모리입니다.\r\n항상 맛있고 즐거운 자리를 위해 최선을 다하겠습니다."
    },
    {
        "no": 15,
        "code": 1840539495,
        "images": "https://ldb-phinf.pstatic.net/20210225_203/1614245800326lhWVz_JPEG/U3qUwDHnZcVkCoNcrzTXml3f.jpg",
        "name": "설화",
        "adress": "서울 노원구 상계동 1305 동양상가 2층 설화중화식당 (202-1호)",
        "time": "금요일 11:30~22:00 마지막주문 14:20(점심)/ 21:20(저녁)ㅡ재료소진시 조기마감 | 목요일 11:30~22:00 마지막주문 14:20(점심)/ 21:20(저녁)ㅡ재료소진시 조기마감 | 수요일 11:30~22:00 마지막주문 14:20(점심)/ 21:20(저녁)ㅡ재료소진시 조기마감 | 화요일 11:30~22:00 마지막주문 14:20(점심)/ 21:20(저녁)ㅡ재료소진시 조기마감 | 월요일 11:30~22:00 마지막주문 14:20(점심)/ 21:20(저녁)ㅡ재료소진시 조기마감 | 토요일 11:30~22:00 마지막주문 15:20(점심)/ 21:20(저녁) ㅡ재료소진시 조기마감 | 일요일 휴무",
        "phone": "02-933-4485",
        "op": "undefined단체석 /주차 /포장 /예약 /무선 인터넷 /남/녀 화장실 구분 /제로페이 /",
        "way": "노원역 10번출구 동양마트상가 2층",
        "booking": "",
        "category": "중식",
        "menus": [
            "눈꽃탕수육",
            "18,000원"
        ],
        "description": "16년경력 중식쉐프!!\n젊은감각과\n그 누구못지않은 요리열정 중식에 대한열정!!\n\n가족에게 대접하는 마음으로\n정성과 신뢰를 담아 요리하는 <설화>"
    },
    {
        "no": 16,
        "code": 460447110,
        "images": "https://ldb-phinf.pstatic.net/20180904_150/1536072328580c8kch_JPEG/RWPKanFCdV1FQnvEoH-INRtH.jpeg.jpg",
        "name": "공도",
        "adress": "서울 노원구 공릉동 593-3",
        "time": "토요일 11:00~14:30 토요일은 영업 인스타공지, 주일은 휴무. | 평일 11:00~14:30 토요일은 영업 인스타공지, 주일은 휴무. | 평일 14:30~17:00 재료준비시간입니다. | 평일 17:00~20:00 오후7시 30분 마지막오더(재료소진시 마감) | 일요일 휴무",
        "phone": "0507-1435-5890",
        "op": "undefined주차 /포장 /배달 /무선 인터넷 /제로페이 /",
        "way": "",
        "booking": "",
        "category": "음식점",
        "menus": [
            "도깨비 등심 스테이크 덮밥",
            "11,000원"
        ],
        "description": "                    "
    },
    {
        "no": 17,
        "code": 1295848493,
        "images": "https://ldb-phinf.pstatic.net/20201009_214/1602211623532LMzMD_JPEG/Mylonm5QUkk21dk3xcKC8fzj.jpg",
        "name": "아소코",
        "adress": "서울 노원구 공릉동 509-41",
        "time": "매일 11:30~21:00 Break Time 15:00~17:00 / L.O 20:30 /브레이크타임 전 2:30분까지 주문가능 합니다",
        "phone": "02-6052-1003",
        "op": "undefined주차 /포장 /배달 /예약 /무선 인터넷 /제로페이 /",
        "way": "",
        "booking": "https://booking.naver.com/booking/6/bizes/461923",
        "category": "일식",
        "menus": [
            "하와이안롤카츠",
            "13,000원"
        ],
        "description": "공트럴파크 필수코스 \n연어와 롤카츠가 맛있는 \n일본가정식 아소코\n"
    },
    {
        "no": 18,
        "code": 1760994733,
        "images": "https://ldb-phinf.pstatic.net/20230617_217/1686995285909a9v57_JPEG/DSC08805.jpg",
        "name": "으뜸스시",
        "adress": "서울 노원구 상계동 711-13 2층 204호",
        "time": null,
        "phone": "0507-1358-6696",
        "op": "undefined주차 /발렛파킹 /포장 /배달 /무선 인터넷 /남/녀 화장실 구분 /",
        "way": "노원역 8번 출구 맞은편 2층 으뜸스시 입니다\n\n노원역 8번 출구 별밤건물 2층\n노원역 8번 출구 아웃백 옆 위치해 있습니다 ~",
        "booking": "",
        "category": "일식",
        "menus": [
            "회전초밥",
            "2,200원"
        ],
        "description": "모든 접시 2,200 원 균일가 !\n80여종 이상의 다양한 메뉴로 골라 먹는 재미가 확실한 노원 으뜸스시 입니다.\n특허받은 초밥으로 유일무이한 초밥도 함께 경험 해보세요!!\n\n회전초밥의 으뜸이 되겠다는 다짐으로\n늘 정성과 최선을 다해서 모시겠습니다."
    },
    {
        "no": 19,
        "code": 11679297,
        "images": "https://ldb-phinf.pstatic.net/20150831_172/1441017808935VqFzL_JPEG/11679297_0.jpg",
        "name": "제일콩집",
        "adress": "서울 노원구 공릉동 633-18",
        "time": "매일 10:00~21:00 명절,설,추석/휴무(연중영업)",
        "phone": "02-972-7016",
        "op": "undefined단체석 /주차 /포장 /예약 /무선 인터넷 /남/녀 화장실 구분 /",
        "way": "태릉입구역 5번 출구에서 첫번째 골목으로 우회전, (구)북부지원 담벼락 끼고 왼쪽 위치.\n주차가능 (5대) 주변 공영주차장 이용 가능",
        "booking": "",
        "category": "한식",
        "menus": [
            "진콩국수",
            "12,000원"
        ],
        "description": "산지 직송한 100% 순수 우리콩으로, 매일 아침마다 손으로 직접 만들어서 전통의 맛과 영양이 그대로!\r\n무공해 콩요리 전문점 제일콩집 입니다."
    },
    {
        "no": 20,
        "code": 1146499581,
        "images": "https://ldb-phinf.pstatic.net/20230520_21/1684569368007oHj6v_JPEG/KakaoTalk_20230520_121053772.jpg",
        "name": "신가네칼국수",
        "adress": "서울 노원구 하계동 115-1 신가네칼국수 노원본점",
        "time": "매일 08:30~22:00",
        "phone": "0507-1314-9956",
        "op": "undefined포장 /배달 /무선 인터넷 /지역화폐 (지류형) /지역화폐 (카드형) /지역화폐 (모바일형) /제로페이 /",
        "way": "을지병원 3번출구(을지병원 응급실 뒤편)\n신가네는 노원구 하계동 을지병원 뒤에 있어요.\n노원구/하계동/서울과기대/노원을지병원 맛집으로 22년 동안 오곡을 넣어 자가제면 하는 칼국수가 시그니쳐이고 겨울에는 과메기보쌈과 생굴보쌈이 맛있습니다.\n사람을 살리는 건강 한그릇의 행복한 힐링 !!! -\n노원 칼국수맛집 입니다.",
        "booking": "https://booking.naver.com/booking/6/bizes/178481",
        "category": "한식",
        "menus": [
            "서리태콩국수",
            "8,000원"
        ],
        "description": "KBS '김영철의 동네 한바퀴', 2TV 생생정보에 소개된 노원 맛집,\n콩국수 들깨칼국수 보쌈이 맛있는 집입니다!\n신가네는 노원구 하계동 을지병원 뒤에 있어요.\n하계동/노원구/노원을지병원/서울과기대 맛집\n 22년 동안\n칼국수\n보리밥\n보쌈으로 고객님을\n만나고 있어요.\n사람을 살리는 건강한 한그릇의 행복한 힐링 !!!\n저는 노원 에서 오곡자가제면 하는\n국숫집을 하는 주인장\n신가네칼국수 김서현입니다^~^"
    },
    {
        "no": 21,
        "code": 18030542,
        "images": "https://ldb-phinf.pstatic.net/20190723_262/1563812963511S8Wzq_JPEG/5LOfPJrfYUcHAhut9JixJ1jk.jpg",
        "name": "옛날 칼국수",
        "adress": "서울 노원구 상계동 711-13",
        "time": "매일 10:30~21:45 명절 휴무",
        "phone": "02-939-6169",
        "op": "undefined단체석 /",
        "way": "노원역 8번출구와 스타벅스 사이길에 있습니다.",
        "booking": "",
        "category": "한식",
        "menus": [
            "칼국수",
            "8,500원"
        ],
        "description": "주차 불가!! 주변 공용주차장 이용 부탁드립니다."
    },
    {
        "no": 22,
        "code": 21037710,
        "images": "https://ldb-phinf.pstatic.net/20180922_94/1537597680798H46oW_JPEG/gwGd-NyRQndIOgSp09s_UXnW.jpg",
        "name": "응순가재골수제비",
        "adress": "서울 노원구 상계동 996-8",
        "time": "매일 11:00~21:00 마지막주문 20:30",
        "phone": "02-939-6778",
        "op": "undefined단체석 /",
        "way": "",
        "booking": "",
        "category": "한식",
        "menus": [
            "칼제비",
            "10,000원"
        ],
        "description": "얼큰한 맛의 수제비가 인기인 한식당입니다. 수락산 부근의 깔끔한 식당인데요. 수제비와 칼국수를 순한맛, 중간맛, 얼큰맛 3가지 중 하나로 선택해서 맛볼 수 있는 것이 특징이지요. 매콤하고 쫄깃한 수제비가 대표메뉴입니다."
    },
    {
        "no": 23,
        "code": 1437206324,
        "images": "https://ldb-phinf.pstatic.net/20211120_247/1637339366943GQ0kl_JPEG/DSC07554.jpg",
        "name": "수수타이",
        "adress": "서울 노원구 상계동 728-7 올림피아빌딩 110호",
        "time": null,
        "phone": "0507-1314-6949",
        "op": "undefined주차 /포장 /배달 /무선 인터넷 /지역화폐 (카드형) /지역화폐 (모바일형) /제로페이 /",
        "way": "노원역 5번 출구에서 나오셔서 KT프라자까지 약 200m 걸어오신 후 좌측 올림피아 빌딩 건물 뒤편에 위치해 있습니다.",
        "booking": "",
        "category": "음식점",
        "menus": [
            "랍무 보란",
            "15,000원"
        ],
        "description": "태국인도 인정한 오리지널 현지 스타일 태국음식점 입니다."
    },
    {
        "no": 24,
        "code": 11679566,
        "images": "https://ldb-phinf.pstatic.net/20160121_53/1453345950668ahoCs_JPEG/176071524249229_0.jpg",
        "name": "참누렁소가든",
        "adress": "서울 노원구 하계동",
        "time": "매일 11:00~22:00",
        "phone": "02-979-6400",
        "op": "undefined주차 /예약 /",
        "way": "지하철 7호선 하계역 3번 출구, 을지병원 뒤쪽에 위치.",
        "booking": "",
        "category": "한식",
        "menus": [
            "한돈 돼지갈비",
            "20,000원"
        ],
        "description": ""
    }
]