[
    {
        "no": 0,
        "code": 31197770,
        "images": "http://blogfiles.naver.net/20160218_116/wonnoboo2_1455776963751TYpRz_JPEG/_DSC0624.jpg#750x420",
        "name": "오월의종 한남점",
        "adress": "서울 용산구 한남동 743-8",
        "time": "매일 11:00~18:00 | 월요일 휴무 | 일요일 휴무",
        "phone": "02-749-9481",
        "way": "",
        "booking": "",
        "category": "카페,디저트",
        "menus": [
            "크랜베리바게트",
            "4,000원"
        ],
        "description": "이태원에서 인기를 끌고 있는 유럽풍 베이커리 오월의종 본점 한남점입니다.\n전통 프랑스 빵을 맛볼 수 있는 베이커리 오월의종은 천연효모를 사용해 만든 담백하고 건강한 발효 빵들을 판매하는 곳입니다. 이곳의 인기메뉴는 크랜베리 바게트, 무화과 호밀빵이 있습니다. 빵들이 전체적으로 자극적이지 않고 담백하며 몸에도 좋고 맛도 좋아 식사빵으로 유명세가 자자합니다."
    },
    {
        "no": 1,
        "code": 1465236583,
        "images": "https://ldb-phinf.pstatic.net/20200116_47/1579152811982WWcNX_JPEG/20200116_143256.jpg",
        "name": "MUJABEE",
        "adress": "서울 용산구 남영동 40-3",
        "time": "매일 12:00~23:00",
        "phone": "010-7736-1267",
        "op": "undefined포장 /무선 인터넷 /",
        "way": "",
        "booking": "",
        "category": "음식점",
        "menus": [
            "아메리카노",
            "4,500원"
        ],
        "description": "남영동 커피 맛집. 분위기 맛집    "
    },
    {
        "no": 2,
        "code": 19882545,
        "images": "https://ldb-phinf.pstatic.net/20190313_120/1552471880030SLMRz_JPEG/Ra_BuLfKs_l5TMPsKX-K5LJe.jpg",
        "name": "팬케익 오리지널 스토리",
        "adress": "서울 용산구 한남동 261-6 서울빌딩 대로변1층",
        "time": "평일 08:00~15:00 Last Order 14:20, 2월23일까지 휴무 | 주말 09:00~16:00 주문마감 15:00(재료소진 시 조기마감)",
        "phone": "02-794-0508",
        "op": "undefined포장 /배달 /무선 인터넷 /제로페이 /",
        "way": "큰길 대로변에 위치해있습니다\n주차 불가\n주차공간 없음 근처 유료주차장 이용 부탁드립니다",
        "booking": "",
        "category": "음식점",
        "menus": [
            "오리지널버터밀크팬케익",
            "9,300원"
        ],
        "description": "한남동 유앤빌리지 근처의 자그마한 팬케이크 전문점입니다. 팬케이크를 기본으로 와플, 오믈렛 등의 메뉴를 판매하고 있습니다. 오믈렛과 팬케이크, 베이컨 등이 한접시에 올라간 뚱땡이 콜로라도 오믈렛이 인기메뉴입니다."
    },
    {
        "no": 3,
        "code": 19873391,
        "images": "https://ldb-phinf.pstatic.net/20190413_111/1555149600138cOiFJ_JPEG/tB684GqQojBxo6fkXfmTl3tn.jpeg.jpg",
        "name": "스탠딩커피 경리단길점",
        "adress": "서울 용산구 이태원동 568",
        "time": "공휴일 08:00~23:00 | 주말 08:00~23:00 | 평일 07:00~23:00",
        "phone": "0507-1423-0427",
        "op": "undefined무선 인터넷 /반려동물 동반 /제로페이 /",
        "way": "",
        "booking": "",
        "category": "카페,디저트",
        "menus": [
            "espresso",
            "3,000원"
        ],
        "description": ""
    },
    {
        "no": 4,
        "code": 12851539,
        "images": "https://ldb-phinf.pstatic.net/20230726_31/1690340251010MyB6d_JPEG/KakaoTalk_20230719_151703169_03.jpg",
        "name": "패션5",
        "adress": "서울 용산구 한남동 729-74 SPC빌딩",
        "time": "매일 07:30~22:00",
        "phone": "02-2071-9505",
        "op": "undefined주차 /발렛파킹 /포장 /배달 /예약 /무선 인터넷 /남/녀 화장실 구분 /",
        "way": "6호선 한강진역 3번 출구 방향 3분\n검은색 건물\n건물 1층 (패션5)\n지하 1층 (패션5 테라스)",
        "booking": "https://booking.naver.com/booking/6/bizes/770105",
        "category": "카페,디저트",
        "menus": [
            "비 마이 러브",
            "65,000원"
        ],
        "description": "패션파이브 Passion5점입니다. 네이버 스마트주문에서 간편하게 주문하세요!"
    },
    {
        "no": 5,
        "code": 11571524,
        "images": "https://ldb-phinf.pstatic.net/20221229_295/1672285690502wSzad_JPEG/Screenshot_20221222-053853_Drive.jpg",
        "name": "올댓재즈",
        "adress": "서울 용산구 한남동 736-8 2층",
        "time": "공휴일 00:00~00:01",
        "phone": "02-795-5701",
        "way": "이태원역 3번출구에서 제일기획(한남동방향)으로 400m쯤 올라오시면 대로변 2층에 있습니다",
        "booking": "",
        "category": "카페,디저트",
        "menus": [
            "입장료 1인",
            "15,000원"
        ],
        "description": "1976년 문을 연 이래 우리나라 재즈의 산 증인 역할을 하는 전설적인 곳.\r\n한국 재즈의 역사가 여기에 있다. \r\nMBC에서 방영한 사랑을 그대 품 안에 라는 드라마에 촬영지로 더욱 유명해진 라이브 전문 재즈 클럽."
    },
    {
        "no": 6,
        "code": 1275721108,
        "images": "https://ldb-phinf.pstatic.net/20180619_105/1529371934734mq8TR_JPEG/MEx-dJkE0w8bS0xJDESrKg2s.jpg",
        "name": "필리스",
        "adress": "서울 용산구 용산동2가 37-5",
        "time": "매일 14:00~03:00",
        "phone": "02-749-0679",
        "way": "",
        "booking": "",
        "category": "술집",
        "menus": [
            "소고기 버거 Beef burger",
            "13,500원"
        ],
        "description": "Neighbourhood pub since 1998.\nJoin us at our new location!"
    },
    {
        "no": 7,
        "code": 11701090,
        "images": "http://blogfiles.naver.net/20160222_27/eyejohajdy_1456139929894Y2RS5_JPEG/SAM_0241.JPG#900x600",
        "name": "도이치하우스",
        "adress": "서울 용산구 한남동 653-68 서울빌딩",
        "time": "매일 11:30~02:00 연중무휴",
        "phone": "02-794-1313",
        "op": "undefined주차 /예약 /",
        "way": "한강진역 한남2동 사무소쪽으로 나와서 100m 가봉대사관 앞에 위치.\r\n지하철 6호선 이태원역 3번 출구에서 도보 15분.",
        "booking": "",
        "category": "술집",
        "menus": [
            "예딩거 둔켈(s)",
            "8,000원"
        ],
        "description": "맥주와 소시지를 좋아하는 이들에게 인기 있는 독일식 맥주집입니다. 낮에는 식사도 되는데, 정식을 시키면 이집의 인기메뉴인 수제 소시지도 함께 나옵니다. 돼지정강이를 삶은 학센과 양배추를 절인 사우어 크라우트도 별미. 오래되어서 조금 낡은 인테리어가 단점이지요."
    },
    {
        "no": 8,
        "code": 1162806822,
        "images": "https://ldb-phinf.pstatic.net/20230725_53/1690278284008deFtK_JPEG/870F9E7C-2835-4A7C-920A-D991EA49167F.jpeg",
        "name": "주유네",
        "adress": "서울 용산구 이태원동 66-1 지1층",
        "time": null,
        "phone": "0507-1372-3406",
        "op": "undefined단체석 /포장 /예약 /무선 인터넷 /반려동물 동반 /남/녀 화장실 구분 /지역화폐 (모바일형) /제로페이 /",
        "way": "4번출구로 나와 앞으로 쭉 오시다보면 왼쪽에\n신의주 쭈꾸미가 있습니다. 그 쪽 골목으로 내려오시면 오른쪽에 주황색 문이 있습니다 : )\n퀴논길 쟈니덤플링 맞은편 골목에 위치하고 있습니다 : )",
        "booking": "https://booking.naver.com/booking/6/bizes/935156",
        "category": "술집",
        "menus": [
            "츄러스",
            "5,000원"
        ],
        "description": "이태원 퀴논길쪽 커피, 케이크, 소프트아이스크림, 피자, 맥주, 칵테일 40평 넓은 카페&펍 입니다."
    },
    {
        "no": 9,
        "code": 21547473,
        "images": "http://blogfiles.naver.net/20141013_70/cupidvenus_1413204899613eWE5a_JPEG/DSC01688.JPG#400x602",
        "name": "기네스브릿지",
        "adress": "서울 용산구 한남동 272-3 . 1층",
        "time": "매일 16:00~01:00 일요일~수요일 | 목요일 16:00~03:00 | 금요일 16:00~03:00 | 토요일 16:00~03:00",
        "phone": "02-749-9553",
        "op": "undefined단체석 /주차 /포장 /배달 /예약 /무선 인터넷 /반려동물 동반 /남/녀 화장실 구분 /제로페이 /",
        "way": "",
        "booking": "",
        "category": "술집",
        "menus": [
            "기네스",
            "11,000원"
        ],
        "description": ""
    },
    {
        "no": 10,
        "code": 1541872960,
        "images": "https://ldb-phinf.pstatic.net/20210428_197/16195726785213VYKz_JPEG/27PXSeQc5WAC2xNo4wq-doj1.jpeg.jpg",
        "name": "이태원 주식",
        "adress": "서울 용산구 이태원동 44-46",
        "time": "금요일 17:00~02:00 | 목요일 17:00~01:00 | 수요일 17:00~01:00 | 화요일 17:00~01:00 | 월요일 17:00~01:00 | 토요일 16:00~02:00 | 일요일 16:00~00:00",
        "phone": "010-7791-4193",
        "op": "undefined단체석 /포장 /예약 /무선 인터넷 /남/녀 화장실 구분 /",
        "way": "용산구청 바로옆입니다.\n녹사평역과 이태원역 사이에 위치해있으며\n녹사평역에서 도보 5분~10분거리에 위치해있습니다.",
        "booking": "https://booking.naver.com/booking/6/bizes/568419",
        "category": "술집",
        "menus": [
            "누룽지전가복",
            "58,000원"
        ],
        "description": "이태원상권에서 느끼실수 없는 한적하고 탁트인 분위기를 즐기실수 있습니다.\n이태원에서 연인과의 데이트, 친구들과의 즐거운 술자리를 원하신다면 이태원 주식으로 오셔서 입맛에 맞는 다양한 음식과 모던하고 아늑한 분위기 속에서 가볍게 들르셔서 한 잔 즐기고 가면 좋겠습니다.\n\n매일매일 신선한 재료로 메뉴하나를 드셔도 만족스러운 요리를 제공합니다.\n\n다양한 메뉴들이 있지만 메뉴 하나하나 맛을 자부하고 있습니다.\n주문즉시 조리를 시작하기 때문에 미리 예약해주시면 보다 빠르게 식사 하실 수 있습니다.\n음식 종류가 아주 다양하게 많이 준비되어 있기에 누구와 함께 오셔도 만족스러운 식사가 가능합니다.\n항상 좋은 서비스와 질 좋은 재료로 보답하겠습니다.\n\n녹사평역에서 도보 5분가량이면 도착하는 곳입니다!!"
    },
    {
        "no": 11,
        "code": 1084510277,
        "images": "https://ldb-phinf.pstatic.net/20210926_9/1632646058581nPVN7_JPEG/K9qAD87J4y_CyMFpMaF3ihGf.jpeg.jpg",
        "name": "키보",
        "adress": "서울 용산구 한강로2가 46-2",
        "time": "수요일 17:00~23:00 [L.O] 메뉴 22:00 / 주류 22:30 | 목요일 17:00~23:00 [L.O] 메뉴 22:00 / 주류 22:30 | 금요일 17:00~23:00 [L.O] 메뉴 22:00 / 주류 22:30 | 토요일 15:00~23:00 [L.O] 메뉴 22:00 / 주류 22:30 | 일요일 15:00~23:00 [L.O] 메뉴 22:00 / 주류 22:30 | 월요일 휴무 | 화요일 휴무",
        "phone": "0507-1328-4243",
        "op": "undefined무선 인터넷 /",
        "way": "삼각지역 3번출구 나와 150M 앞 웰컴금융타워 골목길로 진입 전방 100M 앞",
        "booking": "",
        "category": "술집",
        "menus": [
            "오이무침 / ピクルス",
            "6,000원"
        ],
        "description": "희망을 전달하는 작은 가게\n일본식 타치노미 선술집"
    },
    {
        "no": 12,
        "code": 1414413246,
        "images": "https://ldb-phinf.pstatic.net/20201006_78/1601981584037SW0Ct_JPEG/A-r-qONobm-pMbRsAlOnGbTX.jpg",
        "name": "평화남영",
        "adress": "서울 용산구 남영동 64-1 1, 2층 평화",
        "time": "목요일 17:00~00:00 | 수요일 17:00~00:00 | 화요일 17:00~00:00 | 월요일 17:00~00:00 | 금요일 17:00~01:00 | 토요일 16:00~01:00 | 일요일 16:00~00:00",
        "phone": "0507-1352-1587",
        "way": "",
        "booking": "",
        "category": "술집",
        "menus": [
            "삼치회(금어기5월~7월)",
            "변동가격(업주문의)"
        ],
        "description": "워크인 - 오픈 1시간 전부터 현장에서 워크인 웨이팅을 받고 있습니다. 오셔서 적으시고 오픈 시간에 맞춰오시면 되세요!\n(오픈 후 호명 시 현장에 없으면 다음 팀으로 넘어갑니다.)\n\n-\n\n예약 - 월~금 18:00 / 토, 일, 공휴일 16:00 까지\n가능하시며, 이후엔 워크인 방문 부탁드릴께요.\n\nDM으로 예약 시 하기 형식으로 보내주시면 보다 원활한 예약을 도와드릴 수 있습니다.\n\nex) 11/6 금요일 / 17:00 / 김평화 / 4인 / 테이블 /\n 010-xxxx-xxxx\n\n-\n\n그리고 룸은 6인 이상 예약 및 이용 가능하시며,\n두 팀의 예약 일이 겹칠 시\n- 평일17:00 ~ 20:00 / 주말16:00 ~ 19:00\n- 평일20:00 ~ 24:00 / 주말19:00 ~ 22:00\n2부 제로 운영할 계획입니다.\n위 사항 참고하셔서 예약 문의 부탁드려요!\n늘 시간내어 찾아주셔서 감사합니다 :)"
    },
    {
        "no": 13,
        "code": 1857623446,
        "images": "https://ldb-phinf.pstatic.net/20201003_85/1601699734601v66XM_JPEG/PPXhcbI0JJwCTjRnk5mwS7Qc.jpg",
        "name": "어항로",
        "adress": "서울 용산구 한강로2가 24-2",
        "time": "토요일 16:00~01:00 | 금요일 17:30~01:00 | 목요일 17:30~00:00 | 수요일 17:30~00:00 | 화요일 17:30~00:00 | 월요일 17:30~00:00 | 일요일 휴무",
        "phone": "0507-1491-1185",
        "op": "undefined단체석 /예약 /",
        "way": "삼각지역 3번출구에서 3분",
        "booking": "",
        "category": "술집",
        "menus": [
            "생! 해물모둠",
            "39,000원"
        ],
        "description": "예약관련 문의는 가급적 문자 주시면 확인후 연락드리겠습니다!! 010 4513 1180"
    },
    {
        "no": 14,
        "code": 1651146709,
        "images": "https://ldb-phinf.pstatic.net/20200405_113/158607290553981NA3_JPEG/qwNa5Wb1iwmdo8laZKb4UbOM.jpg",
        "name": "네번째집",
        "adress": "서울 용산구 이태원동 130-8",
        "time": "매일 16:00~02:00",
        "phone": "0507-1304-4421",
        "op": "undefined단체석 /포장 /배달 /예약 /무선 인터넷 /남/녀 화장실 구분 /지역화폐 (지류형) /지역화폐 (카드형) /지역화폐 (모바일형) /제로페이 /",
        "way": "이태원역 4번 출구로 나와 골목길로 가는 계단을 내려가다 보면 나오는 골목길에서부터 네번째집",
        "booking": "",
        "category": "술집",
        "menus": [
            "김치곱도리탕",
            "35,000원"
        ],
        "description": "안녕하세요 네번째집입니다.\n예약은 따로 안되면\n테이블링 원격줄서기 가능합니다!\n주차공간은 없으며 주변에 유료주차장\n용산구청.한남공용주차장 이용 가능합니다."
    },
    {
        "no": 15,
        "code": 37002840,
        "images": "https://ldb-phinf.pstatic.net/20200124_248/1579841572194zqafo_PNG/xRbeUsr3JjmgDiEViRMATCT7.PNG.png",
        "name": "부다스벨리",
        "adress": "서울 용산구 이태원동 457-1",
        "time": "매일 11:30~22:00 (Kitchen Break Time: 15:30-16:30)",
        "phone": "1666-2753",
        "op": "undefined단체석 /발렛파킹 /포장 /배달 /예약 /무선 인터넷 /남/녀 화장실 구분 /지역화폐 (카드형) /지역화폐 (모바일형) /제로페이 /",
        "way": "녹사평역 1번 or 3번출구에서 육교를 건너 오른쪽 방향으로 5분 정도 걸어 오시면 1층에 위치합니다.\n(차량으로 오시는 경우, 경리단에서 이태원 초등학교 방면으로 일방통행 가능합니다.)",
        "booking": "https://booking.naver.com/booking/6/bizes/65070",
        "category": "음식점",
        "menus": [
            "텃만꿍(4pc)",
            "14,300원"
        ],
        "description": "부다스벨리는 전국에 32곳인 타이셀렉트 인증 레스토랑 중에서도 단 8곳 뿐인 최상등급, 시그니처 인증을 받은 레스토랑입니다. 전원 태국인으로 구성 된 셰프진과 함께, 더욱 즐거운 시간 보내실 수 있도록 노력하겠습니다.\n\n매일 3:30-4:30까지는 재료준비를 위한 주방 브레이크 타임입니다:). 매장 이용과 음료주문은 가능합니다.\n\n[주차안내]\n\n<발렛파킹>\n매장 앞의 작은 주차공간에 다른 차량 통행 가능하게 주차해주신 후, 차 키를 두고 내리신 후 직원에게 문의해주세요.\n[발렛파킹 요금안내]\n기본 2시간-5,000원\n매장 내 체류시 이후 10분당 1,000원\n퇴장 시 이후 10분당 2,000원\n\n<동호 주차장>\n주차장 이용을 원하실 시, 동호 민영 주차장을 이용해주세요.\n[동호 주차장 요금안내]\n1시간-4,000원\n2시간-8,000원\n3시간-12,000원\n\n1인 1메뉴 주문과, 외부음식 반입 금지를 원칙으로 하고있습니다.\n\n애견동반은 매장 입구 옆, 야외좌석 이용시에만 가능합니다 :)\n(동계이용불가)"
    },
    {
        "no": 16,
        "code": 11700589,
        "images": "https://ldb-phinf.pstatic.net/20150831_235/1441023284713CSro7_JPEG/11700589_0.jpg",
        "name": "우스마니아",
        "adress": "서울 용산구 이태원동 137-56 지하1층",
        "time": "매일 11:00~22:00 연중무휴",
        "phone": "02-798-7155",
        "way": "이태원소방서 건너편 길로 들어가 하얏트호텔 방향으로 걸어서 50미터 지점에 위치.\r\n지하철 6호선 이태원역 1번 출구에서 도보 5분.",
        "booking": "",
        "category": "음식점",
        "menus": [
            "치킨 탄두리 마샬라",
            "20,000원"
        ],
        "description": "파키스탄인의 패밀리 네임 중 하나를 뜻하는 우스마니아는 아담하고 조용한 유럽의 작은 카페에 온 듯한 인상을 줍니다. 하지만 벽에 걸려있는 양탄자와 소품들이 곧 파키스탄 음식점임을 알게 합니다."
    },
    {
        "no": 17,
        "code": 11710883,
        "images": "https://ldb-phinf.pstatic.net/20150831_208/1441025937543B9tB2_JPEG/156155406172687_0.jpg",
        "name": "곽경찬의 시골밥상",
        "adress": "서울 용산구 한남동 738-17",
        "time": "매일 00:00~24:00 연중무휴",
        "phone": "02-793-5390",
        "op": "undefined단체석 /",
        "way": "6호선 한강진역 2번출구 전방 200m 거리에 위치.\r\n6호선 이태원역 2번 출구에서 도보 15분.",
        "booking": "",
        "category": "한식",
        "menus": [
            "시골밥상",
            "9,000원"
        ],
        "description": ""
    },
    {
        "no": 18,
        "code": 19882242,
        "images": "https://ldb-phinf.pstatic.net/20200721_199/1595330888564SNPHH_JPEG/XaOfvdQi5fneO8D1M2w-X6QV.jpeg.jpg",
        "name": "나리의 집",
        "adress": "서울 용산구 한남동 738-24",
        "time": "토요일 14:00~00:00 | 금요일 14:00~00:00 | 목요일 14:00~00:00 | 수요일 14:00~00:00 | 화요일 14:00~00:00 | 월요일 14:00~00:00 | 일요일 16:00~00:00 둘째, 넷째 일요일 휴무 / 명절 휴무",
        "phone": "02-793-4860",
        "way": "",
        "booking": "",
        "category": "한식",
        "menus": [
            "삼겹살 150g",
            "14,000원"
        ],
        "description": "냉동 대패 삼겹살과 파무침이 인기있는 고깃집입니다. 생고기를 숙성시킨 후 다시 얼리는 과정을 반복하여 쫄깃한 삼겹살의 질감을 낸다고 합니다. 충남 홍성에서 매년 가을에 담가 지하에 보관했다 내놓는 김치와 매콤한 파무침이 고기와 곁들여 나옵니다. 주인 할머니가 손수 띄워 내놓는 청국장은 점심 메뉴로 인기있다고 하네요."
    },
    {
        "no": 19,
        "code": 37463836,
        "images": "https://ldb-phinf.pstatic.net/20211117_1/1637159040225RbU7p_JPEG/C37ECCC3-29D7-48CF-AC96-8553E876A8BA.jpeg",
        "name": "Ginos NY Pizza",
        "adress": "서울 용산구 이태원동 457-3 2층",
        "time": "매일 11:30~22:00 휴무일 없이 주7일 운영 됩니다.  | 평일 11:30~22:00 휴무일 없이 주7일 운영 됩니다.  | 주말 11:30~22:00 휴무일 없이 주7일 운영 됩니다.  | 공휴일 11:30~22:00 휴무일 없이 주7일 운영 됩니다.  | 목요일 11:30~22:00 평일 월 ~ 금 브레이크타임 15:00 - 17:00 있습니다. | 수요일 11:30~22:00 평일 월 ~ 금 브레이크타임 15:00 - 17:00 있습니다. | 화요일 11:30~22:00 평일 월 ~ 금 브레이크타임 15:00 - 17:00 있습니다. | 금요일 11:30~22:00 평일 월 ~ 금 브레이크타임 15:00 - 17:00 있습니다. | 월요일 11:30~22:00 평일 월 ~ 금 브레이크타임 15:00 - 17:00 있습니다.",
        "phone": "0507-1403-2234",
        "op": "undefined단체석 /포장 /배달 /무선 인터넷 /반려동물 동반 /제로페이 /",
        "way": "녹사평역 1번 출구로 나오셔서 정면 육교를 건넌후 오르쪽 오르막길로 120미터 올라오시면\n코리아노스 2층에 위치해있습니다.\n주차는 불가하며 주차를 원하시면 용산구청 주차장을 이용해주세요 감사합니다.",
        "booking": "",
        "category": "음식점",
        "menus": [
            "브루클린스베스트(R)",
            "29,000원"
        ],
        "description": "안녕하세요? 지노스 피자입니다.^^\n\n저희는 도우, 피자소스, 디핑소스 하나까지 뉴욕 그대로의 방식으로 모두 직접 만들고 있습니다. 또한 모든 재료를 미국에서 직접 수입하여 뉴옥의 '찐' 맛을 재현하고 있습니다.\n\n이를 인정 받아 '수요미식회', '생방송 투데이'에도 반영되어 극찬을 받게 되었습니다.\n\n또한 뉴욕의 맛을 잊지 못하시는 다수의 연예인, 설렙, 운동 선수들의 단골 집이기도 합니다.\n\n대표적으로는 <신동엽, 제시, 슈퍼비, 넉살, 김종국, 홍진영, 뉴이스트 아론, 헨리, 로꼬, 빈지노>등이 있습니다.\n\n저희 지노스피자 가 사랑을 받는 이유는 이태원에서 맛집을 찾고, 용산에 있는 수 많은 피자집 중에서 저희 지노스 피자를 찾아와 주시는 손님들 덕분이라 생각합니다.\n\n앞으로도 지노스피자는 이태원에서 맛집을 찾는 손님분들이 뉴욕 정통 그대로의 피자 맛을 느끼실 수 있는 공간으로 거듭 발전하겠습니다."
    },
    {
        "no": 20,
        "code": 31139796,
        "images": "https://ldb-phinf.pstatic.net/20150902_85/1441123149723cAn7i_JPEG/156155504667199_0.jpg",
        "name": "한남 북엇국",
        "adress": "서울 용산구 한남동 73-2",
        "time": "평일 08:00~00:00 브레이크타임 : 오후 3시~4시 30분 | 일요일 08:00~21:00",
        "phone": "02-2297-1988",
        "way": "",
        "booking": "",
        "category": "음식점",
        "menus": [
            "북엇국",
            "8,000원"
        ],
        "description": "한남오거리 인근에 자리 잡은 부침개 안주가 인기인 술집입니다. 실내 한쪽에 식당에 다녀간 연예인의 사인 종이가 한가득 채워져 있어 이곳의 인기를 짐작게 하는데요, 김치전과 감자전, 해물파전, 한우육전을 비롯한 각종 전류를 비롯해 북엇국삼합, 수육, 묵 무침 등 술 한 잔과 함께 안주 삼기 좋은 다양한 메뉴를 선보이지요."
    },
    {
        "no": 21,
        "code": 34259237,
        "images": "https://ldb-phinf.pstatic.net/20200521_25/1590043345535zy5gK_JPEG/fl1jhFjUXw-LcgV6KgzGRaLx.jpeg.jpg",
        "name": "아르모니움",
        "adress": "서울 용산구 한남동 657-37 아르모니움",
        "time": "매일 12:00~22:00 브레이크타임 15시-17시30분, 라스트오더 14:00, 20:30 | 일요일 12:00~21:00 브레이크타임 15시-17시30분, 라스트오더 14:00, 20:30",
        "phone": "0507-1400-3972",
        "op": "undefined단체석 /발렛파킹 /예약 /무선 인터넷 /남/녀 화장실 구분 /",
        "way": "이태원역 3번 출구(제일기휙 방면) 한강진역 3번출구 (제일기휙 방면)순천향병원과 제일 기획 사이에 위치하며 대로변에 있습니다 .\n사운즈 한남 옆입니다.\n이태원역과 한강진역, 한남역 중간 쯤에 위치해있습니다",
        "booking": "https://booking.naver.com/booking/6/bizes/105535",
        "category": "음식점",
        "menus": [
            "부라타 치즈와 토마토",
            "28,000원"
        ],
        "description": "한남동에 위치한 아름다운 분위기의 이탈리안 레스토랑입니다. 라틴어로 조화(harmony) 라는 이름의 의미를 가지고 있는 아르모니움에서는 현대적이고 고급스러운 이탈리안 음식을 맛 보실 수 있습니다. 테라스와 정원, 프라이빗 룸이 준비 되어 있어 소중한 분과의 식사 뿐만 아니라 비즈니스 모임에도 적합한 레스토랑입니다. 예쁜 분위기와 조화로운 공간의 아르모니움에서 가장 기억에 남는 식사를 즐겨보세요."
    },
    {
        "no": 22,
        "code": 11609593,
        "images": "https://ldb-phinf.pstatic.net/20230518_107/1684376987023gYN2d_JPEG/2023lunch0.jpg",
        "name": "비손",
        "adress": "서울 용산구 한남동 733-70",
        "time": "매일 12:00~14:30 점심 | 매일 17:30~22:00 저녁  (Last Order 9시30분) | 매일 14:30~17:30 BREAK TIME | 일요일 휴무 매주 일요일 쉽니다",
        "phone": "02-790-0479",
        "op": "undefined단체석 /발렛파킹 /예약 /지역화폐 (모바일형) /제로페이 /",
        "way": "하얏트 호텔 정문에서 한남동 방면 골목길로 약 200m 두갈래 길에서 왼쪽길로 30m 직진하면 우측에 있습니다.",
        "booking": "https://booking.naver.com/booking/6/bizes/748955",
        "category": "음식점",
        "menus": [
            "해산물 오일 파스타",
            "29,000원"
        ],
        "description": "안녕하세요? 행복한 시간을 선사하는 30년 전통의 한남동 비손 레스토랑입니다.\n알자스 지방의 골목 식당을 그대로 재현한 인테리어와 프렌치 어니언 스프, 에스까르고, 부야베스, 스테이크 등 한국인들도 좋아하는 프렌치 요리를 현지의 맛 그대로 즐기실 수 있습니다.\n한남동과 용산이 이어지는 남산의 중심에서도 가장 빼어난 경관을 자랑하는 곳에 위치한 비손 레스토랑은 주변에는 그랜드 하얏트 호텔, 리움 미술관, 대사관저, 삼성 영빈관 승지원 등 아름답고 품격 있는 건축물들도 많아, 식사를 하시는 동안은 물론, 오가는 길까지 즐기실 수 있습니다."
    },
    {
        "no": 23,
        "code": 1125647880,
        "images": "https://ldb-phinf.pstatic.net/20230524_294/1684933809826vofOg_JPEG/IMG_5067.jpeg",
        "name": "uphill namsan",
        "adress": "서울 용산구 이태원동 5-27 2층",
        "time": null,
        "phone": "0507-1481-2001",
        "op": "undefined단체석 /포장 /예약 /무선 인터넷 /반려동물 동반 /남/녀 화장실 구분 /",
        "way": "tulip 건물 안으로 들어오시면 바로 2층으로 올라가는 계단이 보입니다.\n\n주차는 이태원2동 공영주차장 이용을 부탁드립니다.",
        "booking": "",
        "category": "음식점",
        "menus": [
            "어필 스테이크",
            "39,000원"
        ],
        "description": "경리단길 오르막길 끝자락, 캐주얼 다이닝 바 uphill 입니다.\n\nuphill namsan에는 private room과 guest room, 두가지 타입의 룸이 있습니다.\n\nprivate room은 4명부터 10명까지 이용 가능하며, 룸 안에 남산타워 전망의 프라이빗 테라스가 있습니다.\n\nguest room은 2명부터 6명까지의 모임에 적합하며, 노을을 바라보며 조용히 대화할 수 있는 공간입니다.\n\n룸은 아니지만 남산타워를 가장 가까이 감상할 수 있는 2명부터 6명까지 이용 가능한 테이블의 living room 공간이 있습니다.\n\n그리고 테이블은 남산타워가 살짝 보이는 square table과 거울 앞에 있어 사진이 잘 나오는 round table이 있습니다.\n\n마지막으로 술과 음식을 편하게 즐기실 수 있는 bar 역시 마련되어 있으니 편하게 방문 부탁드립니다.\n\n예약은 '캐치테이블'에서 가능하며, bar 좌석은 전화 또는 인스타그램 DM으로 예약 부탁드립니다."
    },
    {
        "no": 24,
        "code": 34857269,
        "images": "http://blogfiles.naver.net/20160212_239/so6198_1455209884869oOmhJ_JPEG/81%B6%F3%B8%E0%C1%FD-10.jpg#900x600",
        "name": "라멘81번옥 한남점",
        "adress": "서울 용산구 한남동 557-4",
        "time": "매일 11:30~22:00",
        "phone": "070-8119-6770",
        "way": "",
        "booking": "",
        "category": "일식",
        "menus": [
            "시오라멘",
            "7,000원"
        ],
        "description": ""
    }
]