[
    {
        "no": 0,
        "code": 11624237,
        "images": "http://blogfiles.naver.net/20160320_29/j_oohee_1458478599745c9X04_JPEG/IMG_6846.JPG#1600x1066",
        "name": "가양칼국수버섯매운탕",
        "adress": "서울 영등포구 여의도동 43-3 홍우빌딩 지하 1층",
        "time": "매일 11:30~21:30 Last order 21:00, 명절휴무",
        "phone": "0507-1399-0438",
        "op": "undefined주차 /포장 /",
        "way": "5호선 여의도역 5번 출구 증권거래서 끼고 63빌딩 방향으로 200m 가면 미원빌딩 지나 서울은행 옆 홍우빌딩 지하 1층에 위치.",
        "booking": "",
        "category": "한식",
        "menus": [
            "가양칼국수버섯매운탕",
            "13,000원"
        ],
        "description": "- 비 오는 날 더 생각나는 국물 한 모금 버섯 칼국수.\r\n- 칼칼하면서도 담백한 국물 맛을 자랑하는 곳.\r\n- 쫄깃하게 익은 버섯과 통통한 면발의 칼국수가 여성들의 입맛을 사로 잡았다."
    },
    {
        "no": 1,
        "code": 11850974,
        "images": "https://ldb-phinf.pstatic.net/20170722_164/1500681606388IWD2X_JPEG/186672493025861_0.jpeg",
        "name": "향복집",
        "adress": "서울 영등포구 여의도동 45-11 지하1층",
        "time": "평일 11:00~22:30 Break time 15:00 ~ 17:00 | 주말 11:00~21:00 | 공휴일 11:00~21:00",
        "phone": "0507-1423-9441",
        "op": "undefined단체석 /주차 /포장 /배달 /예약 /무선 인터넷 /남/녀 화장실 구분 /제로페이 /",
        "way": "여의도 국민은행 건너편 신한은행 있는건물 지하",
        "booking": "",
        "category": "해물,생선요리",
        "menus": [
            "복찜",
            "50,000원"
        ],
        "description": "40년간 여의도 직장인들의 사랑을 받아온 향복집입니다.\n대영빌딩에서 주택건설회관(신한은행건물)로 이전하였습니다. 보다 나은 서비스로 보답하겠습니다."
    },
    {
        "no": 2,
        "code": 18581551,
        "images": "https://ldb-phinf.pstatic.net/20200617_286/159237146864442Yka_JPEG/lf_pSfFFDzKKAixwvCsq_biS.jpg",
        "name": "여의도양지탕본관",
        "adress": "서울 영등포구 여의도동 14-2",
        "time": "평일 09:00~22:00 | 주말 09:00~21:30",
        "phone": "02-784-0065",
        "way": "",
        "booking": "",
        "category": "음식점",
        "menus": [
            "양지탕",
            "10,000원"
        ],
        "description": "국회의사당역 인근에 자리 잡은 한식당입니다. 소의 양지 부위를 넣고 끓인 탕을 일컫는 양지탕이 인기 메뉴인 곳이지요. 양지를 넣고 푹 고아 낸 육수에 양짓살과 밥을 말아서 뚝배기에 내어주고 소면과 썬 대파는 따로 내주는데요, 소면과 공깃밥은 원하는 만큼 드실 수 있습니다."
    },
    {
        "no": 3,
        "code": 11605244,
        "images": "https://ldb-phinf.pstatic.net/20180616_72/1529118628525QSC5c_JPEG/63_31159.jpg",
        "name": "워킹온더클라우드",
        "adress": "서울 영등포구 여의도동 60 59층",
        "time": "평일 11:30~15:00 런치 (코스/세미뷔페) | 평일 17:30~22:00 디너 (코스,단품) | 주말 11:00~13:00 런치 1부 (코스/세미뷔페) | 주말 13:30~15:30 런치 2부 (코스/세미뷔페) | 주말 17:00~19:00 디너 1부 | 주말 19:30~21:30 디너 2부",
        "phone": "0507-1400-5904",
        "op": "undefined단체석 /주차 /예약 /남/녀 화장실 구분 /",
        "way": "",
        "booking": "https://booking.naver.com/booking/6/bizes/83854",
        "category": "음식점",
        "menus": [
            "Brunch on the cloud",
            "63,000원"
        ],
        "description": "Romantic Sky Dining\n한강과 서울 도심이 한눈에 내려다 보이는 유럽 정원풍 분위기의 가든 레스토랑에서의 식사를 즐길 수 있는 공간으로 구성된 로맨틱 다이닝 레스토랑 입니다.\n\n* 사전 예약 필수이며,\n 당일방문(워크인,Walk-in) 고객의 입장이 제한됩니다.\n\n[ 운영 시간 ]\n- 주중 런치 가든샐러드바 11:30 - 15:00\n- 주말,공휴일 런치 (가든샐러드바 / 코스)\n  런치 1부: 11:00 - 13:00\n  런치 2부: 13:30- 15:30\n\n-주중 디너 코스 17:30 - 22:00\n-주말,공휴일 디너 1부 17:00 - 19:00\n-주말,공휴일 디너 2부 19:30 - 21:30\n\n* 좌석 수\n- 가든레스토랑 100석\n- ROOM 2실 (6 - 40석)\n- 연인석 32석\n\n* 예약문의\n  02.789.5904"
    },
    {
        "no": 4,
        "code": 11678773,
        "images": "https://ldb-phinf.pstatic.net/20150817_105/1439805626093qwrM1_JPEG/166767593044276_0.jpg",
        "name": "진주집",
        "adress": "서울 영등포구 여의도동 36-2 지하 1층",
        "time": "평일 10:00~20:00 | 토요일 10:00~19:00 | 공휴일 휴무 10/4, 11 임시공휴일 19:00까지 영업 | 일요일 휴무",
        "phone": "02-780-6108",
        "op": "undefined단체석 /주차 /포장 /예약 /",
        "way": "5호선 여의도역 5번 출구.",
        "booking": "",
        "category": "한식",
        "menus": [
            "냉콩국수",
            "14,000원"
        ],
        "description": "영등포구 여의도동 맛집 진주집 입니다."
    },
    {
        "no": 5,
        "code": 13157346,
        "images": "https://ldb-phinf.pstatic.net/20190116_9/1547571116678c95ee_JPEG/Q5EZeA_qqr-in9V0DC_qHZYJ.jpg",
        "name": "라메흐꺄도",
        "adress": "서울 영등포구 문래동6가 29 신일아르디세 1층",
        "time": "매일 10:50~21:50 Break Time : 오후 3:30 - 오후4:30 / 명절휴무",
        "phone": "0507-1379-5989",
        "op": "undefined단체석 /주차 /포장 /배달 /예약 /무선 인터넷 /남/녀 화장실 구분 /",
        "way": "문래역 3번출구로 나와 나온 방향으로 약 1km 직진후 문래동대우이안아파트쪽으로 우회전후 103m 직진 후 좌측방향\n양평역 2번 출구 도림천역 방향 400m 직진, 좌측 건너편 신동아아파트  뒤쪽도로 맞은편.",
        "booking": "",
        "category": "음식점",
        "menus": [
            "간장게장A세트 암게大(2인)",
            "84,000원"
        ],
        "description": "한류 관광 가이드북에 소개된 맛집\n서울 간장게장 맛집\n연예인들이 많이 찾는 맛집\n\n귀한 음식,,귀한 사람과 귀한 시간을 보내고 싶은 곳.\n 한번 맛보면 잊을 수 없는 맛으로\n 문래동 간장게장전문점 '라메흐꺄도'\n\n실한 게와 건강을 담은 장의 만남으로\n맛과 건강 모두 챙겨가세요\n\n한번 맛보면 헤어나오지 못하는 '맛과 정성'으로\n고객님의 미각과 기분을 행복하게 해드리겠습니다"
    },
    {
        "no": 6,
        "code": 13017157,
        "images": "https://ldb-phinf.pstatic.net/20150817_11/1439805320367tOeu5_JPEG/166767588538174_0.jpg",
        "name": "또순이네집",
        "adress": "서울 영등포구 양평동4가 81 오오1004빌딩",
        "time": "매일 11:30~22:00 손님 점심식사(된장찌개) 시간 11:30 - 14:30",
        "phone": "02-2672-2255",
        "op": "undefined단체석 /주차 /포장 /예약 /남/녀 화장실 구분 /",
        "way": "",
        "booking": "",
        "category": "한식",
        "menus": [
            "토시살",
            "33,000원"
        ],
        "description": "또순이네는 넓은 주차장과 품위 있고 아늑한 실내 인테리어에 넉넉한 인심까지 또순이네는 우리의 입맛과 눈길, 마음을 사로잡기에 충분합니다. \r\n가족단위의 모임은 물론 귀한 손님 접대에 어울리는 또순이네에 오셔서 맛있는 식사와 즐거운 시간을 가지시길 바랍니다.\r\n최고의 맛으로 최상의 서비스를 드리는 또순이네가 되겠습니다. 감사합니다."
    },
    {
        "no": 7,
        "code": 13171873,
        "images": "https://ldb-phinf.pstatic.net/20230414_103/1681448337718210N7_JPEG/%C7%D1%BE%E7%BF%F8_%B8%F0%C0%BD%C4%C6.jpg",
        "name": "한양원 여의도본점",
        "adress": "서울 영등포구 여의도동 44-36 센터빌딩 1층",
        "time": "평일 11:30~23:00 명절 당일 휴무 | 주말 11:30~22:00",
        "phone": "0507-1469-9311",
        "op": "undefined단체석 /주차 /포장 /예약 /무선 인터넷 /남/녀 화장실 구분 /장애인 편의시설 /",
        "way": "자동차로 오시면은 주차장완비 되어있구요~~\n9호선 샛강역 2번 출구로 KBS별관 따라100M 정도 오시면\n왼편에있는 빌딩(센타빌딩) 1층에 위치해 있습니다.\n5호선 여의도역 5번출구로 나오셔서 우체국끼고 우회전하셔서\n도보로 5분정도 걸으시면 왼편에 씨티은행이 보이시고 그다음\n빌딩 1층에 위치해 있습니다.",
        "booking": "https://booking.naver.com/booking/6/bizes/762488",
        "category": "한식",
        "menus": [
            "대창구이",
            "36,000원"
        ],
        "description": "15년 전통의 양과 대창구이 전문점\n\n믿고 방문하는 한양원입니다.\n\n오늘도 믿고 찾아 주신 고객님들께 진심으로 감사 인사드립니다.\n\n저희 한양원은 남녀노소 연령불문 누구나 좋아하는 메뉴! 하지만 고급과는 멀게 느껴지는 [대창과 특양구이]를 고급스러운 공간에서 제공하고 있습니다.\n\n편견 없이 100% 한양원의 맛을 선물해 드리고 싶은 마음으로 최대 130석, 다양한 모임이 가능한 쾌적한 환경을 구성하고 있습니다.\n\n그리고 손님의 입장으로 음식이 먹고 싶을 때? 못 먹는다면 그 슬픔을 알고 있습니다. 좋아하는 매장이 먹고 싶을 때 문을 열지 않는다면 그 상실감도 매우 크겠지요.\n\n한양원은 항상 여러분과 함께 하고자 브레이크 타임 없이 새벽 2시까지 여러분의 곁에서 함께 하고 있습니다. 새벽 방문도 언제나 환영합니다\n\n가장 중요한 맛 역시 매우 자신 있습니다. 남들보다 늦게 하루를 마무리하지만 누구보다 일찍 하루를 시작하기도 합니다.\n\n신선하고 좋은 식재료를 구입하기 위해서 마장동 한우 거래처와 가락동 농수산물 시장을 매일 같이 방문하고 있습니다. 사입과는 다른 본연의 진한 맛을 경험하실 수 있습니다!\n\n이렇게 남기면 너무 자랑 같겠지만, 한양원의 자랑스러운 안승국쉐프님은 mbn '건강한밥상'에 4개월간 출연한 맛에 장점을 가진 특별한 분이시기도 합니다.\n\n15년의 시간, 그리고 그 시간을 함께 한 전국에서 찾아온 15만 명 이상의 고객님들. 한 분 한 분의 소중함을 알고 언제나 맛과 서비스에 진심을 다하겠습니다.\n\n진심의 한양원과 오랜 시간 함께해 주셔서 감사합니다.\n\n**주차장 보유 (무료주차)\n**와인/양주 콜키지 프리\n**도보 여의도역 5분, 샛강역 1분"
    },
    {
        "no": 8,
        "code": 11679247,
        "images": "https://ldb-phinf.pstatic.net/20200515_249/15895338673428RnqE_JPEG/0Y_Fh-IDlJYFbsT49nvrUrnw.jpg",
        "name": "슈치쿠",
        "adress": "서울 영등포구 여의도동 60 58층",
        "time": "평일 11:30~15:00 LUNCH TIME | 평일 17:30~22:00 DINNER TIME | 토요일 11:30~13:00 LUNCH TIME 1 | 토요일 13:30~15:00 LUNCH TIME 2 | 토요일 17:30~19:30 DINNER TIME 1 | 토요일 20:00~22:00 DINNER TIME 2 | 일요일 11:30~13:00 LUNCH TIME 1 | 일요일 13:30~15:00 LUNCH TIME 2 | 일요일 17:00~19:00 DINNER TIME 1 | 일요일 19:30~21:30 DINNER TIME 2",
        "phone": "0507-1401-5751",
        "op": "undefined단체석 /주차 /예약 /남/녀 화장실 구분 /",
        "way": "",
        "booking": "https://booking.naver.com/booking/6/bizes/114122",
        "category": "일식",
        "menus": [
            "홀(런치/디너)",
            "75,000~132,000원"
        ],
        "description": "장인 정신과 현대적 감각이 만난 웰빙 하이엔드 일식당\n붉은 대나무라는 뜻의 슈치쿠는 대나무와 칠기의 붉은색을 디자인 컨셉으로 장인 정신과 현대적 정서가 어우러진 웰빙 하이엔드 일식당입니다.\n\n[오마카세]\n한강뷰를 바라보며 제철 최고의 식재료를 이용한 조리장의 최고급 일식 오마카세를 경험해 보실 수 있습니다.\n\n<스시카운터 이용안내>\n* 사전예약 필수이며, 당일 예약 및 취소 불가합니다.\n (당일 예약 취소 시 위약금이 부과됨을 양해바랍니다.)\n* 예약시간에 맞게 입장부탁드립니다.\n* 스시카운터는 노키즈존으로 운영됩니다.\n\n[돌파티]\n소중한 우리 아이의 첫 생일\n프라이빗한 공간에서 잊지 못할 추억을 만들어 드리겠습니다.\n\n[비즈니스]\n품격있는 공간에서 성공적인 비즈니스를 위한 특별한 자리를 만들어드립니다.\n\n[상견례 및 가족모임]\n특별한 날 편안한 공간속에서 슈치쿠만의 감동의 서비스로 소중한 추억을 남겨드리겠습니다.\n\n* 주류반입이 불가하오니,이 점 양해바랍니다.\n  (콜키지 이용 불가능)\n* 홀, 스시카운터는 노키즈존으로 운영됩니다.\n  (어린이동반고객은 룸 한정 이용가능합니다.)"
    },
    {
        "no": 9,
        "code": 1765241369,
        "images": "https://ldb-phinf.pstatic.net/20200801_45/1596222267992KLSCF_JPEG/rvJS3os8Pk7-HVJuiu3EjrNl.jpeg.jpg",
        "name": "작은술집원지",
        "adress": "서울 영등포구 당산동3가 151-2 101호",
        "time": "매일 15:00~01:00",
        "phone": "0507-1356-7511",
        "op": "undefined단체석 /포장 /예약 /무선 인터넷 /반려동물 동반 /장애인 편의시설 /제로페이 /",
        "way": "4번출구 뒷쪽에 위치.\n3번출구이용시 건너면으로 건너야해요!!\n작은골목에 숨어있는 쪼꼬미 술집.",
        "booking": "https://booking.naver.com/booking/6/bizes/427643",
        "category": "술집",
        "menus": [
            "부타노가쿠니",
            "22,000원"
        ],
        "description": "좁고 작은 골목의 술집입니다.\n데이트 및 소모임,혼술도 가능하며 조용하게 즐기실 수 있는 공간입니다:-)\n전화예약,네이버예약 모두 가능합니다.\n10평남짓 테이블6개 있는 작은술집입니다.\n이용시간은2시간으로 제한되며, 제한이 필요하지 않을시 따로 말씀드립니다.\n당일취소 및 당일노쇼시 인당 1만원의 비용이 발생합니다.\n*네이버예약 체크가 안될시 전화바랍니다*"
    },
    {
        "no": 10,
        "code": 19867330,
        "images": "https://ldb-phinf.pstatic.net/20211213_207/16393868779326f2XN_JPEG/%B8%DE%C0%CE.jpg",
        "name": "란나타이",
        "adress": "서울 영등포구 여의도동 43-4",
        "time": "매일 11:30~22:00 일요일휴무 | 일요일 휴무",
        "phone": "02-782-8284",
        "op": "undefined단체석 /주차 /포장 /예약 /",
        "way": "롯데캐슬아이비 지하1층 으로 오시면됩니다\n주차서비스 : 지하주차장 2시간 무료",
        "booking": "",
        "category": "음식점",
        "menus": [
            "팟타이",
            "13,000원"
        ],
        "description": "여의도에 위치한 태국음식 전문점입니다. 새우, 소고기 등으로로 만든 태국식 메인 요리와 각종 커리와 쌀국수, 그리고 전병, 크로켓 등의 애피타이저 메뉴가 준비되어 있습니다. 새우, 오징어 등의 해산물을 당면과 함께 매콤하게 무쳐낸 얌운센과 소고기와 버섯에 각종 야채를 넣고 후추로 볶아낸 느아 나암만 호이가 인기 메뉴입니다. 란나타이는 미얀마의 침략으로 지금은 멸망한 태국의 고대 국가 이름이라고 합니다."
    },
    {
        "no": 11,
        "code": 1745704811,
        "images": "https://ldb-phinf.pstatic.net/20211203_270/1638524121790Peaoj_JPEG/%C7%AE%BC%A6%B8%F0%C0%BD_%281%29-049%A1%DA.JPG",
        "name": "채윤희",
        "adress": "서울 영등포구 문래동3가 58-2 2층",
        "time": "매일 17:00~22:00 | 토요일 17:00~22:00 | 금요일 17:00~22:00 | 일요일 17:00~22:00 | 목요일 17:00~22:00 | 수요일 17:00~22:00 | 화요일 17:00~22:00 | 월요일 17:00~22:00",
        "phone": "070-7799-8292",
        "way": "",
        "booking": "",
        "category": "술집",
        "menus": [
            "모둠회 (2인)",
            "29,000원"
        ],
        "description": ""
    },
    {
        "no": 12,
        "code": 481624431,
        "images": "https://ldb-phinf.pstatic.net/20170706_74/1499300169677ogll7_JPEG/1493812319657.jpg",
        "name": "올드문래",
        "adress": "서울 영등포구 문래동2가 14-28",
        "time": "월요일 10:00~01:00 | 화요일 10:00~01:00 | 수요일 10:00~01:00 | 목요일 10:00~02:00 | 금요일 10:00~02:00 | 토요일 12:00~02:00 | 일요일 12:00~00:00",
        "phone": "010-6259-4336",
        "op": "undefined단체석 /포장 /무선 인터넷 /남/녀 화장실 구분 /제로페이 /",
        "way": "문래역 7번출구 도보 5분거리.\n문래우체국 근처입니다.",
        "booking": "",
        "category": "술집",
        "menus": [
            "에스프레소",
            "4,000원"
        ],
        "description": "문래동에 위치한 올드문래 라고 합니다.\n일제시대에 지어진 목조건물을 수리하여 낮에는 카페. 5시 이후에는 수제맥주펍으로 운영됩니다.\n14가지의 국내외 수제맥주를 판매하고 있으며. 소세지.치킨.피시앤칩스. 포테이토 프라이즈. 나쵸등이 안주로 준비되어 있습니다."
    },
    {
        "no": 13,
        "code": 1249308472,
        "images": "https://ldb-phinf.pstatic.net/20201202_225/1606908058978YhsVg_JPEG/Q_Rg75MarzTvfCG9vhcXyls_.jpeg.jpg",
        "name": "몽담",
        "adress": "서울 영등포구 영등포동3가 3-4 1F 정문입구 1F 2F",
        "time": "매일 17:00~03:00",
        "phone": "0507-1419-5579",
        "op": "undefined단체석 /예약 /무선 인터넷 /남/녀 화장실 구분 /",
        "way": "",
        "booking": "https://booking.naver.com/booking/6/bizes/449116",
        "category": "술집",
        "menus": [
            "버터오징어땅콩",
            "16,900원"
        ],
        "description": "마치 꿈을 꾸는 듯 한 느낌으로\n사랑하는 이들과 즐거움을 함께하는 공간을 디자인한 몽담은\n\n대한민국 No.1 노래연습장 브랜드 락휴에서 13년만에 심사숙고 끝에 출시한 Second Brand로\n고객들의 오감을 충족시켜드리기 위해 탄생한 요리주점입니다.\n\n화려한 조명, 몽환적인 분위기, 감각적인 음악, 맛있게 다채로운 메뉴, 럭셔리 룸 등 여태껏 일반 주점에서 느껴보지 못한 경험을\n여러분께 선물합니다."
    },
    {
        "no": 14,
        "code": 1685025188,
        "images": "https://ldb-phinf.pstatic.net/20200203_14/158071733638795yEX_JPEG/IMG_0786_%BC%F6%C1%A4.JPG",
        "name": "비어바나",
        "adress": "서울 영등포구 문래동2가 12-8",
        "time": "토요일 13:00~01:00 13:00~15:00 음식 불가, 맥주 및 음료 가능 | 일요일 13:00~00:00 13:00~15:00 음식 불가, 맥주 및 음료 가능 | 평일 15:00~01:00",
        "phone": "02-2634-6277",
        "op": "undefined단체석 /포장 /배달 /예약 /무선 인터넷 /반려동물 동반 /남/녀 화장실 구분 /지역화폐 (카드형) /제로페이 /",
        "way": "문래동우체국 옆골목\n지하철: 2호선 문래역 7번출구\n버스: 6211, 6516, 영등포12(문래우체국, 문래예술공단)\n주차: 문래근린공원 공영주차장",
        "booking": "https://booking.naver.com/booking/6/bizes/608137",
        "category": "술집",
        "menus": [
            "치킨가라아게토핑 떡볶이",
            "21,500원"
        ],
        "description": "3층짜리 철공소 건물을 개조한 비어바나에서 편안하고 특별한 경험을 해보세요. 신선한 수제맥주, 맛있는 식사와 안주, 독특한 아트 워크, 탁 트인 루프탑이 모두 있습니다. 양조장 투어 및 공간 대여도 가능합니다."
    },
    {
        "no": 15,
        "code": 1623378142,
        "images": "https://ldb-phinf.pstatic.net/20230608_197/1686211775701bk7cB_JPEG/KakaoTalk_20230602_140934724_24.jpg",
        "name": "당산의밤",
        "adress": "서울 영등포구 당산동6가 304-2 홍익빌딩1층",
        "time": null,
        "phone": "02-2069-0585",
        "op": "undefined예약 /무선 인터넷 /",
        "way": "2호선 당산역 2번출구 무중력지대 좌측 옆 금색 철문\n\n네비 이용 시\n옛주소: 당산동6가 304-2\n도로명: 서울 영등포구 당산로 233 홍익빌딩1층\n\n당산역술집!!\n'당산의밤'\n\n*전화문의*\n02-2069-0585\n\n*영업시간*\n월 - 토 17:00 - 01:00\n- 매주 일요일 정기휴무 -",
        "booking": "https://booking.naver.com/booking/6/bizes/625504",
        "category": "술집",
        "menus": [
            "한우육회무침",
            "29,000원"
        ],
        "description": "당산역이자카야!!\n영등포와인!!\n\n안녕하세요. 당산역 1, 2번 출구 인근 분위기 좋고\n맛은 더 좋아 많은 분들이 찾아오시는 당산의밤\n인사 올립니다.\n\n저희 당산의밤은 당산역에서 가까워 접근성이 좋아\n퇴근 후 만나서 한잔하기 딱 좋은 곳입니다.\n\n특히, 와인부터 전통주, 하이볼, 위스키 등의\n다양한 주종과 여러가지 안주를 골라 먹는 재미는\n좋은 사람과 함께 즐거운 추억을 만들 수 있습니다.\n\n매장에서 사용하는 모든 식재료는\n주인장께서 매일 오전 직접 공수하여 준비하고 있으며\n재료가 신선하지 않으면 마련되지 않는 메뉴도 있으니\n참고 부탁드립니다.\n\n*전화문의*\n02-2069-0585\n\n*영업시간*\n월 - 토 17:00 - 01:00\n- 매주 일요일 정기휴무 -"
    },
    {
        "no": 16,
        "code": 1784676960,
        "images": "https://ldb-phinf.pstatic.net/20221203_36/1670054871179RiWrm_JPEG/KakaoTalk_20220101_174300026_12.jpg",
        "name": "나니별관",
        "adress": "서울 영등포구 영등포동4가 105-3 1층 나니별관",
        "time": "평일 17:00~02:00 | 주말 17:00~02:00 일요일 휴무",
        "phone": "0507-1341-4875",
        "op": "undefined단체석 /예약 /무선 인터넷 /남/녀 화장실 구분 /",
        "way": "",
        "booking": "https://booking.naver.com/booking/6/bizes/451182",
        "category": "술집",
        "menus": [
            "모듬꼬치",
            "25,000원"
        ],
        "description": "이자카야 나니별관 입니다.\n02-2631-3993"
    },
    {
        "no": 17,
        "code": 36785537,
        "images": "https://ldb-phinf.pstatic.net/20220908_109/1662611973389IWLuo_JPEG/5827E650-7E38-4129-9E34-E5C56A4154AB.jpeg",
        "name": "준무",
        "adress": "서울 영등포구 문래동2가 60-2",
        "time": "매일 05:00~02:00 *영업시간안내 5:00-02:00/일요일 휴무",
        "phone": "0507-1327-7861",
        "op": "undefined단체석 /예약 /무선 인터넷 /남/녀 화장실 구분 /",
        "way": "문래공원 맞은편에 위치하고 있습니다. 화인바 바로 옆",
        "booking": "",
        "category": "술집",
        "menus": [
            "모듬사시미 12종 3ps",
            "40,000원"
        ],
        "description": "이자카야 준무 입니다. 도림로445로 이전하였습니다"
    },
    {
        "no": 18,
        "code": 38003252,
        "images": "https://ldb-phinf.pstatic.net/20220808_75/1659937470782QsVCQ_PNG/20220808_144138.png",
        "name": "더핸드",
        "adress": "서울 영등포구 당산동1가 449",
        "time": "일요일 휴무 매월 첫째주 월요일 휴무 | 목요일 18:00~01:00 라스트오더 24시  | 수요일 18:00~01:00 라스트오더 24시  | 화요일 18:00~01:00 라스트오더 24시  | 월요일 18:00~01:00 라스트오더 24시  | 토요일 18:00~24:00 라스트오더 24:30 | 금요일 18:00~24:00 라스트오더 24:30",
        "phone": "0507-1312-8438",
        "op": "undefined예약 /무선 인터넷 /",
        "way": "* 영등포구청역 2호선 5번 출구로 나와 100m가량 직진하시면 위치해 있습니다\n(도보 3분 거리)\n\n* 영등포구청역 5호선 6번 출구로 나와 신호등 건너 문래동 방향 50m 직진하시면 위치해 있습니다 (도보 3분 거리)\n- 당산 포레나 맞은편 골목에 위치해 있습니다\n\n* 주차 정보\n- 매장 맞은편 세한 빌딩 유료주차장 이용 가능합니다.\n\n*네이버 지도 이용 시 더욱 쉽게 찾아오실 수 있습니다.",
        "booking": "",
        "category": "술집",
        "menus": [
            "1인 사시미 (혼술전용)",
            "16,000원"
        ],
        "description": "영등포구청 근처에는 츠모토식 숙성법을 이용한 숙성회를 맛볼 수 있다고!?\n\n안녕하세요 '더핸드' 입니다.\n\n저희는 전 좌식 다찌로 되어있어, 일본 현지인 이 이용하는 조그만 이자카야를 간접 경험하실 수 있습니다\n\n9~10종류의 생선회를 츠모토식 숙성법으로 숙성하여 제대로 된 숙성회를 즐기실 수 있습니다\n\n그 외에도, 다양한 메뉴로 여유로운 술 한 잔을 즐기실 수 있도록 가성비 좋은 술집이 되도록 항상 최선을 다하겠습니다\n\n오늘도 찾아주셔서 감사합니다 ^^"
    },
    {
        "no": 19,
        "code": 1871644159,
        "images": "https://ldb-phinf.pstatic.net/20180703_165/1530613463698t9ryk_JPEG/ycNsjl14bwKncqSZfFrSHtvQ.jpg",
        "name": "코지마",
        "adress": "서울 영등포구 여의도동 54-2",
        "time": "목요일 11:30~23:00 break time 14:00-17:30 | 수요일 11:30~23:00 break time 14:00-17:30 | 화요일 11:30~23:00 break time 14:00-17:30 | 금요일 11:30~23:00 break time 14:00-17:30 | 월요일 11:30~23:00 break time 14:00-17:30 | 토요일 휴무 | 일요일 휴무 | 공휴일 휴무",
        "phone": "02-785-1302",
        "op": "undefined단체석 /무선 인터넷 /남/녀 화장실 구분 /",
        "way": "샛강역 3번출구에서 도보 150m 직진하시면 인도네시아 대사관옆 진주상가 2층에 있습니다.",
        "booking": "",
        "category": "술집",
        "menus": [
            "모듬꼬치11종",
            "39,000원"
        ],
        "description": "일본 정통식 숯불꼬치구이와 계절생선구이 및 다양한 안주들이 준비되어 있습니다.\n소주,맥주,사케,와인,칵테일등 일본식 안주와 잘 어울리는 다양한 주류들이 준비되어 있습니다."
    },
    {
        "no": 20,
        "code": 1546943891,
        "images": "https://ldb-phinf.pstatic.net/20210315_234/1615789752685SdHyn_JPEG/is8xkwiNlE1nsXf65rjE-Dq6.JPG.jpg",
        "name": "쥬빌리쇼콜라띠에 여의도점",
        "adress": "서울 영등포구 여의도동 23-10 1층",
        "time": "평일 07:00~22:00 | 주말 10:00~18:00 | 공휴일 10:00~18:00",
        "phone": "0507-1372-7221",
        "way": "",
        "booking": "",
        "category": "카페,디저트",
        "menus": [
            "퓨어",
            "5,500원"
        ],
        "description": ""
    },
    {
        "no": 21,
        "code": 1580770357,
        "images": "https://ldb-phinf.pstatic.net/20221110_21/1668070793270nCyUR_JPEG/%A4%A1%A4%A1_%287%29.JPG",
        "name": "러스트 베이커리",
        "adress": "서울 영등포구 문래동2가 42-19 러스트베이커리",
        "time": "매일 11:00~22:00",
        "phone": "070-8805-0815",
        "op": "undefined포장 /배달 /무선 인터넷 /남/녀 화장실 구분 /",
        "way": "",
        "booking": "",
        "category": "카페,디저트",
        "menus": [
            "퀸아망 얼그레이",
            "4,500원"
        ],
        "description": "문래동 러스트 베이커리 입니다.\n케이크, 푸딩, 페스츄리등 30여가지의 다양한 베이커리와\n기본적인 커피음료, 시즌마다 바뀌는 음료가 준비되어 있습니다.\n넓고 쾌적한 매장이며 2층, 3층에는 루프탑 테라스 공간이 있습니다."
    },
    {
        "no": 22,
        "code": 687104906,
        "images": "https://ldb-phinf.pstatic.net/20170526_195/14957712764547WjT5_JPEG/186475415131029_0.jpeg",
        "name": "코끼리베이글",
        "adress": "서울 영등포구 양평동3가 69 코끼리베이글",
        "time": "매일 08:30~00:00 ■마감시간은 재료 소진 시 까지입니다■        ☆차량 이용 고객☆ 가까운 구청별관 공영 주차장을 이용 바라겠습니다.",
        "phone": "070-4184-0082",
        "way": "영등포구정별관 옆 대한제분 건너편 경인고속도로고가 밑 수하공단 안쪽이 아닌 도로쪽에 위치하고 있습니다.\n[차량 이용 고객]\n가까운 구청별관 공영 주차장을 이용 바라겠습니다.\n<마감시간 재료 소진 시 까지>\n<주말,공휴일 판매 개수 5개 제한>\n※화덕장작불에 하나 하나 수작업으로 구워지다보니 생산량에 제한이 있어 부득이하게 개수 제한을 두게 된 점 양해부탁드립니다.",
        "booking": "",
        "category": "카페,디저트",
        "menus": [
            "플레인베이글",
            "2,200원"
        ],
        "description": "[차량 이용 고객]\n가까운 구청별관 공영 주차장을 이용 바라겠습니다.\n<마감시간 재료 소진 시 까지>\n<주말,공휴일 판매 개수 8개 제한>\n※화덕장작불에 하나 하나 수작업으로 구워지다보니 생산량에 제한이 있어 부득이하게 개수 제한을 두게 된 점 양해부탁드립니다."
    },
    {
        "no": 23,
        "code": 1139102374,
        "images": "https://ldb-phinf.pstatic.net/20230531_164/1685529354219JqtFf_JPEG/KakaoTalk_20230515_195215080_2.jpg",
        "name": "로스톤",
        "adress": "서울 영등포구 대림동 726-7 1-4층",
        "time": null,
        "phone": "0507-1388-1820",
        "op": "undefined단체석 /포장 /무선 인터넷 /남/녀 화장실 구분 /장애인 편의시설 /",
        "way": "",
        "booking": "",
        "category": "카페,디저트",
        "menus": [
            "아이스크림커피",
            "6,500원"
        ],
        "description": "[ 로스톤(Lostone) 건축&브랜드 스토리 ]\n\nLostone, 로스톤은 로스트 스톤(Lost stone)의 약자로, 현대도시와 그 속의 일상에서 상실된 것을 상징하고 그것을 다시 회복하는 장소를 의미합니다. 거대한 스톤은 역사적으로 인간의 열망과 신화 미스테리 그리고 자연에 대한 경외감 등을 담아내는 모뉴먼트로 사용되어 왔으나 합리주의적 현대건축/도시에서 점차 사라졌습니다.\n\n대지가 위치한 대림동은 국내 최대의 차이나타운과 중국인들이 살고 있는 지역으로 한국과 중국문화가 충돌 혹은 교류하는 곳이라 할 수 있는데, 로스톤은 한-중 산수화의 전통에서 공통적으로 나타나는 기암괴석의 초현실적 풍경을 재해석하여 자연에 대한 감수성과 현대도시에서 사라진 문화적 모뉴먼트를 귀환시키고자 합니다.\n\n또한 일종의 '건축적인 바위산' 로스톤을 통해 서울시 최저 녹지(공원)비율, 최대 외국인 거주지인 대림동의 슬럼화와 문화적 편견에 저항하며 차이나타운의 장소성을 드러내는 하나의 계기가 되기를 바랍니다.\n\n로스톤 갤러리&카페는 새로운 문화와 세대를 거쳐 재해석된 '기암괴석의 초현실적 풍경'과 '직접 생성되는 고급 로스터리 커피로 휴식'을 제공하는 브랜드입니다. 약 3년 간 건축과 준비를 거쳐 가오픈 하였으며, 최고급 머신과 자체 로스팅으로 맛있는 스페셜티 커피와 어디에서도 볼 수 없는 독특한 건물의 외관 및 인테리어로 즐거운 경험을 드리고자 합니다.\n\n-\n\n[ 머신 라인업 ]\n- 로링 (Loring S15 Falcon)\n- 로이스트 (ROEST S100)\n- 시네소 (SYNESSO MVP HYDRA 3gr)\n- 푸어스테디 (POURSTEADY PS1 5-cup system)\n- 마밤 (MAVAM UNDER COUNTER)\n- 말코닉 (MAHLKONIG EK43)\n- 메저 (MAZZER Robur S, MAJOR VP)\n- 마르코 (Marco MIX UC8 & Font)\n\n[ 원두 라인업 ]\n- 에티오피아 (Ethiopia Yirgacheffe G1 Haru Suke)\n- 콜롬비아 (Colombia San Francisco Caturra)\n- 과테말라 (Guatemala El Socorro Maracaturra)\n- 케냐 (Kenya Kaguyu AB TOP)\n- 콜롬비아 디카페인 (Colombia Excelso Decaf)\n\n*가오픈 중이며 운영시간 및 메뉴 등이 변경될 수 있습니다.\n*주차공간이 협소합니다. 공영주차장과 남부도로사업소 주변 IoT공유주차장 이용가능합니다.\n*바쁠 시 전화연결 어려울 수 있는 점 양해부탁드립니다."
    },
    {
        "no": 24,
        "code": 32112454,
        "images": "http://blogfiles.naver.net/MjAyMDAxMDNfNCAg/MDAxNTc4MDE3MTg5OTMz.EdLatbH9iRB_GyvOq7hazAa2IZvGl8VamNVE73QollAg.FcT_e7j3oMXEXzUXpUE69qsj4GPJ1EHF5qvfKOIJw4Yg.JPEG.1004coucou/4-2.jpg#1400x940",
        "name": "상진다방",
        "adress": "서울 영등포구 문래동2가 14-84",
        "time": "매일 07:00~18:00 | 토요일 07:00~15:00 | 일요일 휴무",
        "phone": "02-2677-3554",
        "way": "",
        "booking": "",
        "category": "카페,디저트",
        "menus": [
            "쌍화차",
            "5,000원"
        ],
        "description": ""
    }
]