[
    {
        "no": 0,
        "code": 21016709,
        "images": "https://ldb-phinf.pstatic.net/20220613_165/1655114132969TBp48_JPEG/Untitled-6.jpg",
        "name": "싸리골",
        "adress": "서울 은평구 갈현동 468-3",
        "time": "평일 11:30~22:30 | 토요일 11:30~22:30 | 일요일 16:00~22:30",
        "phone": "0507-1339-3086",
        "op": "undefined단체석 /주차 /포장 /예약 /무선 인터넷 /제로페이 /",
        "way": "구산역 4번출구에서 구산사거리 방향으로 직진해주세요.\n역촌중앙시장 입구에 위치 해 있습니다.",
        "booking": "",
        "category": "한식",
        "menus": [
            "생삼겹살",
            "16,000원"
        ],
        "description": "※국산 배추와 고춧가루로 담근 김치※ (점심 특선 김치찌개는 ~ 15시까지)\n※오리지널 생삼겹※ (기계를 사용하지 않고 칼로 썰어 나갑니다.)\n※직접쟤는 국물 갈비※ (신선한 갈빗살과 목살로 숙성시킨 진짜 갈비)\n\n싸리골을 찾아주셔서 감사합니다.\n기본의 충실한 맛으로 보답 하겠습니다."
    },
    {
        "no": 1,
        "code": 1562899594,
        "images": "https://ldb-phinf.pstatic.net/20211104_98/1636021049353tIe91_JPEG/7fWDYJWv5sDxmGfMh8I7HIfW.jpg",
        "name": "제주마실",
        "adress": "서울 은평구 응암동 599-5 1층",
        "time": "평일 11:30~23:00 | 주말 11:30~23:00 | 화요일 휴무",
        "phone": "0507-1438-6180",
        "op": "undefined단체석 /주차 /무선 인터넷 /지역화폐 (카드형) /지역화폐 (모바일형) /제로페이 /",
        "way": "1) 도보 이용시(8분)\n- 새절역 1번 출구에서 도보 8분 거리\n- 새절역 2번 출구에서 도보 9분 거리\n\n2) 자가용 이용시\n- 도로명 : 서울특별시 은평구 응암로13길 11-10 1층\n- 지번 : 서울특별시 은평구 응암동 599-5 1층\n\n[주차정보]\n- 맞은편 주차장에 주차 가능",
        "booking": "",
        "category": "한식",
        "menus": [
            "14일 숙성 제주흑돼지오겹살",
            "23,000원"
        ],
        "description": "대한민국에서 제일 친절하고 맛있는 고기집이 되겠다는 다짐으로 만들어진 제주마실입니다.\n\n고기집하기 전에 일반 소비자였던 저는 고기집에 대해 의아한 점이 있었습니다\n\n저는 3명의 아이가 있는 부모이자\n소중한 사람들과 도란도란 식사를 하는것을 좋아하는 소비자였습니다.\n그런데 왜 숯불고기집은 왜 항상 매케한 공기로 아이들의 숨을 막히게할까?\n시끌벅적한 분위기로 입에 들어가는지 코에 들어가는지 알 수 없을정도로 정신 없이 먹어야 할까?\n소리치고 크게 욕을하며 대화하는 사람 옆에서 우리 아이들과 소중한 사람들이 맛을 음미하며 먹을 수 있을까?\n고기집은 절대 안 되고 이탈리안 레스토랑 에서만 차분하고 고급지게 먹을 수 있는걸까?\n\n이런 고민들 끝에\n연기가 매장으로 퍼지지 않도록 한풍구 모터를 더욱 강하게 돌리고\n정신 없는 분위기로 드시지 않게, 텐션이 너무 높은 분들께 양해를 구하고\n소리치고 크게 욕을 하며 직원에게 무례한 행동을 하시는 손님에게는 정중하게 서비스를 거절했습니다\n제주마실을 열었습니다\n물론 북적북적하고 술집같은 고기집을 원하시는 소비자분들도 계시겠지요.\n하지만 저희 제주마실은 지금의 영업방식을 절대 포기하지 않겠습니다.\n\n저희 제주마실에 방문하시면 글이 쓰여진 액자가 두 개 있습니다.\n\n첫 번째 액자엔 제주마실 영업방칙에 대한 글입니다.\n\n'제주마실은 조용하고 편안한 분위기로\n대접 받는 듯 한 식사를 할 수 있는\n공간을 만들기 위한 주인의 뜻에 따라 탄생했습니다.\n부디 이 공간을 이용하시는 고객께서는 이 점 이해하시어\n옆테이블에 말 소리 때문에 불편함이 없게\n조용히 말씀해 주시길 부탁드립니다'_ 미분당에 쓰여진 글\n\n이 글이 익숙하신 분들이 계시지요?\n쌀국수집 '미분당'에 갔다가 너무 감명깊어\n제주마실에도 써서 걸어놨습니다.\n\n그리고 두 번째 액자에는\n\n공정서비스 권리 안내문이 있습니다\n\n우리 직원이 고객에세 무례한 행동을 했다면\n직원을 내 보내겠습니다.\n\n그러나 우리 직원에게 무례한 행동을 하시면\n고객을 내 보내겠습니다.\n\n상품과 대가는 동등한 교환입니다.\n\n우리 직원들은 훌륭한 고객들에게\n마음 깊이 감사를 담아 서비스를 제공하겠지만\n무례한 고객에게까지는 그렇게 응대하도록\n교육하지는 않겠습니다.\n우리 직원들은 언제 어디서 무슨 일을 하든지\n항상 존중받아야 할 훌륭한 젊은이들이며,\n누군가에게는 금쪽같은 자식이기 때문입니다.\n\n직원에게 인격적 모욕을 느낄 언어나 행동,\n큰 소리로 떠들거나 아이들을 방치하여\n\n다른 고객들을 불편하게 하는 행동을\n하실 경우에는 저희가 정중하게 서비스를\n거부할 수 있음을 알려드립니다'_ 스노우포스 대표 글\n\n이렇게 두 가지의 액자가 있습니다\n\n둘 다 너무너무 중요한 내용들이지만\n둘 중 하나를 굳이 골라야한다면\n저는 망설임 없이 공정서비스 권리를 선택할 것 입니다.\n\n저희 제주마실에서 일 하는 모든 직원들은\n누군가에게 당연 소중한 존재이며,\n언제 어디서든 빛나고 존중받아야 하는\n하나의 소중한 인격체입니다.\n\n저희 직원들이 훌륭한 손님들께\n최고의 서비스를 제공하도록 교육하겠습니다.\n그러니 항상 하나의 인격체로 존중해주시길 부탁드립니다.\n\n저희 제주마실은 단순한 고기집이 되고싶지 않습니다.\n'대접받는'기분이 드는 고기집이 되고 싶습니다.\n\n단순히 고기를 대신 구워주는게 아닌\n고기 한 점 한점에 의미를 담고\n손님 입에 들어가는\n한 입 한 입이 감동일 수 있도록\n5가지 정도 먹는법을 알려드립니다.\n\n처음에는 고기 본연의 맛을 느낄 수 있도록\n소금에만 톡 찍어 한 점,\n\n두 번째는 직접 만든 무쌈에\n고기와 와사비를 얹어 한 입,\n\n세번째는 직접 담군 고추짱아찌와 무쌈을\n고기와 함께 한 입 등등\n단순히 고기에 쌈장만 툭, 찍어 먹지 않고\n반찬들을 하나하나 조합하여\n같은 고기도 드실 때 마다,\n한 점 마다 다른맛으로 즐기실 수 있도록\n당담 서버가 하나 하나 섬세하게 리드해드리며\n식사하시는 동안 제주마실의 경영철학이나\n불판의 효능 등등\n저희 식당에 방문하신 걸\n후회하시지 않도록 최선을 다해서 서비스해드립니다.\n\n긴 글을 읽어주셔서 감사합니다.\n항상 최선을 다하는 제주마실이 되겠습니다.\n감사합니다 ^^"
    },
    {
        "no": 2,
        "code": 13048498,
        "images": "https://ldb-phinf.pstatic.net/20210111_84/1610353053876qk5jr_JPEG/QmgDart1ZHCL-AFCQkQt3uFp.jpg",
        "name": "이가네가마솥설렁탕",
        "adress": "서울 은평구 녹번동 141-39",
        "time": "매일 10:00~22:00",
        "phone": "02-387-2246",
        "op": "undefined단체석 /주차 /포장 /예약 /무선 인터넷 /제로페이 /",
        "way": "",
        "booking": "",
        "category": "한식",
        "menus": [
            "공기밥설렁탕",
            "12,000원"
        ],
        "description": "안녕하세요. \n저희 이가네가마솥설렁탕은 다양한 메뉴를 제공하는 설렁탕 전문점으로 저희만의 맛을 전해 드리고자 노력하고 있습니다. \n재료선별 하나에도 정성을 들여 늘 엄선된 음식재료만을 사용하여 고객 여러분이 신뢰할 수 있는 음식이 될 수 있도록 하고 있으며, 또한 어머니의 손맛과도 같은 정갈한 음식 조리로 행복의 맛을 전해 드리고 있습니다. \n최고의 맛으로 최상의 서비스를 드리고자 늘 노력하는 이가네가마솥설렁탕이 되겠습니다. 감사합니다."
    },
    {
        "no": 3,
        "code": 11816284,
        "images": "https://ldb-phinf.pstatic.net/20211229_17/1640786740454QLjDw_JPEG/%C1%A6%B8%F1%C0%BB_%C0%D4%B7%C2%C7%D8%C1%D6%BC%BC%BF%E4_-005_%281%29.jpg",
        "name": "시골감자국",
        "adress": "서울 은평구 응암동 602-32 1F/2F",
        "time": "매일 10:00~02:30",
        "phone": "0507-1432-8489",
        "op": "undefined단체석 /주차 /발렛파킹 /포장 /배달 /예약 /무선 인터넷 /남/녀 화장실 구분 /제로페이 /",
        "way": "지하철 6호선 새절역 2번 출구, 7719, 7019 버스 이용 응암 오거리 또는 대림시장 입구 하차.\n\n- 전화번호 : 02-302-8484\n- 주 소 : 은평구 응암동 602-32 시골감자국 1, 2층",
        "booking": "",
        "category": "한식",
        "menus": [
            "뼈해장국",
            "10,000원"
        ],
        "description": "안녕하세요. 백년가게 시골감자국 입니다.\n\n시골감자국을 이용해주시는 매장 고객님 그리고 배달의 민족 서비스를 이용해 주시는 모든 고객님들께 다시 한 번 고개숙여 감사드립니다.\n\n저희 시골감자국은 40년 전통을 유지하며 최고의 맛과 최고의 서비스를 고객님께 제공해 드리고자 끊임없는 노력을 하고있습니다.\n\n또한 저희 시골감자국은 매일 엄선된 국내산 최고급 돼지등뼈로 4시간이상 육수를 우려내어 깔끔한 맛을 내며 남녀노소, 어린이 누구나 먹을 수 있도록 부드러운 육질을 제공하고자 노력하고 있습니다.\n\n응암동 감자국 거리의 대표 맛집으로서 이용해주시는 모든 고객님들께 항상 변함없는 맛과 서비스로 행복을 전달해드릴 수 있도록\n항상 최선을 다하겠습니다. 감사합니다.^^*\n\n믿고 주문해주세요~ 실망시키지 않을 자신 있습니다!!\n\n오늘 하루도 즐겁고 행복한 하루 되세요~~~^^\n\n- 전화번호 : 02-302-8484\n- 주 소 : 은평구 응암동 602-32 시골감자국 1, 2층"
    },
    {
        "no": 4,
        "code": 38729306,
        "images": "https://ldb-phinf.pstatic.net/20210616_1/1623822821420RDcKJ_JPEG/2MnRCY16JuxjbPIbiYc1WPFb.jpeg.jpg",
        "name": "청솔집",
        "adress": "서울 은평구 진관동 산25-2",
        "time": "매일 10:00~20:00 연중무휴",
        "phone": "0507-1484-3015",
        "op": "undefined단체석 /주차 /포장 /예약 /무선 인터넷 /남/녀 화장실 구분 /제로페이 /",
        "way": "",
        "booking": "",
        "category": "한식",
        "menus": [
            "닭백숙",
            "70,000원"
        ],
        "description": "북한산 삼천리골 계곡 첫번째 위치한 청솔집입니다.\n일급수 맑고 투명한 계곡과 자연을 느끼며 보양식을 즐겨보세요.\n\n물놀이가 가능한 계곡과 식사 가능한 야외 넓은 평상 자리와 테이블, 따뜻한 실내도 준비 되어있어 사계절 모두 이용 가능합니다. 가족 및 단체모임 , 연인 데이트 장소로 안성맞춤입니다.\n*주차장 완비\n*보신탕 주문 예약 가능\n\n\n"
    },
    {
        "no": 5,
        "code": 47534939,
        "images": "https://ldb-phinf.pstatic.net/20220604_17/1654336108319cNYsJ_JPEG/%B5%B5%BB%F5%B1%E2_%282%29.jpg",
        "name": "도새기식당",
        "adress": "서울 은평구 갈현동 451-7 1층",
        "time": "매일 17:00~24:00 마지막주문 23시",
        "phone": "0507-1425-1210",
        "op": "undefined단체석 /예약 /무선 인터넷 /",
        "way": "서울 은평구 갈현동 451-7",
        "booking": "",
        "category": "한식",
        "menus": [
            "숙성오겹살180g",
            "17,000원"
        ],
        "description": "안녕하세요.\n은평구 연신내 1등 고기맛집 도새기식당입니다^^\n연신내 먹자골목 제일 끝자락에서 10년간 운영해온 맛집입니다.\n메인거리에서 많이 떨어져있지만 한번만 와보시면 나만알고싶은 맛집 또는\n남에게 소개해줘도 욕먹지않을 맛집으로 기억될것입니다.\n지금의 고기맛 변치않도록 노력하겠습니다^^"
    },
    {
        "no": 6,
        "code": 33078021,
        "images": "https://ldb-phinf.pstatic.net/20190502_295/1556783572889lHUj8_JPEG/A22zvtc70g0WmM5-QidFfKRz.jpg",
        "name": "가야밀냉면해물칼국수",
        "adress": "서울 은평구 진관동 277-17 북한산성상가 A동 106호",
        "time": "매일 11:00~20:00 연중무휴 (주문마감 19:30)",
        "phone": "0507-1343-5546",
        "op": "undefined단체석 /주차 /포장 /무선 인터넷 /남/녀 화장실 구분 /제로페이 /",
        "way": "스타벅스더북한산점 도보 1분거리.\n은평한옥마을에서 차로 5분거리.\n은평구 진관동에 있는 북한산성입구 초입에 위치하고 있습니다. (1주차장 바로위)",
        "booking": "",
        "category": "한식",
        "menus": [
            "❤물밀면❤",
            "10,000원"
        ],
        "description": "서울에서 먹기힘든 밀면집. 북한산성 입구에 자리 잡은 밀면 전문점. 주문 즉시 면을 뽑아 요리하며, 양이 매우 푸짐하다. 밀가루로 만든 면이지만 먹기에 부담스럽지 않다는 것이 특징이다."
    },
    {
        "no": 7,
        "code": 35444584,
        "images": "https://ldb-phinf.pstatic.net/20151024_14/1445659638669fvdXi_JPEG/SUBMIT_1445659518940_35444584.jpg",
        "name": "횟집울릉도",
        "adress": "서울 은평구 녹번동 154-30 1층",
        "time": "토요일 11:30~14:30 쉬는 시간 14:30~17:00 | 금요일 11:30~14:30 쉬는 시간 14:30~17:00 | 목요일 11:30~14:30 쉬는 시간 14:30~17:00 | 수요일 11:30~14:30 쉬는 시간 14:30~17:00 | 화요일 11:30~14:30 쉬는 시간 14:30~17:00 | 월요일 11:30~14:30 쉬는 시간 14:30~17:00 | 토요일 17:00~22:00 주문마감 9시 / 영업종료 10시 / 재료 소진시 조기 마감합니다. | 금요일 17:00~22:00 주문마감 9시 / 영업종료 10시 / 재료 소진시 조기 마감합니다. | 목요일 17:00~22:00 주문마감 9시 / 영업종료 10시 / 재료 소진시 조기 마감합니다. | 수요일 17:00~22:00 주문마감 9시 / 영업종료 10시 / 재료 소진시 조기 마감합니다. | 화요일 17:00~22:00 주문마감 9시 / 영업종료 10시 / 재료 소진시 조기 마감합니다. | 월요일 17:00~22:00 주문마감 9시 / 영업종료 10시 / 재료 소진시 조기 마감합니다. | 일요일 휴무 일요일 정기휴무 / | 공휴일 11:30~14:30 추석 & 설 전날, 당일 휴무 / 그 외 정상영업 | 공휴일 17:00~22:00 추석 & 설 전날, 당일 휴무 / 그 외 정상영업",
        "phone": "02-356-8898",
        "op": "undefined포장 /지역화폐 (지류형) /제로페이 /",
        "way": "- 주차 공간이 없습니다. 길 건너편 유니클로 옆 유료 주차장이나, 역촌역 4번출구 공영 주차장을 이용해주세요.\n\n- 가까운 버스 정류장 : 녹번초등학교.은평세무서\n(주소 : 서울특별시 은평구 녹번동 154-30 , 02)356-8898)\n\n- 역촌역 4번출구에서 최원호 병원 방향으로 4분거리, 약 200m 직진 후 오른쪽 골목에 위치. (버스정류장 바로 오른쪽 골목)",
        "booking": "",
        "category": "한식",
        "menus": [
            "모둠물회 2인분",
            "45,000원"
        ],
        "description": "서울시 은평구 녹번동(역촌역 4번출구) 위치, 물회 전문.\n\n* 평일, 토요일 : 점심 11:30~2:30, 저녁 5:00~10:00 (주문마감 9시) // (재료준비시간 2:30 ~ 5:00)\n* 일요일 : 정 기 휴 일\n* 설, 추석 전날&당일 : 휴무\n\n- 포장 주문시 전화 먼저 주시면 안내 드리겠습니다.\n- 대기팀이 많거나, 재료 소진시 조기 마감 될 수 있습니다.\n\n- 물회 재료는 계절, 해산물 채취 상황에 따라 달라질 수 있습니다.\n- 회는 10월 ~ 3월 동절기중에만 판매하고 있습니다.\n- 불광동 영업은 15년 8월 부로 종료하였습니다.\n\n안녕하세요, 횟집 울릉도 입니다.\n가게에서 준비할 수 있는 물회 소스의 양에 한계가 있기 때문에 최대치에 여유분까지 준비 하고 있으나\n손님이 많으실 경우 저녁 무렵 영업이 이르게 마감되고 있으니 참고해주시고 깊으신 마음으로 양해 부탁드립니다.\n\n항상 죄송하고 감사한 마음입니다. 더욱 좋은 방향으로 이끌어 가도록 노력하겠습니다.\n감사합니다."
    },
    {
        "no": 8,
        "code": 1816689066,
        "images": "https://ldb-phinf.pstatic.net/20210603_118/162271758830956n80_JPEG/image.jpg",
        "name": "다온카츠",
        "adress": "서울 은평구 갈현동 453-23 1.5층 다온카츠",
        "time": "매일 11:30~15:30 마지막 주문 15:00 | 매일 15:30~17:00 쉬는 시간 | 매일 17:00~21:30 마지막 주문 21:00",
        "phone": "0507-1449-9005",
        "op": "undefined포장 /제로페이 /",
        "way": "연신내역 7번출구로 나와 직진후 연신내문구를 끼고 좌회전합니다.\n200미터정도 직진해서 춘천명가닭갈비를 끼고 우회전하면\n앞에 신협이 보입니다. 신협과 안경집 사이 골목으로 들어온뒤 50미터 정도 걸으면 왼편 2층에 다온카츠가 있습니다!!",
        "booking": "",
        "category": "일식",
        "menus": [
            "갈비카츠",
            "17,000원"
        ],
        "description": "안녕하세요 다온카츠입니다.\n\n특제 갈비양념에 이틀간 숙성 시킨\n다온카츠 으뜸메뉴 갈비카츠를 필두로\n직접 발효시킨 숙성제,연육제를 활용해\n카츠를 만들고 있습니다.\n\n한국의 멸치육수와 일본의 가다랑어 육수를\n적절히 배합해 만든 다온카츠의 우동도\n카츠에 버금가는 메뉴입니다.\n\n다온카츠는 음식재료 대부분을\n국내산으로 활용해 안전하고 신선합니다.\n\n초음파세척기구를 두어\n위생관리를 철저히 신경쓰고 있습니다.\n\n감사합니다."
    },
    {
        "no": 9,
        "code": 1206243768,
        "images": "https://ldb-phinf.pstatic.net/20200515_46/1589469441689voexh_JPEG/grpugpKaOSFIqzLZp-_IG0SR.jpg",
        "name": "탕면",
        "adress": "서울 은평구 진관동 66-33",
        "time": "매일 11:00~20:50 15~17시 재료준비시간 입니다.",
        "phone": "0507-1368-0342",
        "op": "undefined주차 /포장 /무선 인터넷 /남/녀 화장실 구분 /지역화폐 (지류형) /지역화폐 (카드형) /지역화폐 (모바일형) /제로페이 /",
        "way": "1, 구파발역 1번출구로 나와 쭉 걸어오세요\n\n2, 신호등 하나 건너면 스타벅스가 있습니다\n\n3, 스타벅스 끼고 오른쪽으로 돌아서 200미터 직진하시면 오른쪽에 탕면이 보입니다.\n\n*차량이용시 건물 가운데에 주차장 입구가 있습니다.",
        "booking": "",
        "category": "중식",
        "menus": [
            "찹쌀탕수육",
            "16,000원"
        ],
        "description": "*파주운정점(5/11), 고양신원점(5/22) 오픈!\n\n*23년도 10월 경 <한고심>으로 상호만!! 변경 합니다. 지금과 같은 식당, 사장입니다! (탕면이라는 이름이 상표등록이 불가능해서 입니다. 갑자기 상호를 바꾸면 혼란스러우실 듯 하여 10월로 정했습니다.)\n*주차장 문제가 해결되었습니다!!!\n*식사하시고 차량번호 말씀 주시면 등록 도와드립니다^^\n*이용한 시간 만큼만 등록되는 점 양해 바랍니다.(최대 2시간)\n\n한국식 중화요리를 고심하여 선보입니다.\n질리지 않고 합리적인 식사를 위해 항상 노력하고 있습니다.\n매일 신선한 재료로 정성껏 대접해 드리겠습니다!\n\n***포장전화주문 가능합니다.***\n일회용기 절약을 위해서\n*짜장은 3인분 까지는 한 용기에 담아드립니다. 1인분씩 따로 담아드리기 원하시는 분은 말씀 부탁드립니다.\n*수저는 말씀주시면 같이 챙겨드립니다.\n*면은 최대한 불지 않도록 따로 담아드리고 있습니다. 포장된 면을 따듯한 물에 한번 행궈서 드시면 더욱 맛있습니다^^"
    },
    {
        "no": 10,
        "code": 1660457015,
        "images": "https://ldb-phinf.pstatic.net/20220528_228/1653675396401VKEPg_JPEG/1653675345542.jpg",
        "name": "에스유엘",
        "adress": "서울 은평구 역촌동 14-10 역촌동14-10 1층",
        "time": null,
        "phone": "0507-1397-9958",
        "op": "undefined단체석 /포장 /예약 /무선 인터넷 /반려동물 동반 /남/녀 화장실 구분 /지역화폐 (지류형) /지역화폐 (카드형) /지역화폐 (모바일형) /제로페이 /",
        "way": "역촌역 2번 출구에서 도보 5~6분",
        "booking": "",
        "category": "술집",
        "menus": [
            "등심스테이크",
            "29,000원"
        ],
        "description": "한식오마카세 점심 예약 받습니다\n전날 예약필수"
    },
    {
        "no": 11,
        "code": 38010966,
        "images": "https://ldb-phinf.pstatic.net/20220501_131/16513765744333kxLq_JPEG/Screenshot_20220501-124230_Gallery.jpg",
        "name": "구산랜드",
        "adress": "서울 은평구 갈현동 469-5 B1",
        "time": "매일 19:00~02:00",
        "phone": "02-383-5848",
        "op": "undefined주차 /무선 인터넷 /남/녀 화장실 구분 /",
        "way": "구산역 4번 출구에서 서오릉 방향으로 200미터 가량 직진하면 보이는 서서울농협건물 지하입니다.",
        "booking": "",
        "category": "술집",
        "menus": [
            "프리미엄 생맥주 (500ml)",
            "7,500~9,000원"
        ],
        "description": "- '구'릴것 같지만 '산'뜻한, 지성인들의 라라'랜드'. _\n- NO Soju / NO Minor / NO Reservation. _____\n- '5인'까지 이용하실 수 있습니다."
    },
    {
        "no": 12,
        "code": 1652671059,
        "images": "https://ldb-phinf.pstatic.net/20221011_116/1665417711584ReYHr_JPEG/DSC01450.JPG",
        "name": "느루",
        "adress": "서울 은평구 갈현동 404-24 1층 느루",
        "time": null,
        "phone": "0507-1315-9364",
        "op": "undefined무선 인터넷 /제로페이 /",
        "way": "다양한 술과 음식이 맛있는 이자카야, 저희는 연신내 느루입니다. 찾아오시는 길은 내비게이션에 '통일로 83길 18', '연신내 느루'을 검색하시면 되며 포항물회 맞은편 1층입니다^^ 대중교통 이용시에는 버스 - 753번, 7613번 등의 버스 승차 후 '갈현동성당앞' 정류장에서 하차, 도보 2분 (150m) 거리 택시 - 청구성심병원 내린 후 도보 2분 거리 (구산역에서 8분, 4,800원 요금) 연신내 맛집인 느루는 서오릉, 은평한옥마을, 고양스타필드에서는 차로 15분 거리, 불광동, 응암동, 대조동에서 차로 10분 거리에 있는 숙성회 등 다양한 요리의 맛집입니다^^",
        "booking": "https://booking.naver.com/booking/6/bizes/892997",
        "category": "술집",
        "menus": [
            "찌꾸와 이소베아게",
            "16,000원"
        ],
        "description": "다양한 술, 맛있는 음식이 있는 연신내 맛집\n느루는 순우리말로, '한번에 몰리지 아니하고 오래도록' 이라는 뜻입니다.\n\n__________________________\n연신내역에서 5분거리에 위치한 이자카야 느루는\n테이블 3개와 바테이블로 이루어진 작고, 조용한 연신내 요리주점 입니다.\n\n__________________________\n연신내 술집, 연신내 맛집으로 유명한\n느루의 주력 메뉴는 '숙성사시미' '라후테' '야끼소바' 등입니다.\n\n__________________________\n영업시간: 오후 17시 ~ 새벽 25시까지 입니다.\n\n__________________________\n연신내 데이트 코스로 추천을 많이 받는\n느루이기에 공간이 협소할 수 있습니다.\n\n가족단위 등 많은 분들이 방문하실 예정이라면 네이버 전화, 인스타DM으로 문의주시면 친절하고 정확하게 답변 드리겠습니다^^"
    },
    {
        "no": 13,
        "code": 1788964881,
        "images": "https://ldb-phinf.pstatic.net/20211221_275/1640073376684eAmk4_JPEG/%B8%F0%B5%EB%B2%BF%C4%A1_%28137%29.JPG",
        "name": "쿠로",
        "adress": "서울 은평구 갈현동 460-2 2층",
        "time": "매일 18:00~04:00",
        "phone": "010-9044-9962",
        "op": "undefined단체석 /포장 /무선 인터넷 /남/녀 화장실 구분 /지역화폐 (지류형) /지역화폐 (카드형) /지역화폐 (모바일형) /",
        "way": "연신내역 도보 1분거리 위치",
        "booking": "",
        "category": "술집",
        "menus": [
            "쿠로 모츠나베",
            "25,000원"
        ],
        "description": "저희 쿠로는,\n\n직접 오랜시간 끓여낸 간장소스와\n직접 재료들을 배합한 소금을 통해\n좋은 재료와 음식에 정성을 다해\n꼬치구이,\n\n그리고\n\n직접 만든 소스들로\n쿠로만의 정성과 특색을 담아낸\n메뉴들이 함께 있는 \n\n야키토리 중심의 이자카야입니다.\n\n예약 가능시간은,\n저녁 7시이전입니다.\n예약시 성함, 예약시간, 인원수를\n010.9044.9962로 문자 부탁드립니다 :) \n\n감사합니다.\n\ninstagram : kooro_yakitori"
    },
    {
        "no": 14,
        "code": 1362538712,
        "images": "https://ldb-phinf.pstatic.net/20200826_149/1598442055397HNYJ3_JPEG/8dkdA_PzChy2DjQrFHnGSlVX.JPG.jpg",
        "name": "주다",
        "adress": "서울 은평구 갈현동 402-17 1층 101호",
        "time": "토요일 17:00~01:00 토요일. 일요일 오후 4시 오픈!! | 일요일 17:00~01:00 토요일. 일요일 오후 4시 오픈!! | 금요일 17:00~01:00 토요일. 일요일 오후 4시 오픈!! | 목요일 17:00~01:00 토요일. 일요일 오후 4시 오픈!! | 수요일 17:00~01:00 토요일. 일요일 오후 4시 오픈!! | 화요일 17:00~01:00 토요일. 일요일 오후 4시 오픈!! | 월요일 17:00~01:00 토요일. 일요일 오후 4시 오픈!!",
        "phone": "0507-1445-2037",
        "op": "undefined무선 인터넷 /",
        "way": "연신내역 6번출구로 나와서 파리바게트 골목으로 100m 들어와서 왼쪽에 있는 \"해피데이\" 슈퍼 골목으로 들어와  20m직진하면 왼쪽에 연신내 맛집 심야식당 \"주다\"가 있습니다",
        "booking": "",
        "category": "술집",
        "menus": [
            "연어를 주다(260g)",
            "26,000원"
        ],
        "description": "연신내맛집 심야식당 “주다”는 5성급 반얀트리 호텔 출신 셰프들의 현대적인 요리를 신선한 재료와 다양한 조리법으로 손님들에게 다채롭고 건강하게 제공하기 위해 최선을 다하는 다이닝입니다"
    },
    {
        "no": 15,
        "code": 37619274,
        "images": "https://ldb-phinf.pstatic.net/20180314_128/1520985165709Cgpd1_JPEG/EmQhl8afJk1VYCgbn0Xa5MZa.jpg",
        "name": "심야식당 세이지",
        "adress": "서울 은평구 갈현동 483-3",
        "time": "매일 17:00~01:00 pm5시-am1",
        "phone": "0507-1403-7910",
        "way": "세이지 1호점은 연신내역 6번출구 맥도날드 골목에서 gs25 정면에 위치해있습니다",
        "booking": "",
        "category": "술집",
        "menus": [
            "가지하사미아게",
            "16,000원"
        ],
        "description": "1호점 심야식당세이지는 생방송투데이,하트시그널2(오영주,김현우데이트편),여성동아등\nEbs최고의요리비결(마스터출현)등\n여러방송에 소개된 연신내에 위치한 일본 오키나와풍 요리와술이함께하는\n따뜻한공간입니다"
    },
    {
        "no": 16,
        "code": 1384268694,
        "images": "https://ldb-phinf.pstatic.net/20230503_228/1683095126593FMo9K_JPEG/KakaoTalk_20230502_091038517.jpg",
        "name": "은평회관",
        "adress": "서울 은평구 대조동 15-128 2층",
        "time": "목요일 17:00~01:00 | 월요일 17:00~01:00 | 토요일 17:00~02:00 | 금요일 17:00~02:00 | 일요일 00:00~23:59 매주 일요일 휴무",
        "phone": "0507-1331-9154",
        "op": "undefined단체석 /주차 /포장 /배달 /예약 /무선 인터넷 /반려동물 동반 /지역화폐 (카드형) /지역화폐 (모바일형) /제로페이 /",
        "way": "불광역 3번출구로 나와 길 끝 횡당보도에서 오른쪽으로 지나다보면 서울병원 지나 위치해 있습니다. 서울병원과 같은라인에 위치해 있습니다.",
        "booking": "",
        "category": "술집",
        "menus": [
            "랍곱새",
            "45,000원"
        ],
        "description": "단체석 완비된 레트로 감성 술집 은평회관 입니다. 분위기와 맛있는 음식으로 술자리의 분위기를 한층 업 시키고 좋은 추억 만들어가세요.\nfeat) 불광술집,불광맛집,불광역술집,은평술집,대조동술집,우곱새,낙곱새,마늘치킨,떡볶이,우삼겹떡볶이"
    },
    {
        "no": 17,
        "code": 36827276,
        "images": "https://ldb-phinf.pstatic.net/20220616_229/1655389311049YFxtb_JPEG/EF3A4608-74DA-4CE0-9499-B996BB9E2E2D.jpeg",
        "name": "술있는부엌",
        "adress": "서울 은평구 대조동 196-1",
        "time": "매일 17:00~02:00 휴무 없음",
        "phone": "02-387-3399",
        "op": "undefined포장 /제로페이 /",
        "way": "연신내 우리은행 뒷편 \r\n별이 빛나는 밤에 윗쪽",
        "booking": "",
        "category": "술집",
        "menus": [
            "생 연어",
            "25,000원"
        ],
        "description": "맛있는 술집"
    },
    {
        "no": 18,
        "code": 1198197391,
        "images": "https://ldb-phinf.pstatic.net/20200502_134/1588403240193T5nMH_JPEG/14lOfjOsUboyJtbz4ETUIEfQ.jpeg.jpg",
        "name": "와산상회",
        "adress": "서울 은평구 응암동 599-60 1층와산상회",
        "time": "매일 18:00~04:00 매주 화요일 휴무",
        "phone": "0507-1333-0847",
        "op": "undefined단체석 /포장 /배달 /예약 /무선 인터넷 /",
        "way": "와산교 도보 200m",
        "booking": "",
        "category": "술집",
        "menus": [
            "대패한판",
            "변동가격(업주문의)"
        ],
        "description": "레트로한 분위기의 한식포차 와산상회입니다.\n많은 관심 부탁드립니다."
    },
    {
        "no": 19,
        "code": 35853736,
        "images": "https://ldb-phinf.pstatic.net/20220713_38/1657694240421YHQhf_JPEG/20220623_002846.jpg",
        "name": "술집타디스",
        "adress": "서울 은평구 불광동 281-61 1층",
        "time": "목요일 18:00~02:00 | 수요일 18:00~02:00 | 화요일 18:00~02:00 | 금요일 18:00~03:00 | 일요일 휴무 | 토요일 17:00~03:00 | 월요일 18:00~02:00",
        "phone": "0507-1350-1979",
        "op": "undefined단체석 /주차 /포장 /예약 /무선 인터넷 /남/녀 화장실 구분 /지역화폐 (지류형) /지역화폐 (카드형) /지역화폐 (모바일형) /제로페이 /",
        "way": "불광역 9번출구 베스킨라빈스 골목에 위치",
        "booking": "https://booking.naver.com/booking/6/bizes/405194",
        "category": "술집",
        "menus": [
            "레드락",
            "4,000원"
        ],
        "description": "지역 커뮤니티 센터 / 모든 주류 판매\n\n매장내 전 구역 집중환기 시스템 가동중\n(필터사용, 열교환 방식)"
    },
    {
        "no": 20,
        "code": 1101064446,
        "images": "https://ldb-phinf.pstatic.net/20200110_221/1578635866995dgAsu_JPEG/zyTz0o3esSKO4caQJB9O0TUm.jpeg.jpg",
        "name": "1인1잔",
        "adress": "서울 은평구 진관동 219",
        "time": "매일 10:00~21:00 1F,2F,3F,6F테라스 (Last order 20:30) | 월요일 휴무 (공휴일시 정상영업) | 매일 11:00~21:00 5F (Last order평일 11:00-19:00/ 주말 11:00-19:30)",
        "phone": "0507-1487-1270",
        "op": "undefined단체석 /주차 /무선 인터넷 /남/녀 화장실 구분 /",
        "way": "> 연신내역 3번출구에서 100m 직진- 7211, 701 승차- '하나고, 진관사, 삼천사 입구'에서 하차-도보 150m\n\n> 구파발역 7723 승차- '하나고, 삼천사, 진관사 입구'에서 하차- 도보 150m",
        "booking": "",
        "category": "음식점",
        "menus": [
            "아메리카노",
            "5,500원"
        ],
        "description": "1F,2F- 1인1잔 Cafe\n매일 10:00-21:00(라스트오더 20:30)\n-자리에 앉아계시면 잔으로 직접 가져다드립니다.\n-아이랑 오실경우 착석은 1,2층 가능하십니다.\n\n3F- 1인1잔 Cafe & 가리모쿠 가구매장\n                   No Kids Zone\n평일 10:00-19:00\n주말 10:00-20:00\n-1층에서 주문하시면 테이크 아웃잔으로 이용가능하십니다.\n\n4F- 1인1상 Dessert&Brunch Cafe\n                   No Kids Zone\n매일 11:00-20:00(라스트오더 19:00)\n-4층 이용고객님은 음료와 디저트 한상차림으로 4층에서만 주문받습니다.\n\n5F- 1인1상 Dessert&Brunch Cafe\n                   No Kids Zone\n매일 11:00-20:00(라스트오더 19:00)\n-5층 이용고객님은 음료와 디저트 한상차림으로 5층에서만 주문받습니다.\n\n6F- Roof Top 옥상정원\n       No Kids Zone\n매일 10:00-20:00\n-1층에서 주문하시면 테이크 아웃잔으로 이용가능하십니다.\n-5층에서 음료+디저트 세트를 주문시 직접 가져다드립니다.\n\n> 매주 월요일 쉬어갑니다. 월요일이 공휴일일 경우 정상영업합니다.\n\n> 엘리베이터는 2층 오른쪽에 있습니다. 1층부터 2층은 계단으로 이어져있습니다.\n\n> 주차장의 경우 건물 1층에 6대정도 수용할 수 있는 주차장이 있습니다.\n만차일 경우, 근처 유료 주차장 이용해주세요.\n(제휴는 되어 있지 않기 때문에, 따로 지원이 되지 않습니다)\n\n> 문의사항은 매장으로 전화주시면 친절히 안내도와드리겠습니다."
    },
    {
        "no": 21,
        "code": 1112098724,
        "images": "https://ldb-phinf.pstatic.net/20230719_174/1689737968167le6XA_JPEG/IMG_3222.jpeg",
        "name": "연서의 정원",
        "adress": "서울 은평구 불광동 310-22 연서의 정원",
        "time": null,
        "phone": "0507-1319-9700",
        "op": "undefined단체석 /포장 /무선 인터넷 /반려동물 동반 /남/녀 화장실 구분 /제로페이 /",
        "way": "다이소 골목길쪽에 있습니다.",
        "booking": "",
        "category": "음식점",
        "menus": [
            "크렘 브륄레 라떼",
            "6,000원"
        ],
        "description": ""
    },
    {
        "no": 22,
        "code": 1359253957,
        "images": "https://ldb-phinf.pstatic.net/20221125_82/1669360391418zxItN_JPEG/IMG_20220924_125126_314.jpg",
        "name": "디스위켄드",
        "adress": "서울 은평구 대조동 77-10 1층 디스위켄드",
        "time": "금요일 12:00~20:00 | 수요일 12:00~20:00 | 화요일 12:00~20:00 | 월요일 12:00~20:00 | 토요일 11:00~20:00 | 일요일 11:00~20:00 | 목요일 휴무 11/11 매장 사정으로 인한 임시 휴무",
        "phone": "070-8691-3444",
        "op": "undefined포장 /배달 /예약 /무선 인터넷 /반려동물 동반 /남/녀 화장실 구분 /",
        "way": "",
        "booking": "",
        "category": "음식점",
        "menus": [
            "우유생크림 소금빵",
            "4,500원"
        ],
        "description": "See You THIS WEEKEND\n우리의 매일이 항상 설레는 주말 같기를"
    },
    {
        "no": 23,
        "code": 1974427706,
        "images": "https://ldb-phinf.pstatic.net/20220719_65/1658212077492fQSVA_JPEG/29246269-4E32-4DDD-8926-496627E263C0.jpeg",
        "name": "해례커피",
        "adress": "서울 은평구 갈현동 430-1 1층",
        "time": "평일 12:00~23:00 | 주말 12:00~23:00",
        "phone": "02-384-1732",
        "op": "undefined단체석 /포장 /무선 인터넷 /반려동물 동반 /남/녀 화장실 구분 /",
        "way": "연신내역 7번출구에서 직진하다보면 왼쪽에 성심병원이 있습니다.\n그 방향으로 400m 직진하면 해례커피가 있습니다",
        "booking": "",
        "category": "카페,디저트",
        "menus": [
            "아메리카노",
            "4,800원"
        ],
        "description": "바리스타와 사람, 그리고 새로운 문화를 만드는 해례커피 입니다.\n\n2022 청와대 집무실 행사 초청 바리스타\n한겨레 바리스타가 매달 선택한 원두로 바뀌는 핸드드립과 블랜드 신선한 커피를 만나보세요.\n\n2017\nworld brewers cup championship of korea 1st\n\n2018\nworld syphonist championship of korea 2nd\n\n2019\nworld coffee roasting championship of korea\n심사위원\n\n2022\n청와대 용산구 대통령 집무실 행사 초청 바리스타\n\n로스터리 카페 - 원두납품 문의 인스타dm 및 전화\n@haeryecoffee"
    },
    {
        "no": 24,
        "code": 1807680020,
        "images": "https://ldb-phinf.pstatic.net/20230617_36/1687006469796RCl5r_JPEG/KakaoTalk_Photo_2023-06-17-21-53-48.jpeg",
        "name": "시로",
        "adress": "서울 은평구 응암동 578-57 1층",
        "time": null,
        "phone": "010-2763-8017",
        "op": "undefined포장 /배달 /무선 인터넷 /반려동물 동반 /",
        "way": "새절역 1번출구에서 300m 거리에 위치해 있습니다.\n응암3동 주민센터 방면으로 조금만더 올라 오시면\n저희 시로가 있습니다.\n새절역 1번출구에서 약 3분정도 소요 됩니다.",
        "booking": "",
        "category": "음식점",
        "menus": [
            "판나코타",
            "6,000원"
        ],
        "description": "shiro pudding\n\n동양적인 디자인을 바탕으로\n인테리어 되어있는 시로는\n푸딩과 카페의 조합으로\n작은 공간이지만\n편하게 즐길수있는\n상큼한 과일퓨레 판나코타 푸딩과\n커스터드푸딩, 말차푸딩, 초코푸딩을\n만나 보실수있습니다.\n\n11:00- 19:00\nmonday off"
    }
]