[
    {
        "no": 0,
        "code": 1008935054,
        "images": "https://ldb-phinf.pstatic.net/20220611_73/1654928507191UdXn8_JPEG/20220611_132345.jpg",
        "name": "카페1221",
        "adress": "서울 중랑구 중화동 16-5 1층",
        "time": null,
        "phone": "0507-1310-1873",
        "op": "undefined포장 /무선 인터넷 /반려동물 동반 /남/녀 화장실 구분 /제로페이 /",
        "way": "중화역2번출구에서 올리브영 골목으로 쭉 걸어오시면 됩니다.",
        "booking": "",
        "category": "음식점",
        "menus": [
            "금귤차",
            "5,000원"
        ],
        "description": "중화동 인스타감성카페(반려견동반가능)\n맛있는 디저트,더 맛있는 커피가 기다리고 있습니다:)네이버 주문 시 보다 빠르게 음식을 받아 보실 수 있습니다!"
    },
    {
        "no": 1,
        "code": 1887544876,
        "images": "https://ldb-phinf.pstatic.net/20230316_257/1678945526673yomX5_JPEG/%B1%A4%B0%ED3.jpg",
        "name": "제주동화",
        "adress": "서울 중랑구 상봉동 107-26 3층 302호",
        "time": null,
        "phone": "0507-1364-9924",
        "op": "undefined포장 /예약 /반려동물 동반 /",
        "way": "3번출구 30m, 1층꽃집 골목 안 출입구가 있습니다.3층 제주동화입니다. 주차는불가합니다,3분거리 공용주차장을 이용해주세요:)",
        "booking": "https://booking.naver.com/booking/6/bizes/950156",
        "category": "음식점",
        "menus": [
            "3단브런치세트+음료2잔",
            "변동가격(업주문의)"
        ],
        "description": "-주차불가(상봉2동공영주차장)\n-노키즈존(대관시가능)\n-애견유모차 입장불가(애견동반음식점)\n-애견가방필수\n-공간대관가능(키즈생일파티등)"
    },
    {
        "no": 2,
        "code": 1128363068,
        "images": "https://ldb-phinf.pstatic.net/20210826_28/16299472899880GmkX_JPEG/H4aWppb9EPBZsu0xJr6m6yzC.jpeg.jpg",
        "name": "허밍버드",
        "adress": "서울 중랑구 상봉동 190-75 1층",
        "time": "토요일 10:00~22:00 | 금요일 10:00~22:00 | 목요일 10:00~22:00 | 수요일 10:00~22:00 | 화요일 10:00~22:00 | 일요일 10:00~18:00 | 월요일 휴무",
        "phone": "0507-1355-3157",
        "op": "undefined포장 /예약 /무선 인터넷 /반려동물 동반 /지역화폐 (카드형) /지역화폐 (모바일형) /제로페이 /",
        "way": "상봉역 7번출구에서 기찻길을 보고 왼쪽으로\n1분정도 오시면 택시회사 뒤에 위치하고 있어요.\n찾기 어려우시다면 언제든지 전화주세요!",
        "booking": "",
        "category": "음식점",
        "menus": [
            "하우스와인 레드/화이트",
            "9,000원"
        ],
        "description": "- 상업적 촬영은 별도 연락 후 방문해주세요."
    },
    {
        "no": 3,
        "code": 1532453360,
        "images": "https://ldb-phinf.pstatic.net/20171214_164/1513180419940YHg9k_JPEG/aCagaAVFzQwSNF_ahGP-Cv_t.jpeg.jpg",
        "name": "상봉커피",
        "adress": "서울 중랑구 면목동 133-1 1층",
        "time": "공휴일 13:00~22:00 매주 월요일 휴무 | 주말 13:00~22:00 매주 월요일 휴무 | 평일 13:00~22:00 매주 월요일 휴무",
        "phone": "0507-1303-1029",
        "op": "undefined포장 /배달 /무선 인터넷 /반려동물 동반 /제로페이 /",
        "way": "271버스 상봉창업카페 정류장에서 2m",
        "booking": "",
        "category": "음식점",
        "menus": [
            "생망고빙수2인",
            "16,500원"
        ],
        "description": "와이파이 무료, 애견동반가능, 핸드폰 충전 가능"
    },
    {
        "no": 4,
        "code": 1114089993,
        "images": "https://ldb-phinf.pstatic.net/20210528_34/1622203969627p1PCj_JPEG/MZjPQ48qchmRHR_nn97WbwBk.jpg",
        "name": "오프아이디어",
        "adress": "서울 중랑구 면목동 497-15 1,2층 오프아이디어카페",
        "time": "매일 10:00~02:00 연중무휴 운영합니다.",
        "phone": "02-491-7711",
        "op": "undefined단체석 /포장 /무선 인터넷 /남/녀 화장실 구분 /",
        "way": "사가정역 1번출구로 바로 나오시면 정면에 보입니다. 롯데리아 바로 옆건물",
        "booking": "",
        "category": "음식점",
        "menus": [
            "아메리카노",
            "4,400원"
        ],
        "description": "매장이 1,2층으로 창가 자리도 있습니다. 2층 흡연실 있습니다!"
    },
    {
        "no": 5,
        "code": 1284669568,
        "images": "https://ldb-phinf.pstatic.net/20221111_69/1668176920318WgSUj_JPEG/28BEA654-4635-4D59-BB3F-DE6DDC92F1EE.jpeg",
        "name": "꼼주",
        "adress": "서울 중랑구 상봉동 87-8 1층 꼼주",
        "time": null,
        "phone": "0507-1396-3213",
        "op": "undefined주차 /포장 /무선 인터넷 /",
        "way": "",
        "booking": "",
        "category": "술집",
        "menus": [
            "꼼장어양념,소금",
            "13,000원"
        ],
        "description": "안녕하세요! 꼼주입니다! 저희는 건대 먹자골목에서 8년째 운영중이며 이번에 상봉점으로 찾아뵙게 되었습니다^^\n항상 고객님들께 양과 맛 모두 만족할수있도록 노력하고 또 노력하고있습니다^^\n앞으로도 저희 꼼주를 사랑해주시고! 찾아주시는 고객님들께\n최고의 불맛과 서비스로 보답하도록 할게요"
    },
    {
        "no": 6,
        "code": 1816679389,
        "images": "https://ldb-phinf.pstatic.net/20220517_119/1652758596192MP0Hy_JPEG/KakaoTalk_20220513_142512785.jpg",
        "name": "87번지",
        "adress": "서울 중랑구 상봉동 87 2층, 3층",
        "time": null,
        "phone": "0507-1324-5489",
        "op": "undefined단체석 /남/녀 화장실 구분 /",
        "way": "",
        "booking": "",
        "category": "술집",
        "menus": [
            "마라전골",
            "16,900원"
        ],
        "description": "분위기 좋고 인테리어가 깔끔한 감성있는 주점 87번지 입니다\n상봉먹자골목 태블릿 주문매장으로\n요즘처럼 위생과 청결이 중요한 때에 편리하게 이용하실 수 있습니다\n룸과 단체석이 있어 모임, 회식, 데이트에 최적의 장소로 다양한 입맛까지 사로잡을 수 있는 맛있는 안주들이 준비되어 있습니다"
    },
    {
        "no": 7,
        "code": 1899409344,
        "images": "https://ldb-phinf.pstatic.net/20220817_106/1660744806199Jxn8K_JPEG/D299C653-C25B-4477-9812-D3A565DEB6C4.jpeg",
        "name": "소공주",
        "adress": "서울 중랑구 상봉동 107-46 1층 소공주",
        "time": null,
        "phone": "010-3923-5548",
        "op": "undefined예약 /무선 인터넷 /남/녀 화장실 구분 /",
        "way": "상봉역 3번출구에서 40m 직진후 좌회전 후 10m",
        "booking": "",
        "category": "술집",
        "menus": [
            "최신 블로거 글 참고",
            "변동가격(업주문의)"
        ],
        "description": "아시아음식과 전통주를 판매하는 아시안 비스트로 소공주입니다.\n- 영업 공지는 소공주 인스타그램에서 확인해주세요-"
    },
    {
        "no": 8,
        "code": 411134685,
        "images": "https://ldb-phinf.pstatic.net/20201031_214/1604154050630iWM8U_JPEG/jgBNilr-9aOtNahLes8RGCll.jpg",
        "name": "연어에 반하다",
        "adress": "서울 중랑구 중화동 303-68 2층",
        "time": "토요일 18:00~02:00 휴무없음 | 금요일 18:00~02:00 휴무없음 | 목요일 18:00~02:00 휴무없음 | 수요일 18:00~02:00 휴무없음 | 화요일 18:00~02:00 휴무없음 | 월요일 18:00~02:00 휴무없음 | 일요일 18:00~00:00",
        "phone": "02-434-1996",
        "op": "undefined단체석 /포장 /배달 /예약 /제로페이 /",
        "way": "중화역3번출구로 나와 길건너 이니스프리건물 2층입니다",
        "booking": "",
        "category": "술집",
        "menus": [
            "연어사시미(260g)",
            "22,900원"
        ],
        "description": "연어에반하다는 연어를 곤부즈메 방식으로 8시간 저온숙성하여 판매합니다.\n한우육회나 메로구이도 세트메뉴로 구성하여 함께 즐기실 수 있습니다.\n그 외 다양한 사이드 메뉴도 있으니 참고하시면 됩니다 !\n메인메뉴 포장시 10% 할인, 배민라이더스,쿠팡이츠 배달 가능합니다"
    },
    {
        "no": 9,
        "code": 13430899,
        "images": "https://ldb-phinf.pstatic.net/20150901_289/1441035566925IeKXb_JPEG/SUBMIT_1340737167648_13430899.jpg",
        "name": "은행나무 포장마차",
        "adress": "서울 중랑구 상봉동 129 은행나무포장마차",
        "time": "공휴일 17:00~03:00 당일 사정에따라 유동 | 주말 17:00~03:00 당일 사정에따라 유동 | 매일 17:00~03:00 당일 사정에따라 유동 | 평일 17:00~03:00 당일 사정에따라 유동 | 일요일 휴무 첫째주 셋째주 ",
        "phone": "02-495-0282",
        "op": "undefined포장 /예약 /무선 인터넷 /남/녀 화장실 구분 /",
        "way": "중랑역 3번,4번 출구 동부시장 방면 은행나무포장마차!",
        "booking": "",
        "category": "술집",
        "menus": [
            "세트1",
            "30,000원"
        ],
        "description": "단골들에게 사랑받는 집! 단골이 많은 집! 은행나무 포장마차가 2012년 6월 확장이전을 했습니다~\n편안한 분위기에서 좋은 사람들과 함께 추억을 만들어 가세요~\n1996년부터 지금까지 쭈욱~ 이어온집!! 놀러오세요^^"
    },
    {
        "no": 10,
        "code": 1393628567,
        "images": "https://ldb-phinf.pstatic.net/20220812_186/1660280962234yMuv8_JPEG/1660127843799.jpg",
        "name": "심야식당 그믐",
        "adress": "서울 중랑구 면목동 652-4 1층 그믐",
        "time": null,
        "phone": "0507-1313-8978",
        "op": "undefined주차 /예약 /무선 인터넷 /지역화폐 (모바일형) /제로페이 /",
        "way": "사가정역 3번 출구에서 직진하다 LG베스트샵끼고 왼쪽 골목으로 들어오세요.",
        "booking": "",
        "category": "술집",
        "menus": [
            "숙성회 모듬",
            "28,000원"
        ],
        "description": "달이뜨는밤 맛있는 요리와 한잔!\n요리주점 그믐 입니다.\n제철 메뉴와 국물,볶음,튀김,파스타 등 다양한 음식이 있습니다.\n다양한 전통주도 있어요~\n혼술 가능!\n5인 이상 방문시 미리 전화주세요.\n5~6인석은 하나만 있구요, 최대 6인까지만 가능합니다."
    },
    {
        "no": 11,
        "code": 1890613351,
        "images": "https://ldb-phinf.pstatic.net/20210621_118/1624268699190PCJxP_JPEG/L2pJDzJ2R7_2Ox8wfN9ZeuOK.jpg",
        "name": "미뢰식당",
        "adress": "서울 중랑구 상봉동 107-29 1층",
        "time": "매일 11:30~14:00 일요일휴뮤 | 매일 15:00~17:30 브레이크타임 | 일요일 휴무 | 매일 18:00~00:00 일요일휴무",
        "phone": "02-6953-5351",
        "op": "undefined주차 /포장 /예약 /무선 인터넷 /남/녀 화장실 구분 /장애인 편의시설 /",
        "way": "전철역 7호선 상봉역 3번 출구 보도 300m이내 위치",
        "booking": "",
        "category": "술집",
        "menus": [
            "숙성모듬사시미",
            "변동가격(업주문의)"
        ],
        "description": "<런치>\n개인적인사정으로당분간운영하지않습니다.\n*디너5시30분~7시30분입장시 10%할인\n*숙성사시미주문시사케10%할인\n평일디너오픈 17시30분~24시00분\n평일라스트오더 23시00분\n금.토디너오픈 17시30분~02시00분\n금.토라스트오더 01시00분"
    },
    {
        "no": 12,
        "code": 1004766600,
        "images": "https://ldb-phinf.pstatic.net/20230716_45/16894866272961a3Tq_JPEG/Screenshot_20230713_050509_NAVER.jpg",
        "name": "반지하",
        "adress": "서울 중랑구 면목동 496-22 지하 1층 반지하",
        "time": "매일 17:00~03:00 오후 6시부터 새벽3시까지",
        "phone": "010-4165-2314",
        "op": "undefined무선 인터넷 /반려동물 동반 /남/녀 화장실 구분 /",
        "way": "사가정역 1번출구로 나오셔서\n좌측으로 10 미터 이동하시구요\n첫번째 사거리 나오면\n다시 좌측으로 30미터쯤 가시면\n좌측여 모던술집 반지하 간판 보이실거에요",
        "booking": "",
        "category": "음식점",
        "menus": [
            "등심타다끼",
            "19,000원"
        ],
        "description": "프라이빗하고 저렴하게\n수제요리와 하이볼, 프리미엄소주,위스키,와인등\n다양한 주류를 경험할수있는\n작고 아담한 매장입니다.\n반려견 동반가능(문의주세요)\n연인, 지인, 친구, 가족 분들과\n행복한 시간을 보내기위한 최적의 공간입니다\n다른 고객님들께 피해를주는 고객님들은\n정중이 사절합니다\n(ex 고성방가,음담패설,애정행위 등등)"
    },
    {
        "no": 13,
        "code": 1445085322,
        "images": "https://ldb-phinf.pstatic.net/20220702_283/1656769329191BIeXu_JPEG/1656768679357.jpg",
        "name": "소주하우스",
        "adress": "서울 중랑구 망우동 495",
        "time": null,
        "phone": "02-2208-1114",
        "way": "세븐일레븐 오른쪽입니다.",
        "booking": "",
        "category": "술집",
        "menus": [
            "한돈 양념꼬들살",
            "18,000원"
        ],
        "description": "다양한 안주\n신메뉴 치즈로 속이 꽉 찬 겉 바삭 치즈 감자채전\n깨끗한 실내 화장실\n다양한 이벤트"
    },
    {
        "no": 14,
        "code": 1201720371,
        "images": "https://ldb-phinf.pstatic.net/20211215_7/16395675298217kBE6_JPEG/20211120_180238.jpg",
        "name": "윤생술집",
        "adress": "서울 중랑구 묵동 250-17 우성아파트2동111호",
        "time": null,
        "phone": "0507-1310-6618",
        "op": "undefined단체석 /예약 /무선 인터넷 /",
        "way": "신묵초등학교 가기전 사거리 모퉁이 신호등앞에 저희가게가 있답니다",
        "booking": "",
        "category": "술집",
        "menus": [
            "치킨 골뱅이 떡볶이 고르곤졸라피자",
            "변동가격(업주문의)"
        ],
        "description": "카페같은 감성술집에서 인생 이야기를\n나누다"
    },
    {
        "no": 15,
        "code": 1484862840,
        "images": "https://ldb-phinf.pstatic.net/20221115_258/1668499562718bmQiU_JPEG/%B0%A3%C6%C7.jpg",
        "name": "뽈따구꼬꼬씨숯불닭갈비",
        "adress": "서울 중랑구 상봉동 105-9 뽈따구꼬꼬씨숯불닭갈비",
        "time": "매일 14:00~24:00 오후2시오픈ᆢ휴무없음",
        "phone": "0507-1362-1644",
        "op": "undefined단체석 /주차 /예약 /반려동물 동반 /남/녀 화장실 구분 /장애인 편의시설 /지역화폐 (지류형) /지역화폐 (카드형) /지역화폐 (모바일형) /제로페이 /",
        "way": "상봉역3번출구에서 상봉먹자골목중간에 위치해있습니다.",
        "booking": "",
        "category": "음식점",
        "menus": [
            "숯불닭갈비 소금구이",
            "14,000원"
        ],
        "description": "뽈따구 숯불닭갈비는 중독성 있는 맵쌉한 숯불닭갈비 무뼈닭발 등\n상봉동 맛집으로 유명하고 전통 있는 곳입니다."
    },
    {
        "no": 16,
        "code": 34937281,
        "images": "https://ldb-phinf.pstatic.net/20160912_9/1473668572187QjrJV_JPEG/176862575271424_0.jpeg",
        "name": "꿀삼겹",
        "adress": "서울 중랑구 상봉동 106-5",
        "time": "매일 12:00~24:00",
        "phone": "02-433-5730",
        "op": "undefined단체석 /주차 /예약 /남/녀 화장실 구분 /",
        "way": "안녕하세요. 상봉역 4번 출구에서 도보로 8분 거리에 위치한 꿀삼겹입니다. \n저희 꿀삼겹은 언제나 신선한 재료만을 선별하여 모든 음식에 정성을 다하고 있으며, \n편안하고 쾌적한 분위기에서 식사를 즐기실 수 있도록 준비하고 있습니다. \n처음부터 끝까지 변함없는 친절한 서비스와 최상의 맛으로 정성껏\n음식을 맛깔스럽게 요리해 푸짐한 양과 고급스러운 맛으로 \n고객님의 미각을 만족시켜 드립니다.\n\n정직한 식재료와 바른 조리법, 신선하고 연구 개발된 식단으로 \n여러분을 찾아 뵙겠습니다.\n\n언제나 내 가족이 먹는다는 생각으로 정직하고 \n깨끗하게 정성을 다하는 저희 업소를 찾아주십시오.\n자부심을 걸고 한결같은 맛과 친절한 서비스로 최선을 다해모시겠습니다",
        "booking": "",
        "category": "한식",
        "menus": [
            "생삼겹살",
            "14,900원"
        ],
        "description": "안녕하세요. 꿀삼겹입니다.\r\n\r\n저희 꿀삼겹은 언제나 신선한 재료만을 선별하여\r\n모든 음식에 정성을 다하고 있으며, \r\n편안하고 쾌적한 분위기에서 식사를 즐기실 수 있도록 준비하고 있습니다. \r\n\r\n처음부터 끝까지 변함없는 친절한 서비스와 최상의 맛으로 정성껏\r\n음식을 맛깔스럽게 요리해 푸짐한 양과 고급스러운 맛으로 \r\n고객님의 미각을 만족시켜 드립니다.\r\n\r\n정직한 식재료와 바른 조리법, 신선하고 연구 개발된 식단으로 \r\n여러분을 찾아 뵙겠습니다.\r\n\r\n언제나 내 가족이 먹는다는 생각으로 정직하고 \r\n깨끗하게 정성을 다하는 저희 업소를 찾아주십시오.\r\n자부심을 걸고 한결같은 맛과 친절한 서비스로 최선을 다해모시겠습니다.\r\n\r\n서비스도 굿! 늘 기분이 좋아지게 하는 꿀삼겹으로 놀러오세요^^"
    },
    {
        "no": 17,
        "code": 18133280,
        "images": "https://ldb-phinf.pstatic.net/20220610_61/1654829008719t4rcD_JPEG/20220605_170748.jpg",
        "name": "대감주물럭",
        "adress": "서울 중랑구 상봉동 89-17",
        "time": "매일 11:00~05:00",
        "phone": "0507-1401-8655",
        "op": "undefined예약 /",
        "way": "중랑구 상봉역에서 도보로 5분거리에 위치하고 있습니다\n중랑구 상봉역 2번출구로 나와 교촌치킨 골목에서 오른쪽으로 도셔서 쭉 오시면 위치하고 있습니다.\n서울시 중랑구 상봉동 코스트코, CGV, 스타벅스 부근에 위치하고 있습니다.\n중랑구 상봉터미널 도보 2분거리에 위치하고 있습니다.",
        "booking": "https://booking.naver.com/booking/6/bizes/874071",
        "category": "한식",
        "menus": [
            "투뿔 갈비살",
            "47,000원"
        ],
        "description": "대감주물럭: 프리미엄 투플러스 한우의 선물\n투뿔중에서도 최고등급인\n넘버9을 고집합니다\n20년단골이 인정한 대감주물럭\n\n'대감주물럭'에 오신 것을 진심으로 환영합니다! 저희 대감 주물럭은 20년동안 이곳 서울 중랑구에서 프리미엄 투플러스 등급 한우만을 취급하고있습니다.\n\n중랑구 어디에서도 맛보기 힘든 프리미엄 투플러스 등급 한우는 육류 중에서도 손꼽히는 고급 식재료로, 쫄깃한 식감과 부드러운 육질이 일품입니다. 대감주물럭은 이러한 최고급 한우를 중심으로 한 정갈한 요리를 선보이며, 고객님들께 건강과 맛의 조화를 선사하고 있습니다.\n꽃등심, 살치살, 갈비살을 직접 느껴보세요~ 마무리는 육회가 정답입니다~!!\n\n대감주물럭은 고객님들의 건강과 만족을 위해 신선한 재료와 정성스러운 조리법을 통해 최상의 음식을 제공하고자 노력하고 있습니다. 또한 아늑한 분위기와 친절한 서비스로 고객님들께 편안한 식사 공간을 제공하겠습니다.\n\n지금 대감주물럭에서 프리미엄 투플러스 등급 한우의 매력을 만끽하고, 새로운 맛의 여정에 함께하세요. 서울 중랑구 대표 맛집, 저희 대감주물럭에서 놀라운 맛의 세계로 빠져보세요!"
    },
    {
        "no": 18,
        "code": 35114032,
        "images": "https://ldb-phinf.pstatic.net/20230609_297/1686307709346tMkcb_JPEG/1686197774605-5.jpg",
        "name": "황박사왕족발",
        "adress": "서울 중랑구 면목본동 501-3",
        "time": "월요일 17:00~22:00 | 평일 15:00~24:00 화~금 | 주말 14:00~24:00 토~일",
        "phone": "02-491-0048",
        "way": "사가정역1번출구 면목역방향 200미터\n면동초등학교 입구 ",
        "booking": "",
        "category": "한식",
        "menus": [
            "양념족발",
            "37,000원"
        ],
        "description": "1994년 오픈으로 국내산 최고급 브랜드 도드람한돈\n생족만을  재료로 사용하며 주인이 매일 직접 삶고 당일 판매만 고집하므로 재고없이 신선하고 위생적인 음식을제공 해 드립니다."
    },
    {
        "no": 19,
        "code": 31743896,
        "images": "https://ldb-phinf.pstatic.net/20220914_10/1663126457027Pplq8_JPEG/B872034F-674C-4B3F-987F-B550083D7477.jpeg",
        "name": "울타리곱창",
        "adress": "서울 중랑구 중화동 298-21 1층",
        "time": "매일 13:30~01:30 연중무휴 | 공휴일 13:30~01:30 연중무휴",
        "phone": "0507-1407-7178",
        "op": "undefined단체석 /주차 /포장 /배달 /무선 인터넷 /제로페이 /",
        "way": "중앙선 중랑역 2번 출구에서 도보 1분 거리",
        "booking": "",
        "category": "한식",
        "menus": [
            "치즈곱창",
            "11,000원"
        ],
        "description": "Since 1987.\n\n35년 전통의 돼지곱창 맛집 입니다.\n\n푸딘코 맛집으로 선정 되었습니다.\n\n신세계 정용진 맛집 리스트에 선정 되었습니다.\n\n페이스북의 오늘 뭐먹지? 맛집 선정 되었습니다.\n\nKCIA 한국소비자평가에서 서울지역 100,217개 음식점 중 우수업체로 선정되었습니다.\n\n망고 플레이트 맛집에 선정되었습니다.\n\n울타리곱창은 단 한번도 광고를 한 적 없습니다.\n\n저희는 매일 당일 새벽 신선하고 질 좋은\n국내산 생곱창을 공급 받습니다.\n\n가장 맛있는 돼지곱창을 만나 보세요."
    },
    {
        "no": 20,
        "code": 1796301618,
        "images": "https://ldb-phinf.pstatic.net/20220422_153/1650605153416iFWLb_JPEG/1650078257440.jpg",
        "name": "건진국수집",
        "adress": "서울 중랑구 묵동 164-4 묵동 자이아파트 101동 상가 1층 105호",
        "time": null,
        "phone": "02-949-5108",
        "op": "undefined주차 /포장 /제로페이 /",
        "way": "네비에 '묵동자이 1단지 아파트 주차장 입출구' 치시면 저희 건물 주차장으로 안내 됩니다:-)\n주차는 1단지에 세우실 경우에만 등록이 가능합니다!",
        "booking": "",
        "category": "한식",
        "menus": [
            "건진국수",
            "9,000원"
        ],
        "description": "저희는 강원도 횡성식으로 칼국수를 하는 칼국수 전문점입니다. 호박볶음에 비벼 먹는 비빔 칼국수인 건진국수가 대표메뉴입니다:-)"
    },
    {
        "no": 21,
        "code": 87543731,
        "images": "https://ldb-phinf.pstatic.net/20220502_147/1651470894432X3UsC_JPEG/B87BAFE3-9309-40A9-A432-B782BA4F329D.jpeg",
        "name": "브라더야끼",
        "adress": "서울 중랑구 묵동 171-12 청진 빌딩 1층 브라더야끼",
        "time": "매일 16:00~23:00 11월 휴무 8일 22일 둘째 넷째월요일",
        "phone": "0507-1362-9501",
        "op": "undefined주차 /예약 /무선 인터넷 /남/녀 화장실 구분 /제로페이 /",
        "way": "7호선 먹골역과 6,7호선 태릉입구역 중간\n이마트 맞은편 토즈독서실 아랫층입니다",
        "booking": "",
        "category": "음식점",
        "menus": [
            "오마카세 코스",
            "79,000원"
        ],
        "description": "양갈비 한우 전문점입니다.\n모든 양고기와 한우를 웻에이징 드라이에이징\n교차숙성을 하여 제공해드리며\n편안한 분위기에서 식사를 하실수있게\n모든 스탭들이 그릴링 서비스를 해드리고 있습니다\n주차는 자이아파트1단지 지하 상가주차장에 하시면\n2시간 무료로 이용하실수있게 준비했습니다.\n\n안전상에 문제로 부득이하게 영유아 입장제한이 있는점 양해 부탁드립니다.\n생후48개월 이상부터 동반입장 가능합니다.\n\n예약은 오후 6시까지 오실수있는 고객분들은\n확정예약을 해드리며 그외시간방문하시는\n고객님께선 매장에 전화주시면 친절하게\n설명드리겠습니다 감사합니다."
    },
    {
        "no": 22,
        "code": 822364596,
        "images": "https://ldb-phinf.pstatic.net/20161221_299/1482248633780HtR56_JPEG/177171407373660_0.jpeg",
        "name": "용마해장국",
        "adress": "서울 중랑구 망우동 406-1 1층",
        "time": "매일 10:00~20:00 | 월요일 휴무",
        "phone": "0507-1408-5938",
        "op": "undefined포장 /",
        "way": "망우동 용마공원 면북초등학교 옆.",
        "booking": "",
        "category": "한식",
        "menus": [
            "해장국",
            "9,000원"
        ],
        "description": "25년 전통의 맑은 해장국으로 우거지, 선지, 소목뼈가 들어가는 깔끔하고 시원한 해장국."
    },
    {
        "no": 23,
        "code": 18190983,
        "images": "https://ldb-phinf.pstatic.net/20220111_187/1641879663447doBxB_JPEG/1.jpg",
        "name": "찜집",
        "adress": "서울 중랑구 면목동 632-6 1층(찜집)",
        "time": "매일 10:00~24:00 일요일만 22시까지",
        "phone": "02-494-0044",
        "op": "undefined단체석 /주차 /포장 /배달 /예약 /남/녀 화장실 구분 /제로페이 /",
        "way": "전철-7호선 사가정역 5분\n버스-면남초등학교 하차",
        "booking": "",
        "category": "음식점",
        "menus": [
            "해물찜 (小)",
            "63,000원"
        ],
        "description": "22년 동일장소 전통의 찜전문점 / 반찬및재료 22년간 재사용 금지 / 셀프 반찬 / 가마솥에구운 구수한 찜요리 / sbs생활의달인 - (찜의달인)"
    },
    {
        "no": 24,
        "code": 352302779,
        "images": "https://ldb-phinf.pstatic.net/20220110_264/16418204434040n43Q_PNG/1640184321602-0.png",
        "name": "장어굽는 총각들",
        "adress": "서울 중랑구 면목동 472-12 장어굽는총각들",
        "time": "금요일 15:00~01:00 12시 주문마감 | 목요일 15:00~01:00 12시 주문마감 | 수요일 15:00~01:00 12시 주문마감 | 화요일 15:00~01:00 12시 주문마감 | 월요일 15:00~01:00 12시 주문마감 | 토요일 13:00~01:00 12시 주문마감 | 일요일 13:00~23:00 10시 주문마감",
        "phone": "0507-1371-4225",
        "op": "undefined포장 /배달 /무선 인터넷 /지역화폐 (모바일형) /제로페이 /",
        "way": "4번출구에서 큰길을 건너시면서 오른편 그랜드약국 골목으로 50m 들어오시면 <장어굽는 총각들> 오른편에 있습니다.",
        "booking": "",
        "category": "한식",
        "menus": [
            "시그니쳐 세트",
            "49,900원"
        ],
        "description": "사가정시장에서 6년간 운영한\n초가네장어구이에서\n장어굽는 총각들로\n상호를 변경하게 되었습니다.\n평소에 비싸서 즐기기 힘들었던 장어를 저렴한 가격에 제공해드리고 있습니다.\n*홀에서 드실 때는 테이블 셋팅비 2000원이 추가됩니다."
    }
]