[
    {
        "no": 0,
        "code": 152660082,
        "images": "https://ldb-phinf.pstatic.net/20200727_210/15958435006091d8hC_JPEG/OHgbVzOmGA6p8kUAemCOzWFm.jpg",
        "name": "루프트 커피 명동",
        "adress": "서울 중구 충무로2가 50-10 조양빌딩본관 1층",
        "time": "평일 08:00~19:00 임시영업시간 | 주말 11:00~18:30 임시영업시간",
        "phone": "02-2277-0872",
        "op": "undefined단체석 /포장 /배달 /무선 인터넷 /남/녀 화장실 구분 /제로페이 /",
        "way": "명동역 10번출구로 나오셔서,\r\n영락교회 방향으로 오시면 조양빌딩 본관 1층에 위치하고 있습니다.",
        "booking": "",
        "category": "카페,디저트",
        "menus": [
            "하프 앤 하프 라떼",
            "7,900원"
        ],
        "description": "'HAWAII TO SEOUL' 스페셜티 커피 브랜드 루프트 커피입니다."
    },
    {
        "no": 1,
        "code": 1547453593,
        "images": "https://ldb-phinf.pstatic.net/20210928_37/1632796888350ajTMh_JPEG/CHo553O8_yHWf2c4dG7Kd-hz.jpeg.jpg",
        "name": "커피앤시가렛",
        "adress": "서울 중구 서소문동 75-95 유원빌딩17층 1706호",
        "time": "평일 08:30~21:00 | 토요일 11:00~21:00 | 일요일 휴무",
        "phone": "02-777-7557",
        "way": "시청역 9번출구 유원빌딩 17층",
        "booking": "",
        "category": "카페,디저트",
        "menus": [
            "에스프레소/아메리카노",
            "5,500원"
        ],
        "description": "주차는 건물 지하에 유료로 가능합니다:)"
    },
    {
        "no": 2,
        "code": 1524555003,
        "images": "https://ldb-phinf.pstatic.net/20210601_215/1622528317734ejtcm_JPEG/9Zy8t-KVlu3Zr6m3wh6GOtub.jpeg.jpg",
        "name": "카페비잔",
        "adress": "서울 중구 신당동 353-97 1층",
        "time": "평일 12:00~19:00 19시 이후 홀 마감, 포장만 가능 | 주말 12:00~21:00 수요일 휴무 ",
        "phone": "0507-1338-3618",
        "op": "undefined단체석 /포장 /배달 /예약 /무선 인터넷 /반려동물 동반 /",
        "way": "약수역 8번출구 도보2분",
        "booking": "https://booking.naver.com/booking/6/bizes/765059",
        "category": "음식점",
        "menus": [
            "쿠키",
            "변동가격(업주문의)"
        ],
        "description": "친절우선, 청결우선의\n수제쿠키를 판매하는 카페비잔입니다:)\n제로웨이스트 캠페인을 적극 환영합니다.\n다회용 용기를 지참해주세요!\n\n*당일픽업예약은 네이버전화 부탁드립니다."
    },
    {
        "no": 3,
        "code": 1694673138,
        "images": "https://ldb-phinf.pstatic.net/20190424_116/1556079168677JKEEE_JPEG/gM4YNrhSEc06cwIfATK_17Na.jpg",
        "name": "버드더카페",
        "adress": "서울 중구 남산동1가 13-6",
        "time": "매일 08:30~19:00",
        "phone": "02-777-0083",
        "op": "undefined단체석 /주차 /포장 /예약 /무선 인터넷 /남/녀 화장실 구분 /",
        "way": "지하철 4호선 명동역 3번 출구 퍼시픽호텔 우측길로 60미터, 명동라루체 예식장 1층.",
        "booking": "",
        "category": "음식점",
        "menus": [
            "애플시나몬크로플",
            "13,500원"
        ],
        "description": "유니크하고 고급스러운 디자인카페, 편안하고 감성적인 분위기가 바쁜 명동거리의 분위기에서 한발 벗어난 색다른 휴식의 즐거움으로 다가갈 것입니다."
    },
    {
        "no": 4,
        "code": 1250997417,
        "images": "https://ldb-phinf.pstatic.net/20201019_228/1603100755717ypKxm_JPEG/ohPIBqMP4dWi0I9RF_LrYo9r.jpeg.jpg",
        "name": "적당",
        "adress": "서울 중구 을지로1가 87 1층 후문",
        "time": "매일 10:00~21:30 Last Order - 21:00 / 연중무휴",
        "phone": "0507-1312-8928",
        "op": "undefined단체석 /주차 /포장 /무선 인터넷 /남/녀 화장실 구분 /제로페이 /",
        "way": "을지로 입구 1-1번 출구와 연결되있습니다. 더존을지타워 1층 후문쪽에 위치하였습니다.",
        "booking": "",
        "category": "음식점",
        "menus": [
            "아메리카노",
            "4,500원"
        ],
        "description": "팥을 전문으로하는 을지로 대표 양갱카페"
    },
    {
        "no": 5,
        "code": 1524555003,
        "images": "https://ldb-phinf.pstatic.net/20210601_215/1622528317734ejtcm_JPEG/9Zy8t-KVlu3Zr6m3wh6GOtub.jpeg.jpg",
        "name": "카페비잔",
        "adress": "서울 중구 신당동 353-97 1층",
        "time": "평일 12:00~19:00 19시 이후 홀 마감, 포장만 가능 | 주말 12:00~21:00 수요일 휴무 ",
        "phone": "0507-1338-3618",
        "op": "undefined단체석 /포장 /배달 /예약 /무선 인터넷 /반려동물 동반 /",
        "way": "약수역 8번출구 도보2분",
        "booking": "https://booking.naver.com/booking/6/bizes/765059",
        "category": "음식점",
        "menus": [
            "쿠키",
            "변동가격(업주문의)"
        ],
        "description": "친절우선, 청결우선의\n수제쿠키를 판매하는 카페비잔입니다:)\n제로웨이스트 캠페인을 적극 환영합니다.\n다회용 용기를 지참해주세요!\n\n*당일픽업예약은 네이버전화 부탁드립니다."
    },
    {
        "no": 6,
        "code": 181633326,
        "images": "https://ldb-phinf.pstatic.net/20200117_10/1579266380177M2JLY_JPEG/kCWopnX-fm4IDubRsf0g9Goa.jpg",
        "name": "더 스팟 패뷸러스",
        "adress": "서울 중구 명동2가 105 1.2층",
        "time": "매일 10:00~22:30 연중무휴",
        "phone": "0507-1422-1981",
        "op": "undefined단체석 /포장 /배달 /무선 인터넷 /남/녀 화장실 구분 /지역화폐 (지류형) /지역화폐 (카드형) /지역화폐 (모바일형) /제로페이 /",
        "way": "지하철 2호선 을지로입구역 6번출구 4호선 명동역 5번출구 도보 300미터 가능합니다^^*",
        "booking": "",
        "category": "음식점",
        "menus": [
            "마카롱",
            "3,000원"
        ],
        "description": "서울 중심 번화가에서 찾기 힘든 60년 넘은 근대 건축물안에서\n즐기는 Fabulous한 시간!\n60년 세월이 새겨진 고유의 앤틱한 매력에 현대의 색채를 입혀 리뉴얼한 색다른 공간입니다.\n4미터 층고의 탁트인 공간에 드러난 건물 본연의 나무 천장 밑으로 큰 창문과 거울들이 공간 전체를 빙 둘러싸고 있습니다.\n이 특별한 공간 속에서 전문 바리스타와 파티시에가 만드는 고품격 커피&디저트 그리고 음악을 즐기는 특별한 순간\n\n오롯이 그 풍경에 녹아들아 그 순간 자체를 즐겨주시면\n이곳은 당신께 이름그대로 Fabulous한 Spot이 될것입니다!\n\n저희 가게 즐김 포인트\n\n  베스트셀러 작가 조승연 작가님의 조승연의 탐구생활\n  유투브채널 ~ 명동 근대건축 역사 파헤치기 편 오프닝에\n  저희 가게가 소개됩니다\n  조승연 작가님이 직접 방문해서 건물의 역사. 건축양식등을\n  설명해주시니 컨텐츠를 시청하고 방문하시면 재미있는 관전\n  포인트들이 있으실거에요^^\n\n- 프랑스 유명 제과학교 르끄르동 블루 출신으로 구성된\n   베이킹팀이 매일 직접 만드는 수준높은 수제 디저트들에서\n   디저트 각각의 자연스러운 매력을 즐겨보세요!\n\n~ 경력있는 수준급 바리스타들 x 명품 커피머신과 장비들\n   x 유명 스페셜티 로스터리 커피몽타주의 원두를 이용한\n   커피와 색다른 시그니처 음료들을 디저트와 같이 즐겨보세요\n\n- SNS용 인생샷. 거울샷 명소! 저희만의 특별한 분위기속에서\n  인생샷을 노려보세요!^^"
    },
    {
        "no": 7,
        "code": 1204877915,
        "images": "https://ldb-phinf.pstatic.net/20221210_91/1670658120576d6bHv_JPEG/DSC02959.jpg",
        "name": "누에파스타하우스",
        "adress": "서울 중구 충무로3가 58-9 3층",
        "time": null,
        "phone": "0507-1415-3110",
        "op": "undefined단체석 /예약 /무선 인터넷 /반려동물 동반 /",
        "way": "자가 차량을 이용해 운전하시는 경우 충무로 대로변에 위치한 남산스퀘어빌딩의 유료 주차장을 이용하시는 것이 가장 편리하고 안전합니다.\n\n건물 1층은 서동관이라는 이름의 중국집과 카메라 전문점이 위치하고 있습니다. 건물의 가장 오른편에 보시면 다소 가파른 목조 계단이 곧장 3층의 누에파스타하우스 매장으로 연결됩니다.\n\n누에파스타하우스는 명동역, 충무로역, 을지로3가역의 사이에 위치하고 있습니다.\n\n을지로3가역 : 11번 출구와 12번 출구의 사이 골목으로 직진, 중부경찰서를 지나 왼편에 매장 위치\n충무로역 : 6번 출구를 나와 뒤로 도신 후 우회전, 남산스퀘어빌딩을 우측에 두고 오른쪽 골목, 50미터 직진 후 우측\n명동역 : 10번 출구, 정면 길 건넌 후 남산스퀘어빌딩 좌측길 좌회전 후 우측",
        "booking": "https://booking.naver.com/booking/6/bizes/788972",
        "category": "술집",
        "menus": [
            "와인",
            "변동가격(업주문의)"
        ],
        "description": "누에파스타하우스는 을지로와 충무로, 명동 사이에 위치해 있습니다. 다양한 내추럴 와인과 직접 제면하는 생면 파스타를 전문으로 하며, 와인과 어울리는 다양한 요리를 서브하고 있습니다.\n\n누에라는 이름은 누에의 실을 뽑는 모습이 생면파스타의 면을 뽑는 모습과 비슷하다는 점에 착안했습니다. 한 줄 한 줄 정성스럽게 실을 뽑아 고치를 만드는 누에처럼 저희도 생면을 정성스럽게 만들어 아름다운 내추럴 와인과 함께 내어 드리고 있습니다. 명동과 을지로 사이, 평화로운 충무로의 골목에서 저희의 요리를 맛보시며 즐거움을 만끽하시길 바랍니다.\n\n예약은 N 예약으로 가능합니다. 워크인의 경우 전화나 DM 문의 주시기 바랍니다."
    },
    {
        "no": 8,
        "code": 1883493304,
        "images": "https://ldb-phinf.pstatic.net/20211210_193/1639128444313jHXOa_JPEG/KakaoTalk_Photo_2021-12-09-17-07-42_001.jpg",
        "name": "소크",
        "adress": "서울 중구 신당동 52-4 1층",
        "time": null,
        "phone": "0507-1460-8669",
        "op": "undefined단체석 /예약 /무선 인터넷 /제로페이 /",
        "way": "주차안내: 동화동 공영주차장 (도보 2분, 유료)",
        "booking": "https://booking.naver.com/booking/6/bizes/626819",
        "category": "술집",
        "menus": [
            "와인",
            "변동가격(업주문의)"
        ],
        "description": "테라스와 이끼정원이 있는 특별한 무드의 캐주얼 와인바 소크.\n\n편안한 공간과 감각적인 음악을 추구합니다.\n\n공간에 최적화된 FOCAL Hi-Fi 사운드를 갖추어 더욱 특별한 시간을 보내실 수 있습니다.\n\n와인을 비롯한 다양한 주류를 어울리는 음식과 함께 즐기실 수 있습니다.\n\nSOAK YOU. AND SEEK YOU."
    },
    {
        "no": 9,
        "code": 1003545719,
        "images": "https://ldb-phinf.pstatic.net/20230404_77/1680534284352OCTtM_JPEG/20221120BCBF205925.jpg",
        "name": "주마등",
        "adress": "서울 중구 을지로3가 320-15 1층, 2층",
        "time": null,
        "phone": "0507-1362-6755",
        "op": "undefined단체석 /",
        "way": "을지로 10번출구에서 도보로 2분거리에 있습니다.",
        "booking": "",
        "category": "술집",
        "menus": [
            "부추족발",
            "35,000원"
        ],
        "description": "주마등은 어릴적 느꼈던 할머니, 어머니에 대한 추억을 판매합니다. 을지로에서 그 시절 그대로 느껴보세요."
    },
    {
        "no": 10,
        "code": 1098147736,
        "images": "https://ldb-phinf.pstatic.net/20220624_138/1656052399102d6ilg_JPEG/KakaoTalk_20220624_151645425.jpg",
        "name": "꽃지로",
        "adress": "서울 중구 을지로3가 322-7 꽃지로",
        "time": "일요일 휴무 | 토요일 17:00~22:00 | 금요일 17:00~22:00 | 목요일 17:00~22:00 | 수요일 17:00~22:00 | 화요일 17:00~22:00 | 월요일 17:00~22:00",
        "phone": "0507-1402-3133",
        "op": "undefined단체석 /포장 /배달 /예약 /무선 인터넷 /남/녀 화장실 구분 /",
        "way": "",
        "booking": "",
        "category": "술집",
        "menus": [
            "치킨가라아게",
            "12,900원"
        ],
        "description": "힙지로 인쇄골목에 위치한 정통 일본식 꼬치구이 전문점입니다.\n30년 경력의 일식 쉐프가 선보이는 깊이있는 음식과 술을 즐겨보세요\n야키토리, 모듬튀김, 명란숯불구이, 시샤모구이, 오뎅나베, 해물카레우동, 안주일절"
    },
    {
        "no": 11,
        "code": 1172310688,
        "images": "https://ldb-phinf.pstatic.net/20180909_159/1536504323480AQROo_JPEG/hmDWBFK4gCJPO1nRvFBmQGNB.jpg",
        "name": "을지맥옥",
        "adress": "서울 중구 을지로3가 344-17",
        "time": "매일 15:30~02:00",
        "phone": "02-2272-1825",
        "op": "undefined단체석 /예약 /무선 인터넷 /남/녀 화장실 구분 /",
        "way": "",
        "booking": "",
        "category": "술집",
        "menus": [
            "글렌체크 엠버라거",
            "7,000원"
        ],
        "description": ""
    },
    {
        "no": 12,
        "code": 38521927,
        "images": "https://ldb-phinf.pstatic.net/20210317_99/1615967112950O9NOK_JPEG/6G9IM_xLsrhcarFZnfBLrf7z.jpg",
        "name": "보스호프",
        "adress": "서울 중구 필동2가 54",
        "time": "금요일 17:00~02:00 | 목요일 17:00~02:00 | 수요일 17:00~02:00 | 화요일 17:00~02:00 | 월요일 17:00~02:00 | 평일 17:00~02:00 | 토요일 17:00~02:00 | 일요일 휴무",
        "phone": "02-2277-4693",
        "op": "undefined단체석 /무선 인터넷 /남/녀 화장실 구분 /",
        "way": "충무로역 1번출구(대한극장)에서 80m 정도 직진 후, 하얀집 골목으로 들어오면 BOSS를 만날 수 있습니다.",
        "booking": "",
        "category": "술집",
        "menus": [
            "갑오징어구이",
            "29,900원"
        ],
        "description": "21년  전통을 자랑하는 동국대학교 대표 호프집 BOSS.\n신입생떄부터 단골이었던 02학번 졸업생이 20년 단골집을 기존 사장님께 전수받아, 새롭게 운영하는 곳입니다.\n민물장어 한마리가 통째로 들어있는 장어구이와 20년 전통 보스 깐풍기 소스를 업그레이드 시킨 깐풍가라아게가 대표메뉴입니다."
    },
    {
        "no": 13,
        "code": 1566105397,
        "images": "",
        "name": "원조만선호프",
        "adress": "서울 중구 을지로3가",
        "time": null,
        "phone": "",
        "way": "",
        "booking": "",
        "category": "술집",
        "menus": [
            "노가리황태",
            "1,500원"
        ],
        "description": ""
    },
    {
        "no": 14,
        "code": 1468309925,
        "images": "https://ldb-phinf.pstatic.net/20230325_252/1679740430597H6g4B_JPEG/3.jpg",
        "name": "애월객잔",
        "adress": "서울 중구 초동 107-4 1층 애월객잔",
        "time": "매일 16:00~03:00",
        "phone": "0507-1426-7636",
        "op": "undefined단체석 /포장 /배달 /예약 /무선 인터넷 /남/녀 화장실 구분 /지역화폐 (지류형) /지역화폐 (카드형) /지역화폐 (모바일형) /제로페이 /",
        "way": "을지로 골뱅이 골목에 위치한 애월 객잔입니다.\n\n찾아오시는 길은 '서울특별시 중구 을지로 12길 27 1층'입니다. 시어소 호텔 부근에 있습니다.\n\n대중교통 이용 시 '을지로3가역'에서 내리시면 되며, 11번 축구 역에서 나와 2~ 3분 거리의 힙지로에 위치하고 있습니다.\n\n많은 분들이 소문 내주셔서 힙한 힙지로로 선정되었습니다. 감사합니다 :)\n\n힙지로를 방문하시는 분들은 꼭 들리는 필수 코스!\n\n인쇄소 골목의 분들에게 소문난 제주 감성의 술집!\n\n방문자분들이 선정한 힙지로의 이자카야 애월객잔입니다.",
        "booking": "",
        "category": "술집",
        "menus": [
            "찐카이막 샐러드",
            "15,000원"
        ],
        "description": "을지로 3가, 을지로3가역에 이자카야가 있다?!\n\n힙지로에 위치한 애월 객잔은 맛과 레트로 감성 두 가지를 전부 잡은 유명한 을지로 이자카야입니다.\n\n애월 객잔은 다른 을지로 술집, 을지로 맛집과는 이런 차별점을 두고 있습니다.\n\n\n1. 2021년 충무로, 중구를 대표하는 데이트 코스입니다.\n\n제주의 감성과 제주의 맛을 표현하기 위해 당일 공수한 신선한 식재료를 사용하여, 한국 전통의 오래된 고유의 레시피로 조리를 하였습니다.\n\n2. 맛뿐 만이 아니라 추억까지 완벽합니다.\n\n제주도의 시작과 끝을 함께 하는 애월 객잔이기에 포토존에도 상당히 공들였습니다.\n\n조용히 자연을 만끽할 수 있는 분위기와 빗소리를 들으며 술을 마실 수 있고 힐링할 수 있는 '루프탑'까지 준비해놨습니다.\n\n손님분들은 오셔서 '추억'만 남기시면 됩니다.\n\n3. 애월 객잔은 진정한 '힙지로 맛집'입니다.\n\n제주도에서도 먹을 수 없는 흑돼지 수육 튀김, 이색적인 횟감, 다양한 튀김이 있습니다.\n\n\n애월 객잔은 자체 룸을 구비되어 있기 때문에 단체 회식장소로 사용할 수 있습니다.\n\n저희는 직접 조리와, 당일 생산, 당일 판매만 원칙으로 하고 있습니다.\n\n\nㅡㅡㅡㅡㅡㅡㅡㅡㅡㅡ\n\n\n을지로, 힙지로, 충무로, 을지로 3가, 중구를 방문해 주신 분들이 소문을 내주셔서 힙지로 핫 플이 되었습니다.\n\n애월객잔에 오신 분들을 제가 한 분 한 분 기억하지는 못하지만 한 분 한 분께 감사하다는 말씀을 여기에서 드립니다.\n맛있는, 을지로노포 가 되겠습니다."
    },
    {
        "no": 15,
        "code": 38274835,
        "images": "https://ldb-phinf.pstatic.net/20230605_298/1685938716148urhG2_JPEG/Screenshot_20230315_210655_Instagram.jpg",
        "name": "JH텍사스바",
        "adress": "서울 중구 무교동 1 효령빌딩",
        "time": null,
        "phone": "0507-1378-0805",
        "op": "undefined단체석 /주차 /예약 /무선 인터넷 /남/녀 화장실 구분 /지역화폐 (카드형) /지역화폐 (모바일형) /제로페이 /",
        "way": "",
        "booking": "",
        "category": "술집",
        "menus": [
            "후라이드 치킨",
            "20,000원"
        ],
        "description": "청계천뷰를 한눈에 볼 수 있는\n수용인원 260명 규모의 카페 겸 펍입니다.\n점심에는 런치메뉴 제공하고 있습니다."
    },
    {
        "no": 16,
        "code": 1563974864,
        "images": "https://ldb-phinf.pstatic.net/20230725_107/1690268970904BimkK_JPEG/KakaoTalk_20230720_211519534_02_-_%BA%B9%BB%E7%BA%BB.jpg",
        "name": "진빼이",
        "adress": "서울 중구 신당동 292-14",
        "time": "월요일 18:00~02:00 매달 첫째주 월요일 휴무 | 화요일 18:00~02:00 | 수요일 18:00~02:00 | 목요일 18:00~02:00 | 금요일 18:00~02:00 | 토요일 18:00~02:00 | 일요일 휴무",
        "phone": "0507-1492-0526",
        "op": "undefined포장 /배달 /예약 /무선 인터넷 /반려동물 동반 /남/녀 화장실 구분 /",
        "way": "신당역2,6호선 6번 출구에서 도보로 5분거리",
        "booking": "",
        "category": "술집",
        "menus": [
            "진또마끼",
            "12,000원"
        ],
        "description": "매일 노량진을 다녀와 신선한 수산물을 제공합니다.\n사장님의 숙성회는 유명 TV프로그램에도 나왔답니다.\n다양한 술안주에 어울리는 다양한 술까지!!\n술안주도 식사도 완벽하길 원하신다면\n진빼이로 여러분을 초대합니다."
    },
    {
        "no": 17,
        "code": 11619252,
        "images": "https://ldb-phinf.pstatic.net/20150831_30/14410064845669Qb4T_JPEG/11619252_0.jpg",
        "name": "내고향식당",
        "adress": "서울 중구 남창동 34-41",
        "time": "매일 07:00~19:30 명절 휴무 | 일요일 휴무",
        "phone": "02-752-7954",
        "way": "남대문 수입상가 아치에서 시장쪽 대로를 40~50m정도 올라가면 오른쪽으로 갈치 조림집 골목에 위치.",
        "booking": "",
        "category": "한식",
        "menus": [
            "갈치조림",
            "20,000원"
        ],
        "description": "88년 왕성식당과 같은 때에 문을 열었다.\r\n호남출신의 주방장이 11년째 주방을 지키고 있어 예나 지금이나 맛이 한결 같다.\r\n다시마, 멸치육수 등 10여 가지 이상의 재료로 육수를 내 갈치를 조리는데, 갈치의 비린 맛은 간데 없고 개운하고 얼큰한 맛뿐이다. 밥은 무한정 리필이 가능하다."
    },
    {
        "no": 18,
        "code": 11679381,
        "images": "https://ldb-phinf.pstatic.net/20150831_131/1441017839808DchkO_JPEG/11679381_0.jpg",
        "name": "우래옥",
        "adress": "서울 중구 주교동 118-1",
        "time": "매일 11:30~21:30 | 월요일 휴무 명절 휴무",
        "phone": "02-2265-0151",
        "op": "undefined단체석 /주차 /발렛파킹 /포장 /무선 인터넷 /남/녀 화장실 구분 /",
        "way": "2, 5호선 을지로4가역 4번 출구에서 도보 1분 거리\n\n차량 이용 시 을지로4가 4번출구쪽으로 들어오시면 됩니다.",
        "booking": "",
        "category": "한식",
        "menus": [
            "평양냉면",
            "16,000원"
        ],
        "description": ""
    },
    {
        "no": 19,
        "code": 37750094,
        "images": "https://ldb-phinf.pstatic.net/20191104_209/1572834336496kbJP2_JPEG/H6R9yYh2SkAE1OkjbDcPzvvF.jpg",
        "name": "장호왕곱창",
        "adress": "서울 중구 순화동 6-16",
        "time": "매일 12:00~22:00 명절 휴무",
        "phone": "02-756-5070",
        "way": "",
        "booking": "",
        "category": "한식",
        "menus": [
            "양대창모듬(200g)",
            "20,000원"
        ],
        "description": ""
    },
    {
        "no": 20,
        "code": 11722483,
        "images": "https://ldb-phinf.pstatic.net/20150831_286/1441029184753t6bTJ_JPEG/11722483_0.jpg",
        "name": "잼배옥",
        "adress": "서울 중구 서소문동 64-4",
        "time": "월요일 10:00~21:30 국경일 휴무 | 금요일 10:00~21:30 국경일 휴무 | 목요일 10:00~21:30 국경일 휴무 | 수요일 10:00~21:30 국경일 휴무 | 화요일 10:00~21:30 국경일 휴무 | 일요일 휴무 | 토요일 11:00~15:00 국경일 휴무",
        "phone": "02-755-8106",
        "op": "undefined단체석 /",
        "way": "서소문역 9번 출구 유원빌딩, 외환은행 바로 뒷 건물에 위치.",
        "booking": "",
        "category": "한식",
        "menus": [
            "꼬리곰탕",
            "24,000원"
        ],
        "description": ""
    },
    {
        "no": 21,
        "code": 11709268,
        "images": "https://ldb-phinf.pstatic.net/20200225_229/1582639790503musfk_JPEG/RJuNSinkMje3aK92VotkriB_.jpeg.jpg",
        "name": "정원순두부",
        "adress": "서울 중구 서소문동 120-28",
        "time": "토요일 10:30~15:00 명절휴무, 7.20~7.23일까지 단축영업 10:00~15:00 | 일요일 10:30~15:00 명절휴무, 7.20~7.23일까지 단축영업 10:00~15:00 | 매일 10:00~22:00 명절 휴무, 7.20~7.23일까지 단축영업 10:00~15:00 | 공휴일 10:00~15:00 명절휴무",
        "phone": "02-755-7139",
        "way": "2호선 시청역 9번 출구 하차, 유원건설빌딩 뒤편음식점 골목에 위치.",
        "booking": "",
        "category": "한식",
        "menus": [
            "굴순두부",
            "10,500원"
        ],
        "description": ""
    },
    {
        "no": 22,
        "code": 1471662609,
        "images": "https://ldb-phinf.pstatic.net/20200212_259/1581495946719l23kr_JPEG/8oKRtuLkdDnG7vmCDyQFqz49.jpg",
        "name": "안즈",
        "adress": "서울 중구 수하동 66 페럼타워 지하1층 안즈",
        "time": "매일 11:00~14:40 입점마감14시15분 | 매일 16:00~21:00 입점마감20시15분",
        "phone": "0507-1340-8948",
        "op": "undefined주차 /포장 /무선 인터넷 /남/녀 화장실 구분 /",
        "way": "저희 매장은 페럼타워 빌딩 지하 1층에 있습니다.\n을지로 입구역에서 오실 때 3번 출구로 나오셔서 조금만 걷다 보시면 우측에 스타벅스와 커피 빈 골목이 있습니다. 200미터 정도 걷다 보시면 마마스 커피 와 공용주차장 등지시고 정면을 바라보면 회전문이 있습니다. 그 건물 지하 1층에 있습니다.",
        "booking": "",
        "category": "일식",
        "menus": [
            "긴죠 특로스카츠정식",
            "32,000원"
        ],
        "description": "평일 점심은 일행과 같이 오셔야 안내가 가능합니다.\n\n날씨가 안 좋은 날에는 다소 혼잡하며 , 일부 메뉴의 재고 소진이 빠릅니다.\n\n모든 메뉴가 한정 메뉴입니다.\n\n바닥이 끈적 한 이유는 미끄럼 방지제를 뿌려두었습니다."
    },
    {
        "no": 23,
        "code": 11679660,
        "images": "https://ldb-phinf.pstatic.net/20150831_287/1441017952681y0xed_JPEG/11679660_0.jpg",
        "name": "진주회관",
        "adress": "서울 중구 서소문동 120-35",
        "time": "평일 11:00~21:00 | 주말 11:00~20:00",
        "phone": "02-753-5388",
        "op": "undefined단체석 /",
        "way": "삼성본관 뒤 지하철 2호선 시청역 9번 출구 우측 언덕 위에 위치.",
        "booking": "",
        "category": "한식",
        "menus": [
            "콩국수",
            "15,000원"
        ],
        "description": "1962년 개업이래 3대째,60년동안 이어온 냉콩국수 전문점입니다.\n콩국수는 3월부터 11월까지만 판매합니다.\n10월~3월(동계)는 일요일날 휴무입니다.\n4월~9월(하계)는 일요일날 영업합니다."
    },
    {
        "no": 24,
        "code": 11707094,
        "images": "https://ldb-phinf.pstatic.net/20230523_264/1684838580044wRMLv_JPEG/DE6A3840-A364-4549-AA64-05014DFD794E.jpeg",
        "name": "곰국시집",
        "adress": "서울 중구 무교동 12-1 2층",
        "time": "매일 11:00~22:00 명절 휴무",
        "phone": "02-756-3249",
        "op": "undefined예약 /남/녀 화장실 구분 /",
        "way": "무교동 파이낸스빌딩 뒤에 위치.",
        "booking": "",
        "category": "한식",
        "menus": [
            "수 육",
            "59,000원"
        ],
        "description": ""
    },
    {
        "no": 25,
        "code": 1398505182,
        "images": "https://ldb-phinf.pstatic.net/20201224_147/1608803003862uF2od_PNG/7ya-3jk9Q9QLIfe3LVVqDjBd.PNG.png",
        "name": "오우가",
        "adress": "서울 중구 충무로2가 62-5",
        "time": "매일 11:30~23:59 연중무휴(공휴일 방문전 연락필수)",
        "phone": "02-753-7533",
        "way": "전용 주차장은 없습니다 (인근 우리은행 명동지점 유료 주차장 1시간/1.2만원) / 지하철 4호선 명동역 10번출구로 나와 뒤돌아 편의점 골목으로 쭉 들어오시면 좌측에 위치하고 있습니다.",
        "booking": "",
        "category": "한식",
        "menus": [
            "고추장불고기 정식",
            "13,000원"
        ],
        "description": ""
    },
    {
        "no": 26,
        "code": 21037913,
        "images": "https://ldb-phinf.pstatic.net/20220131_112/16436210631679NhHV_JPEG/SmartSelect_20211107-231405_Instagram.jpg",
        "name": "쯔루하시 후게츠 명동점",
        "adress": "서울 중구 명동2가 32-27 해암빌딩 2층",
        "time": "매일 11:30~21:00 평일 14시반~17시 브레이크타임, 20시마지막주문, 21시까지영업",
        "phone": "0507-1340-5920",
        "op": "undefined포장 /무선 인터넷 /남/녀 화장실 구분 /제로페이 /",
        "way": "",
        "booking": "",
        "category": "일식",
        "menus": [
            "2~4인 세트",
            "27,500원"
        ],
        "description": "쯔루하시 후게츠는 일본 오사카의 코리아타운 <쯔루하시>라는 지역에서 고객을 맞이하여 70여년이 지난 지금까지 맛과 전통을 모토로 고객을 모시고있는 오코노미야끼, 야끼소바 전문점입니다.\n\n일본 현지에서 약130여개의 매장을 운영중인 가장 유명한 오코노미야끼 전문점중에 하나이며, 특히 오사카에서의 인기는 대단히 높아, 지난 70여년간 간사이 지방에서 최고로 번성한 점포로 랭크되어 있습니다.\n또한 '오사카의 맛을 세계로!' 라는 슬로건 아래 2007년도 첫 해외진출 한국을 시작으로 현재는 미국, 싱가폴, 대만, 태국, 홍콩등 세계 각지로 후게츠의 맛을 전하기위해 박차를 가하고 있습니다.\n\n거의 모든 메뉴가 양배추를 베이스로한 슬로우푸드로 건강을 생각하는 음식이며, 세계인의 입맛에도 꼭맞는 일본의 전통음식입니다. 또한, 테이블마다 철판이 있어, 손님앞에서 직접 조리하는 후게츠만의 특별한 볼거리도 있으며, 후게츠의 대표메뉴인 겉은 바삭하고 속은 부드러운 오코노미야끼의 맛과 특제 계란면을 사용해 만드는 쫄깃하고 짭쪼름한 야끼소바를 드셔보신다면 꼭 다시 찾게되는 매력이 있는 일본 전통음식 전문점입니다."
    }
]