[
    {
        "no": 0,
        "code": 11585285,
        "images": "https://ldb-phinf.pstatic.net/20201217_155/1608186747129YG8SY_JPEG/DDgCLIjmYu-X6mYPZoWOO_OU.jpg",
        "name": "타셴",
        "adress": "서울 종로구 동숭동 1-44 1층",
        "time": "매일 11:30~22:00 연중무휴",
        "phone": "02-3673-4115",
        "op": "undefined단체석 /포장 /배달 /예약 /무선 인터넷 /남/녀 화장실 구분 /제로페이 /",
        "way": "혜화역 1번 출구로 나와 오른쪽 큰길을 따라 300m가량 오시면 편의점 세갈래길 앞에 있는 1층에 위치한 카페입니다.",
        "booking": "",
        "category": "카페,디저트",
        "menus": [
            "복숭아 생크림 케이크",
            "10,800원"
        ],
        "description": "'The Taste of Art' 라는 슬로건을 가지고 운영되는 카페입니다.\n슬로건처럼 저희는 흔하게 볼 수 없는 아트북들과 다양한 메뉴에서 느껴지는 시너지를 자신감있게 말씀드릴 수 있습니다!"
    },
    {
        "no": 1,
        "code": 11694272,
        "images": "https://ldb-phinf.pstatic.net/20160225_285/1456378641611OOzl5_JPEG/176175546740390_0.jpg",
        "name": "클럽에스프레소",
        "adress": "서울 종로구 부암동 257-1",
        "time": "매일 09:00~22:00 명절 휴무",
        "phone": "02-764-8719",
        "op": "undefined단체석 /주차 /남/녀 화장실 구분 /",
        "way": "3호선 경복궁역 3번 출구로 나오셔서, 부암동사무소 앞에서 하차 후, 직진.",
        "booking": "",
        "category": "카페,디저트",
        "menus": [
            "콜롬비아 수프리모",
            "5,000원"
        ],
        "description": ""
    },
    {
        "no": 2,
        "code": 11884868,
        "images": "https://ldb-phinf.pstatic.net/20150831_74/1440994376560aNInc_JPEG/11884868_0.jpg",
        "name": "커피친구",
        "adress": "서울 종로구 수송동 58 두산위브 104호",
        "time": "평일 10:30~20:30 | 토요일 12:00~17:30 | 공휴일 12:00~17:30 | 일요일 휴무",
        "phone": "02-725-0179",
        "op": "undefined주차 /",
        "way": "종각역 2번 출구로 나와 조계사 방면으로 올라가다 종로구청 방면으로 왼쪽으로 꺽어지면 두산위브건물 커피친구가 보입니다.",
        "booking": "",
        "category": "카페,디저트",
        "menus": [
            "엘살바돌",
            "5,500원"
        ],
        "description": ""
    },
    {
        "no": 3,
        "code": 12781756,
        "images": "https://ldb-phinf.pstatic.net/20190529_35/1559062899693b4E2n_JPEG/RRUvkPF-XvvbwFz6yEulEPVv.JPG.jpg",
        "name": "산모퉁이",
        "adress": "서울 종로구 부암동 97-5",
        "time": "금요일 11:00~19:00 연중무휴 | 목요일 11:00~19:00 연중무휴 | 수요일 11:00~19:00 연중무휴 | 화요일 11:00~19:00 연중무휴 | 월요일 11:00~19:00 연중무휴 | 일요일 11:00~21:00 연중무휴 | 토요일 11:00~21:00 연중무휴",
        "phone": "02-391-4737",
        "op": "undefined남/녀 화장실 구분 /제로페이 /",
        "way": "경복궁역 3번 출구에서 1020, 212, 7022번 버스를 이용하여 부암동주민센터에서 하차 후, 700m 거리에 위치 도보로 약 15~20분 소요됩니다.",
        "booking": "",
        "category": "카페,디저트",
        "menus": [
            "쿠키",
            "8,000원"
        ],
        "description": "MBC드라마 커피프린스 1호점 촬영지(최한성의 집)입니다."
    },
    {
        "no": 4,
        "code": 13183655,
        "images": "https://ldb-phinf.pstatic.net/20220221_244/16454295612769Jx72_JPEG/IMG_6266.JPG",
        "name": "카페로쏘",
        "adress": "서울 종로구 팔판동 40-1",
        "time": "월요일 12:00~18:00 | 일요일 12:00~21:00 | 금요일 12:00~21:00 | 목요일 12:00~21:00 | 수요일 12:00~21:00 | 화요일 12:00~21:00 | 토요일 12:00~22:00",
        "phone": "0507-1418-2622",
        "op": "undefined단체석 /포장 /무선 인터넷 /제로페이 /",
        "way": "삼청감리교회 오른쪽 골목 안 위치.",
        "booking": "",
        "category": "카페,디저트",
        "menus": [
            "핸드드립커피",
            "7,000원"
        ],
        "description": "커피로스팅, 핸드드립커피. 에스프레소, 토스트 전문점."
    },
    {
        "no": 5,
        "code": 1605364869,
        "images": "https://ldb-phinf.pstatic.net/20190325_114/1553476891806uCsDL_JPEG/LQMxfaGOO6t9lVi6h3aiJBDI.jpg",
        "name": "루프트 커피 광화문",
        "adress": "서울 종로구 청진동 70 그랑서울 1층",
        "time": "평일 08:00~20:30 임시 영업시간 | 주말 10:00~18:00 임시 영업시간",
        "phone": "02-2158-7945",
        "op": "undefined주차 /포장 /배달 /무선 인터넷 /남/녀 화장실 구분 /제로페이 /",
        "way": "종각역 1번 출구로 나와 바로 앞에 있는 그랑서울 1층에 위치해 있습니다.",
        "booking": "",
        "category": "음식점",
        "menus": [
            "하프 앤 하프 라떼",
            "7,900원"
        ],
        "description": "'HAWAII TO SEOUL' 좋은 곳으로부터 온 좋은 커피를 선보이는 스페셜티 커피 브랜드 루프트 커피 광화문점입니다."
    },
    {
        "no": 6,
        "code": 1036329699,
        "images": "https://ldb-phinf.pstatic.net/20211216_126/1639632935269f2Bii_JPEG/image.jpg",
        "name": "순희네빈대떡",
        "adress": "서울 종로구 종로5가 138-9",
        "time": null,
        "phone": "02-2264-7774",
        "way": "",
        "booking": "",
        "category": "한식",
        "menus": [
            "녹두빈대떡",
            "5,000원"
        ],
        "description": ""
    },
    {
        "no": 7,
        "code": 20597120,
        "images": "https://ldb-phinf.pstatic.net/20220825_182/1661423725161g48hc_JPEG/20220821_065957.jpg",
        "name": "안주마을",
        "adress": "서울 종로구 내자동 1-2",
        "time": "평일 13:00~22:00 | 일요일 휴무",
        "phone": "02-723-3529",
        "op": "undefined단체석 /예약 /남/녀 화장실 구분 /",
        "way": "",
        "booking": "",
        "category": "술집",
        "menus": [
            "돼지 고추장 구이",
            "변동가격(업주문의)"
        ],
        "description": ""
    },
    {
        "no": 8,
        "code": 1669566053,
        "images": "https://ldb-phinf.pstatic.net/20230418_224/16817526218311T2RO_JPEG/KakaoTalk_20230418_022841307.jpg",
        "name": "동화",
        "adress": "서울 종로구 명륜4가 48-2 2층 동화",
        "time": "매일 17:00~02:00 휴무 따로 공지",
        "phone": "0507-1417-8351",
        "op": "undefined예약 /무선 인터넷 /남/녀 화장실 구분 /제로페이 /",
        "way": "대중교통 이용 시 혜화역 4번출구로 나오셔서 158m 거리입니다.\n찾기가 어려울 시 전화 주시면 친절하게 안내 도와드리겠습니다.\n\n자가용 이용 시 주차장이 따로 없어 cvg대학로점 주차장이 근처에 있습니다.\n연극 관람시 주차비를 할인해주는 방송통신대학 공용주차장도 있으니 참고하시길 바랍니다.",
        "booking": "https://booking.naver.com/booking/6/bizes/412049",
        "category": "술집",
        "menus": [
            "동화닭갈비",
            "24,000원"
        ],
        "description": "안녕하세요 요리주점 '동화'입니다.\n저희는 남여노소 좋아하는 음식들에 동화의 색깔을 더하여\n이색적이지만 편안한 맛을 지향합니다.\n조금 낯선 메뉴라도 우리의 입맛에 벗어나지 않는 선에서 개발했습니다.\n믿고 드셔주셨으면 해요.\n\n마지막으로 찾아주시는 모든 고객분들께 성의를 다해서 맛있는 음식, 편안한 술자리, 좋은 서비스로 보답하겠습니다.\n늘 건강하세요."
    },
    {
        "no": 9,
        "code": 1622164906,
        "images": "https://ldb-phinf.pstatic.net/20200629_248/1593401456340sW9k5_JPEG/K8UplIxf_LBcS0brApDwm1hz.jpg",
        "name": "해물점1978",
        "adress": "서울 종로구 관철동 157-1 1층",
        "time": "매일 16:30~00:00 (*라스트 오더 23:30 입니다.)",
        "phone": "0507-1349-1978",
        "op": "undefined단체석 /포장 /예약 /무선 인터넷 /남/녀 화장실 구분 /",
        "way": "종각역 4번, 9번, 10번 출구로 나와서 청계천방향으로 도보 2분거리이고 청계천 라인으로 오시면 금방 찾으실 수 있습니다^^",
        "booking": "https://booking.naver.com/booking/6/bizes/444315",
        "category": "술집",
        "menus": [
            "석화 15마리(11월말~2월초)",
            "30,000원"
        ],
        "description": "안녕하세요 '해물점1978' 에 방문해주셔서 감사합니다^^\n\n해물점1978은 청계천이 보이는 루프탑이 있는 작고 분위기 있는 포장마차로\n\n데이트하기 좋은 장소이며, 모임, 혼술 장소로 좋은 아지트 술집입니다.\n\n좋은 사람들과의 특별한 날에 해물점1978 에서 특별한 추억을 만들어 보시는 건 어떠세요?\n\n*********** 예약 전 필독 사항!! ************\n\n* 해물점1978 예약은 네이버 예약으로만 가능합니다^^\n\n* 작은 매장이다 보니 예약은\n평일(월~금) 16:30~18:00\n주말(토,일,공휴일) 16:30~17:00\n까지만 가능합니다.\n\n* 최대 8명까지 예약 가능하십니다.\n\n* 예약 후 인원변경은 불가한 점 양해부탁드립니다!\n\n* 예약은 매장 전체 테이블의 약 40% 정도만 진행하고 있습니다.\n\n* 네이버 예약시 시간 선택이 안되는 경우에는 당일 예약이 마감된 것입니다.\n(예약이 다 차있더라도 워킹 손님을 위한 테이블은 있습니다!)\n\n* 방문예정 인원만큼 인원 선택이 안되는 경우에는 메모란에 방문인원을 남겨주세요\n\n* 희망하시는 테이블이 있을 경우 메모란에 남겨주시면 최대한 해당 자리로 안내해드리도록 노력하겠습니다.(선착순 배정)\n\n* 예약 시간이 지난 경우 대기 손님이 있으면 예약이 자동으로 취소되니 꼭 참고 부탁 드립니다!\n\n* 혹시라도 방문을 못하시게 될 경우 꼭! 미리 예약 취소 부탁드립니다!\n\n* 네이버 예약 후 리뷰 남겨주시면 정말정말 감사드리겠습니다~!!^0^ (보완 사항도 꼭 수정할게요!)"
    },
    {
        "no": 10,
        "code": 1409207151,
        "images": "https://ldb-phinf.pstatic.net/20221129_261/1669652074681vQuQe_JPEG/SmartSelect_20221129-011037_Instagram.jpg",
        "name": "04판",
        "adress": "서울 종로구 명륜4가 39",
        "time": null,
        "phone": "0507-1318-1711",
        "op": "undefined단체석 /포장 /배달 /예약 /무선 인터넷 /",
        "way": "",
        "booking": "",
        "category": "술집",
        "menus": [
            "조개술찜 (중)",
            "24,000원"
        ],
        "description": "안녕하세요!\n대학로 술집 혜화역 술집 04판 입니다.\n저희 04판은 100여가지의 주류와 퀄리티 높고 저렴한 음식을\n오늘 하루 수고한 여러분에게 즐거운 시간을 제공하기 위해 만들어졌습니다.\n\n대표 메뉴로 크림짬뽕탕과 투쁠 한우 육회 김밥이 있습니다.\n육회 김밥의 경우 무뼈 국물 닭발과 조합을 정말 강력하게 추천드립니다!\n\n혜화역 근처에서 대학로 안주 맛집 술집을 찾고 있으시다면\n저희 04판에서 최고의 만족감을 전해드리겠습니다."
    },
    {
        "no": 11,
        "code": 1651691942,
        "images": "https://ldb-phinf.pstatic.net/20180202_169/1517561615132nVTLr_JPEG/znxQiU8j8qyZxIh51b9HWUlH.jpeg.jpg",
        "name": "행아웃",
        "adress": "서울 종로구 익선동 166-22",
        "time": "매일 14:00~23:00 | 일요일 13:00~22:00",
        "phone": "0507-1304-3624",
        "op": "undefined무선 인터넷 /남/녀 화장실 구분 /",
        "way": "종로3가역6번출구 갈매기살골목으로 들어오시다 보면 찾기쉬워요",
        "booking": "",
        "category": "술집",
        "menus": [
            "수제맥주",
            "8,000~9,500원"
        ],
        "description": "서울에서 가장 핫한 익선동에 위치한 수제맥주 전문펍 행아웃!!\n맥주뿐만 아니라 커피와 디저트도 판매하며 와인도 준비되어있습니다\n역동적이고 젊은 에너지를 느낄수있는 펍카페!!"
    },
    {
        "no": 12,
        "code": 1348865017,
        "images": "https://ldb-phinf.pstatic.net/20201022_44/1603300303899dfkwy_JPEG/a_8t48Ol2cZAXYd-jQRt-UWM.jpeg.jpg",
        "name": "법원",
        "adress": "서울 종로구 계동 140-51",
        "time": "평일 16:00~01:00 | 주말 14:00~01:00",
        "phone": "02-745-1933",
        "op": "undefined예약 /무선 인터넷 /제로페이 /",
        "way": "지하철은 안국역 3번 출구, 버스는 창덕궁 정류장에서 가장 가깝습니다. 어니언 안국점을 지나쳐 걷다가, 바로 앞 사거리에서 우회전 후 100m 이내입니다.",
        "booking": "https://booking.naver.com/booking/6/bizes/876532",
        "category": "음식점",
        "menus": [
            "딸기 위스키 페어링 세트",
            "71,000원"
        ],
        "description": "바가 없는 바 형태이고, 다다미방 구조로 나뉘어 있습니다.\n\n방문하시는 분들께 새로운 위스키 경험이 될 수 있도록 공간과 메뉴를 면밀히 준비하고 있습니다.\n\n직접 인퓨징한 딸기 위스키, '위쑥키'(쑥 위스키)는 위스키를 처음 드시는 분들께도 자신있게 추천하고 싶어요.\n\n단독으로 소개하고 있는 킹스카운티 위스키와 다양한 버번/라이 위스키 이외에도 와인, 맥주, 칵테일 등의 주류가 구비되어 있습니다.\n\n위스키를 주로 팔지만 문턱이 낮고 편안한 공간이 될 수 있도록 노력하겠습니다."
    },
    {
        "no": 13,
        "code": 1883490486,
        "images": "https://ldb-phinf.pstatic.net/20221019_99/16661688072428ycgY_JPEG/20221019_164945.jpg",
        "name": "서울88맥주",
        "adress": "서울 종로구 묘동 100 1층 서울88맥주",
        "time": "매일 08:00~22:00",
        "phone": "0507-1494-4441",
        "op": "undefined단체석 /포장 /배달 /예약 /무선 인터넷 /",
        "way": "종로3가역 7번출구 바로 앞에 있습니다\n\n02-744 -4440 으로 문의주세요",
        "booking": "",
        "category": "술집",
        "menus": [
            "88 후라이드 치킨",
            "20,000원"
        ],
        "description": "서울 88맥주는 곰표 밀맥주를 비롯한 수제 맥주 와 하이볼 ,가성비와 맛 두 가지를 잡은 다양한 안주류들을 판매하고 있습니다. 그중 서울 88맥주가 자랑하는 피자 메뉴는 자체 개발한 레시피를 통해 오븐에서 직접 구워집니다. 듬뿍 올려 갓구워진 치즈와 페퍼로니의 진한 풍미와 특히 피자 도우를 빵이 아닌 페이스트리로 사용해 고소함과 담백함이 풍부힌고 바사삭 부서지는 페이스트리의 식감은 먹는 재미를 더 해줍니다. 가성비와 맛 두 가지를 모두잡은 인기 메뉴입니다.\n\n수제맥주 하이볼 take-out 가능합니다"
    },
    {
        "no": 14,
        "code": 1311007811,
        "images": "https://ldb-phinf.pstatic.net/20171130_235/1512043657728mrIpJ_JPEG/2YSsy5hLNw33JjTwiU6uUAp7.jpg",
        "name": "서울집시",
        "adress": "서울 종로구 권농동 182-6",
        "time": "평일 16:00~21:00 | 주말 13:00~21:00 | 월요일 휴무 | 공휴일 13:00~21:00",
        "phone": "02-743-1212",
        "way": "",
        "booking": "",
        "category": "술집",
        "menus": [
            "자체맥주",
            "변동가격(업주문의)"
        ],
        "description": "삶을 유랑하며 실험적인 맥주를 만드는 Independent Brewery. 여행과 예술 그리고 삶의 순간에서 얻은 영감을 맥주로 그려내며 꿈꾸는 대로 살아갑니다. Live your dream!\n\nInstagram @seoulgypsy"
    },
    {
        "no": 15,
        "code": 37127034,
        "images": "https://ldb-phinf.pstatic.net/20211116_249/1637034764923AbFp5_JPEG/%B1%E2%BF%CD%B7%CE%B0%ED_%C1%A4%BB%E7%B0%A2_%B0%CB%C1%A4.jpg",
        "name": "기와탭룸",
        "adress": "서울 종로구 소격동 158-4",
        "time": "매일 13:00~23:00",
        "phone": "02-733-1825",
        "op": "undefined단체석 /예약 /무선 인터넷 /남/녀 화장실 구분 /",
        "way": "",
        "booking": "",
        "category": "술집",
        "menus": [
            "닭 반마리 팬구이",
            "23,500원"
        ],
        "description": "기와탭룸은 맥주를 즐기는 방식에 대해 고민합니다. \n\n다양한 문화가 공존하는 크래프트비어의 문화에 대하여 보고 느낀 자유로움을 소격동 한옥의 고즈넉함으로 새롭게 담아냈습니다.\n\n기와탭룸의 따사로운 툇마루, 하늘과 계절을 품은 열린 공간은 질 좋은 맥주의 맛을 더욱 높여줄 것입니다.\n\nCheers"
    },
    {
        "no": 16,
        "code": 11569666,
        "images": "https://ldb-phinf.pstatic.net/20150831_284/1440997327235Y936b_JPEG/SUBMIT_1389701170356_11569666.jpg",
        "name": "청수정",
        "adress": "서울 종로구 삼청동 88-23",
        "time": "매일 11:00~21:00",
        "phone": "0507-1366-8293",
        "op": "undefined단체석 /제로페이 /",
        "way": "",
        "booking": "",
        "category": "음식점",
        "menus": [
            "홍합밥정식",
            "19,800원"
        ],
        "description": "안녕하세요 종로구 삼청동에 위치한 청수정입니다.\r\n저희 청수정에서는 신선한 재료만을 엄선하여 맛과 영양\r\n모두 자부하는 안전한 믿을수 있는 요리만을 제공하고 있습니다.\r\n또한 거품없는 합리적이고 저렴한 가격으로 꾸준한 사랑을 받고 있습니다.\r\n최상의 서비스와 최상의 맛으로 정성을 다할것을 약속드리겠습니다."
    },
    {
        "no": 17,
        "code": 33879793,
        "images": "https://ldb-phinf.pstatic.net/20211101_76/1635713130372I0pRk_JPEG/xMjmmsdOfMCrJPlGdML5-mEq.jpeg.jpg",
        "name": "능라밥상",
        "adress": "서울 종로구 행촌동 1-64 능라밥상",
        "time": "매일 09:30~21:30",
        "phone": "02-747-9907",
        "op": "undefined단체석 /포장 /배달 /예약 /무선 인터넷 /남/녀 화장실 구분 /제로페이 /",
        "way": "서대문역 3번 출구로 나와 직진 후 육교를 지나 우회전 후 한양도성을 따라 이어진 오르막길을 올라오시면 보이시는 공영주차장 골목으로 올라와주시면 감사하겠습니다.\n경희궁 자이아파트 102동 옆에 있는 엘리베이터를 이용하시면 보다 쉽게 찾아오실수 있습니다.:)\n\n독립문역 3번 출구로 나와 광화문방향으로 올라오시다가 사직터널 앞 좌측에 있는 영락농인교회 옆 계단으로 올라오시면 466년된 은행나무옆 입니다. :)",
        "booking": "https://booking.naver.com/booking/6/bizes/763622",
        "category": "한식",
        "menus": [
            "평양냉면",
            "17,000원"
        ],
        "description": "주차는 교남동 공영주차장을 이용하시면 됩니다. 하지만 주차 가능 대수 제한이 있어 어려울 수 있는 점 양해 부탁드립니다."
    },
    {
        "no": 18,
        "code": 11853587,
        "images": "https://ldb-phinf.pstatic.net/20150901_165/1441056263417rx4mJ_JPEG/11853587_0.jpg",
        "name": "명륜손칼국수",
        "adress": "서울 종로구 명륜1가 31-23",
        "time": "매일 11:30~13:30 명절 휴무 | 일요일 휴무 | 공휴일 휴무",
        "phone": "02-742-8662",
        "op": "undefined단체석 /",
        "way": "혜화동 로터리에서 성북동길 방향, 삼거리 직전 왼쪽 골목 5m 지점에 위치.",
        "booking": "",
        "category": "한식",
        "menus": [
            "칼국수",
            "10,000원"
        ],
        "description": "주차공간협소(주차3대정도가능)"
    },
    {
        "no": 19,
        "code": 11711983,
        "images": "https://ldb-phinf.pstatic.net/20151124_220/1448352756431VwPei_JPEG/167074574255461_0.jpg",
        "name": "이문설렁탕",
        "adress": "서울 종로구 견지동 88",
        "time": "매일 08:00~21:00 준비시간 15:00-17:00(토,일 제외) | 일요일 08:00~20:00 명절 휴무",
        "phone": "02-733-6526",
        "op": "undefined포장 /예약 /무선 인터넷 /남/녀 화장실 구분 /지역화폐 (카드형) /지역화폐 (모바일형) /제로페이 /",
        "way": "지하철 1호선 종각역에서 3번 출구로 나와서 좌측으로 50m, 삼성타워 뒤편에 위치.",
        "booking": "",
        "category": "한식",
        "menus": [
            "설농탕",
            "13,000원"
        ],
        "description": "약 150석의 좌석이 마련되어 있습니다."
    },
    {
        "no": 20,
        "code": 13560968,
        "images": "https://ldb-phinf.pstatic.net/20181028_56/1540721760294lpLex_JPEG/YFVJF50ktNzLmKYUbutyGgKc.jpg",
        "name": "콩지POT지",
        "adress": "서울 종로구 재동 34-1",
        "time": "평일 11:30~22:00 평일/ 1,2부제 없음 | 주말 11:30~22:00 주말/ 1,2부로 각각 식사시간 나누어 진행  | 공휴일 11:30~22:00 공휴일/ 1,2부로 각각 식사시간 나누어 진행",
        "phone": "02-745-2203",
        "op": "undefined단체석 /주차 /예약 /남/녀 화장실 구분 /제로페이 /",
        "way": "안국역 2번 출구로 나와  헌법재판소 정문을 지나면 아름다운가게가 보입니다.\r\n아름다운가게와 헌법재판소 사이의 골목 끝에 위치한 블루톤 대리석 건물 1,2층이 콩지POT지입니다",
        "booking": "https://booking.naver.com/booking/6/bizes/140893",
        "category": "음식점",
        "menus": [
            "디너 1++한우채끝 코스",
            "128,000원"
        ],
        "description": "북촌한옥마을 최고의 스카이뷰를 자랑하는 캐쥬얼이탈리안레스토랑인 콩지pot지 건물은 서울의 구도시안에 현대적 미학을 담아내 과거와 현재, 동양과 서양의 미적시선이 함께 공존하는 건축물로도 유명하며 방문자에게 맛있는 음식과 더불어 휼륭한 문화체험도 함께 선보입니다."
    },
    {
        "no": 21,
        "code": 11681131,
        "images": "https://ldb-phinf.pstatic.net/20150831_27/14410183305438tgjw_JPEG/11681131_0.jpg",
        "name": "원조할머니 떡볶이집",
        "adress": "서울 종로구 통인동 94-1",
        "time": "매일 08:00~20:00 | 일요일 휴무 셋째주",
        "phone": "02-725-4870",
        "way": "지하철 3호선 경복궁역에서 하차, 자하문 터널방향으로 효자동길에 들어가면 왼편에 통인시장이 나오고, 시장 안 70m 정도 부근에 위치.",
        "booking": "",
        "category": "분식",
        "menus": [
            "떡볶이",
            "8,000원"
        ],
        "description": ""
    },
    {
        "no": 22,
        "code": 19877723,
        "images": "https://ldb-phinf.pstatic.net/20210531_174/1622420133324xQ1V9_JPEG/fX5R0KbFFTh16tK-VkD__SSI.jpg",
        "name": "대장장이화덕피자",
        "adress": "서울 종로구 가회동 202-1",
        "time": "매일 11:30~21:00 매월 셋째주 월요일 휴무 | 평일 15:00~17:00 브레이크타임",
        "phone": "0507-1315-4298",
        "op": "undefined포장 /예약 /무선 인터넷 /제로페이 /",
        "way": "3호선 안국역 2번 출구로 나오셔서 출구 방향 그대로 700M 정도 걸어오시다 보면 진주쉘 가게 옆쪽에 있는 골목으로 들어오시면 오른편에 있습니다.\n(2번 출구 앞 마을버스정류장에서 2번 버스 타시고 가회동 주민센터 정류장에서 내려서 오셔도 됩니다.)",
        "booking": "",
        "category": "음식점",
        "menus": [
            "Buratta Cheese Salad",
            "16,000원"
        ],
        "description": ""
    },
    {
        "no": 23,
        "code": 1051582891,
        "images": "https://ldb-phinf.pstatic.net/20230311_145/1678501826389HUer8_JPEG/20230311_112428.jpg",
        "name": "모녀김밥",
        "adress": "서울 종로구 예지동 235 모사 31호 모녀김밥",
        "time": null,
        "phone": "02-2264-7668",
        "op": "undefined단체석 /포장 /배달 /방문접수/출장 /예약 /지역화폐 (지류형) /",
        "way": "1호선 종로5가역 11번 출구 만남의광장에서\n오시는 방법\n- 농협 옆골목 만남의광장에서 직진,\n쭉 들어오다 2번째 골목 '홍익셔츠'에서 우회전,\n원단골목을 지나 첫 집 모사 31호 모녀김밥\n\n자가용으로 오시는 방법\n'종로구 예지동 한영양복점' 검색 후 골목으로\n들어오시면 끝 집 입니다.",
        "booking": "",
        "category": "분식",
        "menus": [
            "유부초밥",
            "3,000원"
        ],
        "description": "저희 모녀김밥은 50년 전통 원조 마약김밥집입니다.\n많이많이 찾아주세요. 감사합니다"
    },
    {
        "no": 24,
        "code": 11710271,
        "images": "https://ldb-phinf.pstatic.net/20150831_238/1441025778471BBRV6_JPEG/127257455474830_0.jpg",
        "name": "페르시안궁전",
        "adress": "서울 종로구 명륜2가 121-1",
        "time": "평일 11:00~21:30 라스트오더 20:45 | 주말 11:00~21:30 연중무휴",
        "phone": "0507-1372-6050",
        "op": "undefined단체석 /주차 /포장 /배달 /예약 /무선 인터넷 /남/녀 화장실 구분 /",
        "way": "혜화역 4번출구로 나오셔서 성균관대학교 정문으로 맞은편을 보시면 페르시안 궁전 표시와 초록색 바닥의 골목이 있는 곳에 노란색 건물이 있습니다. 버스를 통해 오시는 분은 성균관대입구 사거리 정류장, 마을 버스 종로 08번을 통해 오시는분은 새마을금고 정류장에서 내리시면 됩니다.",
        "booking": "",
        "category": "음식점",
        "menus": [
            "통닭카레정식(2인)",
            "33,000원"
        ],
        "description": "성균관대학교 정문 앞, 인도요리 및 이란 케밥 전문, 할랄 음식, 피로연 전문, 전화 예약가능, 각종 매스컴에 소개된 맛집\n\n*비건(채식주의자) 메뉴도 준비 되어있습니다.*"
    },
    {
        "no": 25,
        "code": 11728094,
        "images": "https://ldb-phinf.pstatic.net/20150831_249/14410308008409RdgG_JPEG/11728094_0.jpg",
        "name": "동북화과왕",
        "adress": "서울 종로구 창신동 463-1 2층",
        "time": null,
        "phone": "02-742-5168",
        "op": "undefined배달 /",
        "way": "4번출구 바로 옆 골목에 위치.",
        "booking": "",
        "category": "중식",
        "menus": [
            "양꼬치",
            "13,000원"
        ],
        "description": "중국식 양갈비구이, 동파족발찜, 홍소잉어, 돼지귀무침, 돼지머리묵도 판매합니다.\n오픈시간 11:30"
    }
]