[
    {
        "no": 0,
        "code": 1417206539,
        "images": "https://ldb-phinf.pstatic.net/20191013_135/1570946898419NRtCV_JPEG/Pq9aoVNa-Gp_RsMtSi8yjIGD.jpg",
        "name": "진어참치",
        "adress": "서울 마포구 연남동 561-8",
        "time": "일요일 16:30~23:00 | 매일 16:30~23:00 | 토요일 16:30~23:00 | 금요일 16:30~23:00 | 목요일 16:30~23:00 | 수요일 16:30~23:00 | 화요일 16:30~23:00 | 월요일 16:30~23:00",
        "phone": "0507-1345-7412",
        "op": "undefined제로페이 /",
        "way": "지하철2호선 홍대입구역 2번출구에서 경성고등학교 방면으로 도보7분입니다",
        "booking": "https://booking.naver.com/booking/6/bizes/307130",
        "category": "한식",
        "menus": [
            "참치회(참)",
            "54,000원"
        ],
        "description": "안녕하세요 진어참치 입니다\n신선한회로 보답해드리겠습니다"
    },
    {
        "no": 1,
        "code": 11707564,
        "images": "https://ldb-phinf.pstatic.net/20150831_58/1441025120744t8XrY_JPEG/166652507121772_16.jpg",
        "name": "프리모바치오바치 홍대본점",
        "adress": "서울 마포구 서교동 346-47",
        "time": "매일 11:00~23:00 Last order 22:00 / 명절당일휴무",
        "phone": "02-323-0098",
        "way": "홍대역 9번출구 걷고싶은거리 방향으로 진입 후 정면으로 보이는 아리따움 오른쪽 골목으로 20m 직진 , 좌측 2층에 위치",
        "booking": "",
        "category": "양식",
        "menus": [
            "빠네 파스타",
            "16,000원"
        ],
        "description": "스파게티 전문점입니다. 매장안에는 아늑한 공간으로 손님들을 편안하게 만들어주며 주방이 오픈되어있어 직접 조리하는 과정도 볼 수 있습니다. 스파게티 뿐만 아니라 피자, 리조또, 샐러드, 각종와인 등이 있어 다양한 맛을 즐길 수 있습니다."
    },
    {
        "no": 2,
        "code": 11707372,
        "images": "https://ldb-phinf.pstatic.net/20220802_1/1659396909271VwEfH_JPEG/C491A3B6-33C3-4CD7-8FCE-6781E41AF831.jpeg",
        "name": "마포옥",
        "adress": "서울 마포구 용강동 50-14",
        "time": "매일 07:00~21:00 연중무휴, 설날, 추석 당일 휴무",
        "phone": "02-716-6661",
        "way": "5호선 마포역 1번 출구로 나와 직진 횡단보도를 건넌 후 오른쪽길, 용강동 방향으로 100m 거리에 위치.",
        "booking": "",
        "category": "한식",
        "menus": [
            "한우 양지탕",
            "18,000원"
        ],
        "description": ""
    },
    {
        "no": 3,
        "code": 1092502636,
        "images": "https://ldb-phinf.pstatic.net/20201116_126/1605511252162CnrFE_JPEG/Muvyox3xKefXV6MfQEnGDvdx.JPG.jpg",
        "name": "가메스시",
        "adress": "서울 마포구 동교동 201-33 A동 1층",
        "time": "매일 11:30~15:00 점심 | 매일 17:00~22:00 저녁",
        "phone": "02-333-6566",
        "op": "undefined포장 /지역화폐 (카드형) /지역화폐 (모바일형) /제로페이 /",
        "way": "홍대입구역 1번 출구 도보 2분거리",
        "booking": "",
        "category": "일식",
        "menus": [
            "모듬초밥(점심메뉴) 11pcs",
            "16,000원"
        ],
        "description": "30년 경력의 고급 일식 전문점의 오너쉐프가\n운영하는 홍대 스시집입니다 .\n합리적인 가격대의 초밥과 숙성회로 메뉴를 구성했습니다\n가격은 비싸지 않지만 신선하고 좋은 식재료와 정성을 담아\n맛있는 초밥과 음식을 내어드리고 있습니다\n방문해주신다면 최선을 다해 모시도록 하겠습니다"
    },
    {
        "no": 4,
        "code": 12913726,
        "images": "https://ldb-phinf.pstatic.net/20201218_180/1608263881639E8Q3r_JPEG/1G8RVBaXwAUM9oEKwzjZP3I6.jpg",
        "name": "역전회관 마포본점",
        "adress": "서울 마포구 염리동 173-21",
        "time": "월요일 휴무 매주 월요일 휴무 | 평일 11:30~22:00 (브레이크타임 15:00~17:00) | 주말 11:30~21:30",
        "phone": "0507-1392-0248",
        "op": "undefined포장 /예약 /무선 인터넷 /남/녀 화장실 구분 /제로페이 /",
        "way": "지하철 5호선 마포역 2번 출구. (도보5분)\n지하철 5호선 공덕역 1번 출구. (도보5분)\n(대흥역,대흥동,용강동 부근) - 단체회식모임 환영",
        "booking": "",
        "category": "음식점",
        "menus": [
            "바싹불고기(400g)",
            "36,000원"
        ],
        "description": "공덕 마포맛집 역전회관은 1929년 순천의 호상식당을 시작으로 4대를 이어 바싹불고기와 선지백반을 주 메뉴로 하여 용산역 앞에서 '역전식당'이라는 이름으로 역을 오가시는 분들과 단골손님 위주로 장사하던 작은 한식집이었습니다.\n \n1929년부터 해오던 그 맛을 꼭 지켜야 겠다는, 그 하나의 신념으로 역전회관은 현재 4대를 이어 운영하고 있습니다.\n\n공덕역 마포역 맛집으로 바싹불고기 해장국 육회비빔밥 낙지볶음 보쌈 삼합 등과 자체 양조장에서 만드는  수제 막걸리  특별한 맛을 전하고 있습니다. (대흥역,대흥동,용강동 부근)- 단체회식모임 환영\n\n긴 세월동안 쌓아온 저희만이 할 수 있는 음식 노하우, 특유의 양념과 직화기술로 역전회관을 찾아주시는 고객님들께 소중한 식경험을 전하고자 합니다."
    },
    {
        "no": 5,
        "code": 1690354455,
        "images": "https://ldb-phinf.pstatic.net/20230721_2/16899155197159SpKP_PNG/%B0%AB%C0%D5_%B7%CE%B0%ED_%B1%D7%B6%F3%B5%A5%C0%CC%BC%C7.png",
        "name": "갓잇 연남점",
        "adress": "서울 마포구 연남동 240-2 1층",
        "time": "평일 15:00~16:10 브레이크타임 | 월요일 11:30~21:50 라스트 오더 21:00 | 화요일 11:30~21:50 라스트 오더 21:00 | 수요일 11:30~21:50 라스트 오더 21:00 | 목요일 11:30~21:50 라스트 오더 21:00 | 금요일 11:30~21:50 라스트 오더 21:00 | 토요일 11:00~21:50 라스트 오더 21:00 | 일요일 11:00~21:50 라스트 오더 21:00",
        "phone": "0507-1312-9451",
        "op": "undefined단체석 /포장 /무선 인터넷 /",
        "way": "",
        "booking": "",
        "category": "음식점",
        "menus": [
            "A 세트 (2인 추천)",
            "37,000원"
        ],
        "description": "[[[ 갓잇 가맹 2호점 의정부민락점 7월27일 오픈 ]]]\n\n< 갓잇 프랜차이즈 OPEN >\n\n*가맹문의\n전화 지원 T.02 420 9451\n홈페이지 지원 www.godeat.co.kr\n\n<주차 및 예약>\n*해당 매장은 주차 및 예약이 불가합니다.\n*이용에 참고 부탁드립니다. 감사합니다.\n\n<BRAND>\n\nGOD EAT은 '신이 먹을만큼 맛있고 건강한 음식'이라는 브랜드 이념으로 탄생한 멕시칸 음식점 입니다.\n\n북미 지역 탐방의 경험과 푸드트럭을 시작으로, 한국에서 가장 Reasonable한 멕시칸 음식점이 되기 위해 오픈 이래 계속 요리를 연구하고 있습니다.\n\n앞으로도 전문적인 쉐프님들의 지속적인 연구 개발, 테스트를 통해 GOD EAT을 방문하시는 모든 분들이 즐길 수 있는 요리를 제공하겠습니다.\n\n<DELIVERY>\n언택트 시대에 맞춰 나갈 수 있는 딜리버리 메뉴를 만들어, 어디에서든 고객님들이 GOD EAT을 드실 수 있게 하는 것이 저희의 목표입니다."
    },
    {
        "no": 6,
        "code": 1260929720,
        "images": "https://ldb-phinf.pstatic.net/20220511_188/1652268037746pfDTP_JPEG/1652268027509.jpg",
        "name": "마포진짜원조최대포집",
        "adress": "서울 마포구 상암동 36-15",
        "time": null,
        "phone": "02-303-9298",
        "op": "undefined포장 /배달 /예약 /남/녀 화장실 구분 /",
        "way": "양평갈비&막국수 60계치킨 사이 골목으로 오시면\n저희 간판이 보입니다~^^",
        "booking": "",
        "category": "한식",
        "menus": [
            "돼지갈비",
            "16,000원"
        ],
        "description": "주차는 불가합니다"
    },
    {
        "no": 7,
        "code": 33237660,
        "images": "https://ldb-phinf.pstatic.net/20150901_121/1441052631827oALzQ_JPEG/SUBMIT_1380336571543_33237660.jpg",
        "name": "구스토타코",
        "adress": "서울 마포구 상수동 146-6",
        "time": "매일 11:30~22:00 | 일요일 11:30~21:00 | 월요일 휴무",
        "phone": "02-338-8226",
        "op": "undefined단체석 /포장 /배달 /예약 /무선 인터넷 /남/녀 화장실 구분 /",
        "way": "상수역 1번 출구 홍대 정문 방향 오른쪽",
        "booking": "",
        "category": "음식점",
        "menus": [
            "타코",
            "7,000~8,000원"
        ],
        "description": "상수동에 위치한 멕시칸레스토랑 타코 !"
    },
    {
        "no": 8,
        "code": 19886254,
        "images": "https://ldb-phinf.pstatic.net/20190731_299/1564562565263kII3X_JPEG/paMVo9ZYCNgHUqXkOQFv7PHC.jpg",
        "name": "장가네곱창구이",
        "adress": "서울 마포구 용강동 122-13",
        "time": "매일 17:30~02:00 재료소진시 종료 | 주말 휴무 | 공휴일 휴무",
        "phone": "02-717-2425",
        "op": "undefined제로페이 /",
        "way": "",
        "booking": "",
        "category": "한식",
        "menus": [
            "곱창",
            "47,000원"
        ],
        "description": "기름기를 빼주는 돌판 위에 구워 담백한 맛을 살린 곱창구이를 맛볼 수 있습니다. 깔끔한 실내에는 양쪽에 놓인 테이블로 가지런히 놓여 있지요. 자리에 앉아 곱창을 주문하면 식전 음식으로 발사믹 소스에 찍어서 즐기는 천엽과 신선한 간, 염통을 미리 내놓는데요. 초벌로 구워 나온 곱이 가득한 곱창은 좋은 평가를 받고 있습니다."
    },
    {
        "no": 9,
        "code": 1554596879,
        "images": "https://ldb-phinf.pstatic.net/20230116_270/1673840429146WUMyH_JPEG/20221002_155520.jpg",
        "name": "코끼리분식",
        "adress": "서울 마포구 도화동 345-4",
        "time": "월요일 휴무 (매월 첫째주, 셋째주 월요일 휴무)",
        "phone": "02-717-9061",
        "op": "undefined포장 /남/녀 화장실 구분 /제로페이 /",
        "way": "가든호텔 뒷골목 GS25편의점과 안경점 사이 골목으로 들어오시면 바로 보입니다.",
        "booking": "",
        "category": "분식",
        "menus": [
            "즉석떡볶이 (2인분)",
            "3,000원"
        ],
        "description": ""
    },
    {
        "no": 10,
        "code": 13489752,
        "images": "https://ldb-phinf.pstatic.net/20190329_190/1553795727458lzli9_JPEG/2ekxc37Ttz3r85inwNJkn7RI.jpeg.jpg",
        "name": "막걸리싸롱",
        "adress": "서울 마포구 서교동 358-92 1층",
        "time": "평일 18:00~24:00 금요일 18시-02시 | 토요일 18:00~02:00",
        "phone": "02-324-1518",
        "op": "undefined단체석 /포장 /배달 /예약 /무선 인터넷 /남/녀 화장실 구분 /",
        "way": "홍대 놀이터 앞 굿타임 편의점 옆 골목 정면에 위치하고있습니다.",
        "booking": "",
        "category": "술집",
        "menus": [
            "치즈김치전",
            "19,000원"
        ],
        "description": "10년간 홍대 최고의 막걸리 가게로 자리하고 있는 막걸리싸롱 (홍대 본점).\n\n전국 각지의 막걸리와 스무디 막걸리 등 다양한 과일. 치즈 막걸리를 제공하는 곳 입니다!\n남녀노소 관계없이 즐길수있는 핫플레이스!\n최고의 맛과 서비스로 여러분들을 모시겠습니다!\n항상 감사드립니다."
    },
    {
        "no": 11,
        "code": 13123910,
        "images": "https://ldb-phinf.pstatic.net/20221209_9/1670559329323NnXi2_JPEG/20221209_131518.jpg",
        "name": "산울림1992",
        "adress": "서울 마포구 창전동 5-138 산울림1992",
        "time": "금요일 17:00~01:00 | 목요일 17:00~01:00 | 수요일 17:00~01:00 | 화요일 17:00~01:00 | 토요일 17:00~01:00 | 월요일 휴무 매주 월요일 휴무 | 일요일 15:00~00:00 일요일->낮술타임[15시~18시:한국술1+1(한정)]",
        "phone": "0507-1417-0352",
        "op": "undefined단체석 /포장 /배달 /예약 /무선 인터넷 /남/녀 화장실 구분 /제로페이 /",
        "way": "※ 홍대입구 경의중앙선 6번 출구에서 도보 5분\n※ 홍대입구 2호선 8번 출구에서 도보 10분\n※ 신촌역 2호선 8번 출구에서 도보 10분",
        "booking": "",
        "category": "술집",
        "menus": [
            "반상1]",
            "44,000원"
        ],
        "description": "※ 대한민국 최고의 전통주(한국술) 전문점\n\n※ 예약안내 - 캐치테이블 어플을 통해 예약 부탁드립니다/ 8인이상 단체는 전화문의 바랍니다.\n\n※ 주차안내 - 인근 공영주차장 이용부탁드립니다."
    },
    {
        "no": 12,
        "code": 898432169,
        "images": "https://ldb-phinf.pstatic.net/20170116_16/14845781737251zewB_JPEG/186066637953584_0.jpeg",
        "name": "깃털",
        "adress": "서울 마포구 동교동 153-11 2층",
        "time": "매일 15:00~22:00 영업제한 시간",
        "phone": "070-4090-1162",
        "op": "undefined단체석 /예약 /무선 인터넷 /반려동물 동반 /제로페이 /",
        "way": "연남동바, 연남동혼술 '깃털' 위치!\n서울시 마포구 동교로 212-2, 2층\n홍대 입구역 2번, 3번 출구 도보 3분, 꽃살집2층 입니다",
        "booking": "",
        "category": "술집",
        "menus": [
            "칵테일",
            "7,000원"
        ],
        "description": "혼술하기 좋은 연남동바, 혼술러들의 성지 깃털.\n사부작 사부작 혼자 와서 같이 놀기 좋은 바.\n간헐적인 힙한 파티와 이벤트!\n새벽5시까지 첫차를 타게하는 슬레머 파도타기\n칵테일, 맥주, 위스키, 잔술을 판매합니다."
    },
    {
        "no": 13,
        "code": 468898817,
        "images": "https://ldb-phinf.pstatic.net/20200512_49/1589283484430r9FQ5_JPEG/yUXvxXMKFwlBibi2rwwW5JF-.jpeg.jpg",
        "name": "남자식탁",
        "adress": "서울 마포구 합정동 388-10 1층 남자식탁",
        "time": "평일 11:00~00:00 브레이크타임 14:00 ~ 17:300",
        "phone": "0507-1324-3035",
        "op": "undefined단체석 /예약 /무선 인터넷 /",
        "way": "합정역 8번출구 도보 3분거리",
        "booking": "",
        "category": "술집",
        "menus": [
            "연어&아보카도 사시미",
            "32,000원"
        ],
        "description": "생연어사시미와 후숙아보카도 다양한 요리\n및 여러가지의 하이볼을 즐기실 수 있습니다"
    },
    {
        "no": 14,
        "code": 33499941,
        "images": "https://ldb-phinf.pstatic.net/20230211_243/1676103602524A2wzz_JPEG/D6ECFEE5-8E9A-4809-9E0A-164286639399.jpeg",
        "name": "발리 슈퍼스토어",
        "adress": "서울 마포구 서교동 396-32 2층",
        "time": "매일 12:00~22:00",
        "phone": "02-323-7871",
        "op": "undefined단체석 /주차 /무선 인터넷 /반려동물 동반 /남/녀 화장실 구분 /",
        "way": "합정역에 하차, 도보로 3분거리에 있습니다.",
        "booking": "",
        "category": "술집",
        "menus": [
            "오렌지 세비체",
            "14,000원"
        ],
        "description": "홍대인에게 10년째 사랑 받는 아지트 발리 슈퍼스토어입니다.\n\n시즌별 새로 소량으로 만들어지는 특별한 수제맥주 모두 다른 이름과,스타일과 레시피로 선보이고 있습니다.\n\n발리 슈퍼스토어는 자체 개발 레시피로 만드는 무국적 요리와 칵테일 ,카페,논 알코올, 와인, 샴페인 ,수제맥주, 위스키 기 준비 되어 있습니다.\n\n직접 만드는 건강한 음식과 주류를 만드는 원칙으로 운영하는 매장입니다.\n\n계절에 따라, 바뀌는 음식과, 페어링 그리고 싱글몰트로 고급스러운 매장을 지향합니다.\n\n이름과 같이 슈퍼스토어(superstore)는 전세계에서 공수해온, 쉽게 접해보지 모든 특별하고 희귀한 소품과, 가구들,공연, 사람, 음식,주류,식물과 꽃이 함께 하는 모든 문화가 공존하는 복합 문화공간 입니다.\n\n아름다운 핫플레이스 발리 슈퍼스토어\n\n언제나 기대하고 오셔도 좋습니다.\n\n을지로3가 @le_temple_euljiro\n                 @jangmanok_euljiro\n르템플을지로, 장만옥을지로 를 함께 운영하는 곳 입니다.\n\n인스타그램 balisuperstore"
    },
    {
        "no": 15,
        "code": 1081305638,
        "images": "https://ldb-phinf.pstatic.net/20220721_100/16583945766251u8hv_JPEG/KakaoTalk_20220721_180858948.jpg",
        "name": "청화접",
        "adress": "서울 마포구 연남동 228-10 지하1층 청화접",
        "time": null,
        "phone": "0507-1333-6580",
        "op": "undefined단체석 /예약 /무선 인터넷 /남/녀 화장실 구분 /",
        "way": "홍대입구역 3번출구 도보 8분\n소이연남 맞은편 역전할머니맥주 옆 입니다^^",
        "booking": "",
        "category": "술집",
        "menus": [
            "모둠숙성사시미(2인)+ 1등급한우육회",
            "38,000원"
        ],
        "description": "유일무이한 분위기의 트렌디한 요리주점 '청화접' 입니다.\n\n푸른 꽃나비를 모티브로 한 특색있는 공간 표현과\n예술적인 요소들을 한데 어우르는 공간입니다.\n\n2인석부터 4인석, 단체석, 다찌석까지\n다양한 테이블 셋팅과 연남동에서 몇 없는\n넓은 규모로 단체석도 보유하고 있으며\n\n신선한 재료와 술먹기 좋은 맛을 갖춘\n다양한 요리류를 선보이고 있습니다."
    },
    {
        "no": 16,
        "code": 1965779216,
        "images": "https://ldb-phinf.pstatic.net/20221212_34/1670836540745vYz0K_JPEG/%B8%C5%C0%E5%B3%BB%BA%CE.jpg",
        "name": "맥주왕명주",
        "adress": "서울 마포구 동교동 170-24 동원빌딩 1층",
        "time": "매일 17:30~04:30 맥주왕명주 항시오픈!!!",
        "phone": "0507-1332-9305",
        "op": "undefined단체석 /포장 /예약 /무선 인터넷 /반려동물 동반 /남/녀 화장실 구분 /지역화폐 (카드형) /",
        "way": "안녕하세요! 맥주왕 길라잡이입니다!\n\n버스 이용하실 경우\n*홍대입구역*에서 하차하셔서 홍대 걷고싶은 거리에서 좌측 동교동 로타리 있는 방면으로 쭉! 오시면 초록간판에 맥주왕명주가 보이실겁니다.\n(버스:217번,5712번,602번,603번,604번 등)\n\n지하철 이용하실 경우\n\n홍대입구 경의선 7번출구로 나오셔서 홍대 걷고싶은 거리 방면으로 100m정도 도보로 직진하시면 됩니다.\n\n홍대입구 2호선 8번출구로 나오셔서 홍대 걷고싶은 거리로 오셔서 좌측으로 100m정도 도보로 오시면 됩니다.\n\n*교통이 혼잡하오니, 도보로 이용하시는 걸 강력추천드립니다.*\n*따로 주차공간이 마련되지 않아, 인근 유료주차구역 이용하셔야 합니다.*",
        "booking": "https://booking.naver.com/booking/6/bizes/581932",
        "category": "술집",
        "menus": [
            "-78.5°C드라이아이스 맥주",
            "24,000원"
        ],
        "description": "홍대맛집! '맥주왕명주'\n노래맛집 포장마차 X 트렌디한 BAR\n누구든 편하게 올 수 있는 친근한 술집\n\n맥주왕 단골이벤트\n\n단골 등록하고 3번째 방문시 10%할인\n단골 등록하고 5번째 방문시 20%할인\n단골등록하고 명주와 친해져서 서비스받자!\n(기한은 명주가 칠순잔치 할 때까지 유효!!)\n\n자세한 사항은 카운터에 문의해주세요!!! 사랑합니다~~!!\n\n항상 가족같은 분위기와 서비스로 행복을 전달드리겠습니다:-)"
    },
    {
        "no": 17,
        "code": 1755908543,
        "images": "https://ldb-phinf.pstatic.net/20230112_295/1673457382733beISa_JPEG/43972333-AF07-4416-8A62-843FFC71520C.jpeg",
        "name": "붉은낙타",
        "adress": "서울 마포구 서교동 367-15 1층 붉은낙타",
        "time": null,
        "phone": "070-4833-5965",
        "op": "undefined단체석 /예약 /무선 인터넷 /남/녀 화장실 구분 /",
        "way": "홍대 술집 / 상상마당과 커버낫 사이 골목으로 10M 정도 걸어오시면 건물 2층 붉은낙타 상호명이 크게 보입니다\n\n( 홍대 오렌즈와 굽네치킨사이 골목으로 들어오신 후 왼쪽 바라보시면 정든집 옆건물 빨간 낙타 그림 보이는 곳입니다! )",
        "booking": "https://booking.naver.com/booking/6/bizes/784292",
        "category": "술집",
        "menus": [
            "통삼겹김치칼제비",
            "29,000원"
        ],
        "description": "홍대 상상마당 근처에 위치한 분위기 좋은 요리주점입니다.\n\n이름에 걸맞는 붉은 조명 아래서 맛있는 요리와 술 한잔 해보는게 어떨까요 ?\n\n저희 붉은낙타가 사막의 오아시스가 되어드리겠습니다."
    },
    {
        "no": 18,
        "code": 86471200,
        "images": "https://ldb-phinf.pstatic.net/20230319_119/1679206655789Sobhe_JPEG/KakaoTalk_20230318_151749137_07.jpg",
        "name": "쿠시노주방",
        "adress": "서울 마포구 동교동 152-18 지하1층 쿠시노주방",
        "time": "매일 17:00~03:00",
        "phone": "010-7245-0503",
        "op": "undefined무선 인터넷 /지역화폐 (지류형) /지역화폐 (카드형) /지역화폐 (모바일형) /제로페이 /",
        "way": "홍대입구역 3번출구 도보 약 5분\n청년닭발1987 지하1층",
        "booking": "",
        "category": "술집",
        "menus": [
            "쿠시노 나베",
            "33,000원"
        ],
        "description": "청년들이 만들어가고 있는\n연남동 야키토리 쿠시노 주방\n--------------------------"
    },
    {
        "no": 19,
        "code": 1893109312,
        "images": "https://ldb-phinf.pstatic.net/20230424_238/1682331883752A8RH6_JPEG/1681294296355.jpg",
        "name": "화담",
        "adress": "서울 마포구 연남동 240-41 1층 화담",
        "time": null,
        "phone": "0507-1407-9076",
        "op": "undefined단체석 /예약 /무선 인터넷 /제로페이 /",
        "way": "[대중교통]\n\n지하철 이용하여 연남동 술집 화담 방문 시\n홍대입구역 경의중앙선 3번 출구에서\n도보로 11분 거리에 위치하고 있습니다.\n렉스코인노래연습장 연남숲길점까지\n직진 후 오른쪽 방향으로 이동한 후\n할리스 연트럴파크점 방향으로 이동,\n홍대담공인중개사사무소에서\n왼쪽 방향으로 이동해주세요.\n카페 얼스어스에서 횡단보도 건너\n직진하시면 발견하실 수 있습니다.\n연남동 주민센터 주변에 위치해 있습니다.\n\n[도보]\n\n도보 이용하여 연남동 데이트 맛집 방문 시\n지하철과 동일합니다.\n\n[자동차]\n\n네비계이션에 아래 도로명 주소로\n화담을 검색하시면 쉽게 찾으실 수 있습니다.\n네비계이션으로 매장을 찾기 힘들 경우,\n매장으로 전화주시면 자세하게 안내드리겠습니다.\n\n도로명주소 : 서울 마포구 성미산로 149-8 1층",
        "booking": "https://booking.naver.com/booking/6/bizes/648256",
        "category": "술집",
        "menus": [
            "청어알젓 카펠리니",
            "18,000원"
        ],
        "description": "[퓨전 한식 요리와 전통주를 맛볼 수 있는 화담]\n\n한적하고 차분한 분위기의 연남동 술집 화담에서\n소소한 일탈의 한식과 전통주를 즐겨보세요!\n\n연남동 한식 술집 화담에서는\n평소에 즐기는 한식에서\n조금은 색다른 일탈을 시도한\n각종 한식 퓨전요리를 만날 수 있습니다.\n\n연남동 데이트 맛집 화담의 시그니처 메뉴\n담백하고 진한 육수의 맛 [백김치찜],\n향긋하고 고소한 들기름향 [청어알젓 카펠리니] 등\n흔하지 않은 특별한 한식 요리들이 준비되어 있습니다.\n\n색다른 분위기의 연남 술집을 찾으시는 분들\n소소한 일탈의 한식과 다양한 종류의 전통주를\n맛볼 수 있는 화담으로 오세요 :)"
    },
    {
        "no": 20,
        "code": 13316501,
        "images": "https://ldb-phinf.pstatic.net/20200811_195/1597125065322jiDTs_JPEG/_ZmHsIOo-EmI_Ecgm8DO1NxR.jpg",
        "name": "앤트러사이트 합정점",
        "adress": "서울 마포구 합정동 357-6",
        "time": "매일 09:00~22:00 월~일",
        "phone": "02-336-7850",
        "op": "undefined주차 /포장 /무선 인터넷 /반려동물 동반 /남/녀 화장실 구분 /",
        "way": "상수역 합정역, 당인리 발전소 정문 앞 두영 이지안 아파트 옆.",
        "booking": "",
        "category": "음식점",
        "menus": [
            "필터커피",
            "변동가격(업주문의)"
        ],
        "description": "앤트러사이트 합정\n\n서울 합정동 당인리 화력발전소 옆 오래된 신발공장은 앤트러사이트의 시작점입니다. 우리는 이 공간을 보존하며 커피로 채워내는 것에 집중했습니다. 내부의 조도를 낮추고 시간의 명암을 만들었고, 실험적 경험을 통해 커피에 대한 태도를 확립할 수 있었습니다. 시작점은 어떤 시간이든 내제해내는 힘이 있다고 생각합니다. 다양한 변화를 통해 계속 지켜나가고 있는 중이며, 앤트러사이트의 모든 시간을 담은 가장 검고 흰 부분이라고 할 수 있는 첫 공간입니다."
    },
    {
        "no": 21,
        "code": 11856545,
        "images": "https://ldb-phinf.pstatic.net/20150901_234/1441057293165VwWx7_JPEG/11856545_0.jpg",
        "name": "미카야",
        "adress": "서울 마포구 서교동 446-59 학산빌딩",
        "time": "매일 12:00~22:00 | 월요일 휴무 | 일요일 휴무",
        "phone": "02-3143-3579",
        "way": "지하철 2호선 홍대입구역 1번출구로 나와 L hotel 끼고 우회전 후 다음 사거리에서 좌회전 후 쭉 들어오셔서 두번째 횡단보도 못미쳐에 있습니다",
        "booking": "",
        "category": "카페,디저트",
        "menus": [
            "아메리카노-hot",
            "4,500원"
        ],
        "description": ""
    },
    {
        "no": 22,
        "code": 19872904,
        "images": "http://blogfiles.naver.net/20151023_114/kyluvjh_1445563728865yVrSI_JPEG/%C8%AB%B4%EB%C4%AB%C6%E4%2C%B6%F3%B8%C1%B5%CE%BD%BA%2C%C8%AB%B4%EB_%B6%F3%B8%C1%B5%CE%BD%BA_%2811%29.jpg#740x416",
        "name": "라망두스",
        "adress": "서울 마포구 서교동 334-13",
        "time": "평일 16:00~23:00 명절 당일 휴무 | 주말 14:00~23:00",
        "phone": "02-336-0314",
        "way": "",
        "booking": "",
        "category": "음식점",
        "menus": [
            "1인 밀크티빙수",
            "12,000원"
        ],
        "description": " 프랑스 paris 르 꼬르동 블루 출신의 파티쉐가 운영하는 케이크 카페입니다. 수제 케이크와 타르트, 마들렌 등의 제과류와 다만프레르, 니나스 홍차 등을 맛볼 수 있지요. 프로피트롤 디저트, 스트로베리 화이트롤, 메이플 시럽이 들어간 호두타르트, 오페라, 레어치즈, 바스크 치즈케이크, 포레노와등이 인기 메뉴입니다."
    },
    {
        "no": 23,
        "code": 1803012578,
        "images": "https://ldb-phinf.pstatic.net/20180324_150/1521873590754TEij1_JPEG/clXM4QsSkWdDTPKFy7LYVBzj.JPG.jpg",
        "name": "해밀 비건베이커리",
        "adress": "서울 마포구 성산동  239-24 1층",
        "time": "평일 09:00~20:00 | 주말 09:00~19:00 | 공휴일 09:00~19:00",
        "phone": "070-7655-0723",
        "op": "undefined단체석 /주차 /포장 /예약 /무선 인터넷 /",
        "way": "▶ 서울 지하철 2호선 홍대입구역 2번출구로 나와서\n  ▶ 마을버스 6번을 타고\n  ▶ 4정류장 이동 후 \"경성고교입구\" 정류장에서 하차\n  ▶ 횡단보도를 건너서 세븐일레븐 편의점 오른쪽 골목으로 이동\n  ▶ 첫번째 골목에서 좌회전 후 20미터 직진하면 오른쪽에 해밀 짜잔~~",
        "booking": "",
        "category": "카페,디저트",
        "menus": [
            "맛있는 비건빵",
            "변동가격(업주문의)"
        ],
        "description": "No Egg! No Milk! No Butter! \n우유, 계란, 버터, 방부제를 사용하지 않고 \n유기농 밀가루와 순 식물성재료로 채식빵을 만드는 비건 베이커리 입니다.\n아토피나 알러지 때문에 일반빵을 드시지 못하는 분들이나 채식을 지향하시는 분들 그리고 \n식이요법으로 먹거리를 제한하시는 분들께 도움이 될 수 있는 빵을 만듭니다.\n더브레드블루에서 시작해서 이제 해밀로 다시한번 태어나는 채식 빵집!\n앞으로도 더 맛나고 건강한 빵으로 여러분을 맞이하겠습니다."
    },
    {
        "no": 24,
        "code": 513246071,
        "images": "https://ldb-phinf.pstatic.net/20190730_126/1564454801459lyNlB_JPEG/XU5l5grmUTHxpz9smYRelFYc.jpeg.jpg",
        "name": "시루케이크",
        "adress": "서울 마포구 합정동 355-8 1층",
        "time": "주말 10:00~21:00 휴무- 첫째,셋째 월요일 / 매주 일요일 | 평일 10:00~21:00 휴무- 첫째,셋째 월요일 / 매주 일요일",
        "phone": "070-4177-7700",
        "op": "undefined포장 /배달 /예약 /무선 인터넷 /반려동물 동반 /남/녀 화장실 구분 /제로페이 /",
        "way": "2호선 합정역 7번출구 5분거리",
        "booking": "https://booking.naver.com/booking/6/bizes/419777",
        "category": "카페,디저트",
        "menus": [
            "흑임자롤떡",
            "6,300원"
        ],
        "description": "                    "
    }
]