[
    {
        "no": 0,
        "code": 31714505,
        "images": "https://ldb-phinf.pstatic.net/20151104_170/1446628148533XfkTl_JPEG/167054583926750_0.jpg",
        "name": "오목집 목동본점",
        "adress": "서울 양천구 목동 917 파라곤 지하상가",
        "time": "매일 11:00~23:30",
        "phone": "0507-1419-6692",
        "op": "undefined단체석 /주차 /포장 /예약 /남/녀 화장실 구분 /지역화폐 (카드형) /제로페이 /",
        "way": "지하철 이용 시, 오목교역 2번출구로 나오셔서 좌측에 목운초등학교와 현대하이페리온(현대백화점) 사이 길로 쭉오시다 보면 우측에 목동파라곤이 위치하고 좌측 계단을 이용하셔서 내려오시면 바로 찾아오실 수 있습니다.",
        "booking": "https://booking.naver.com/booking/6/bizes/795729",
        "category": "한식",
        "menus": [
            "족발(규격돈, 中)",
            "38,000원"
        ],
        "description": "프리미엄 족발 전문점 오목집입니다.\n\n* 온족발은 족발 나오는 시간에 맞춰 평일 15시 30분, 주말 15시부터 드실 수 있습니다. (14시 - 족발 나오는 시간 이전까지는 사이드 메뉴만 주문 가능합니다.)\n\n매일 한정수량만 정성껏 삶아 따뜻하고 부드러운 족발과 맛있는 한상을 대접하겠습니다."
    },
    {
        "no": 1,
        "code": 18417591,
        "images": "https://ldb-phinf.pstatic.net/20170611_48/14971492124887qkzn_JPEG/186561517667603_14.jpeg",
        "name": "가랑삼계탕",
        "adress": "서울 양천구 목동 810-1 2층 가랑삼계탕",
        "time": "매일 10:00~22:00",
        "phone": "02-2647-1373",
        "op": "undefined단체석 /포장 /예약 /남/녀 화장실 구분 /장애인 편의시설 /",
        "way": "서울 양천구 목동로 210 타운빌딩 2층\n5호선 목동역 3번출구 50m 앞\n\n홍익병원 건너편 대각선 베스킨라빈스 2층",
        "booking": "",
        "category": "한식",
        "menus": [
            "한방 삼계탕",
            "19,000원"
        ],
        "description": "안녕하세요~ 가랑삼계탕입니다.\n\n저희 가랑삼계탕은 (구)송학삼계탕부터 2003년을 시작으로 20년 동안 꾸준히\n고객님들의 사랑을 받아오고 있습니다.\n\n고객님들의 영양과 건강을 생각해\n엄섬된 육질의 고기와 황기, 홍화제, 계지 등 30가지의 한방약재를 정성껏 다려\n고객님들의 원기회복과 깊고 진한 육수맛을 선사해드립니다.\n일체 첨가물을 넣지 않은 천연재료와 국내산 식재료만을 사용해 건강과 특별한 맛의 깊이를 전해드립니다.\n\n정성스런 마음으로 고객님들을 모시겠습니다.\n감사합니다."
    },
    {
        "no": 2,
        "code": 11726057,
        "images": "https://ldb-phinf.pstatic.net/20160121_230/1453345887832XysTz_JPEG/176071524146565_0.jpg",
        "name": "광양불고기",
        "adress": "서울 양천구 신월동 438-5",
        "time": "매일 10:00~22:00",
        "phone": "02-2697-9999",
        "op": "undefined단체석 /",
        "way": "https://open.kakao.com/o/sfcHzOKe",
        "booking": "",
        "category": "한식",
        "menus": [
            "광양불고기180g",
            "27,000원"
        ],
        "description": "배운산 참나무 숯으로 구워 특별한 맛.\n천하일미, 마로화적."
    },
    {
        "no": 3,
        "code": 19877462,
        "images": "https://ldb-phinf.pstatic.net/20150831_149/1441020772885iO3Vg_JPEG/156155407875135_0.jpg",
        "name": "옥천집",
        "adress": "서울 양천구 신정동 992-6 1층",
        "time": "매일 11:00~21:00 (마지막주문 20시, 명절 휴무)",
        "phone": "02-2695-4554",
        "way": "",
        "booking": "",
        "category": "한식",
        "menus": [
            "보리밥청국장",
            "9,000원"
        ],
        "description": "목동에 아파트 단지가 들어서기 전부터 영업을 하던 곳입니다. 허름만 분위기에 화려한 메뉴는 없지만, 주인이 직접 담근 청국장과 된장의 구수한 옛맛 때문에 꾸준히 사랑받는 곳입니다. 보리밥을 시켜서, 여러 나물과 청국장을 넣고 슥슥 비벼 먹는 메뉴가 가장 인기라고 하네요."
    },
    {
        "no": 4,
        "code": 36167160,
        "images": "https://ldb-phinf.pstatic.net/20220912_197/16629853189412e8P2_JPEG/104B49F3-E19E-4A52-BF27-0EE5530D6DD2.jpeg",
        "name": "항아리보쌈 목동점",
        "adress": "서울 양천구 신정동 296-69",
        "time": "매일 11:30~11:00 연중무휴",
        "phone": "02-2696-0053",
        "op": "undefined단체석 /주차 /포장 /배달 /예약 /무선 인터넷 /남/녀 화장실 구분 /제로페이 /",
        "way": "양천구 보훈회관 뒤에 위치하고 있습니다. 오목교역에서 도보 10분거리입니다.",
        "booking": "",
        "category": "육류,고기요리",
        "menus": [
            "2인 커플세트 보쌈小 + 쟁반/막국수",
            "41,000원"
        ],
        "description": "항아리보쌈 목동점 은  생활의 달인 에서 1등한 명품보쌈입니다. 매일 신선한 재료를 직접 장보며 보쌈은 매일 삶으며 김치 또한 당진 고추가루를 사용하여 가게에서 직접 만들고 있습니다. 특히 쟁반국수와 막국수의 육수는 토종닭만을 엄선하여 직접 육수를 내린 천혜의 보양식입니다. 저희 항아리보쌈은 기름에 튀기거나 굽지않아 포화지방산 및 여러 노폐물들이 함유되지 않은 건강식입니다. 최상의 맛과 신선도를 유지하고자 신선한 재료와 진심이 담긴 정성을 통해 매일 보쌈을 삶고 있으며 그 날 사용하지 못한 보쌈은 폐기하여 고객님들에게 최고의 맛을 전달해드리고자 노력하고 있습니다. 앞으로도 매일, 더 맜있는 보쌈을 만들고자 연구겠습니다. 오직 최고의 맛을 항아리보쌈 목동점에서 맛보세요!"
    },
    {
        "no": 5,
        "code": 36771856,
        "images": "https://ldb-phinf.pstatic.net/20201212_59/1607753915206Uov6I_JPEG/sbmQHI_DH9giiV3URvOF0_Mu.jpg",
        "name": "히노야마",
        "adress": "서울 양천구 신정동 321-6 센트럴프라자 119호",
        "time": "금요일 11:30~21:00 면 준비시간 15:00~17:00 | 목요일 11:30~21:00 면 준비시간 15:00~17:00 | 화요일 11:30~21:00 면 준비시간 15:00~17:00 | 월요일 11:30~21:00 면 준비시간 15:00~17:00 | 주말 11:30~21:00 면 준비시간 15:30~17:00 | 공휴일 11:30~21:00 면 준비시간 15:30~17:00 | 수요일 휴무",
        "phone": "0507-1305-8667",
        "op": "undefined단체석 /주차 /포장 /무선 인터넷 /남/녀 화장실 구분 /지역화폐 (지류형) /지역화폐 (카드형) /지역화폐 (모바일형) /제로페이 /",
        "way": "양천구청 뒷편 센트럴프라자1층",
        "booking": "",
        "category": "일식",
        "menus": [
            "사누끼우동",
            "9,900원"
        ],
        "description": "중소벤처기업부에서 인증한 백년가게\n\nSince 1992년\n가게 문을 연 30년 전 부터...\n직접달인 360시간 숙성간장으로 만든 우동국물과 11시간 숙성반죽 자가제면까지 빚어낸 명품 사누끼우동.\n\n29년전통의 목동 수타우동전문점 히노야마(구:아소산) 오랜전통을 가진 일본우동은 도쿄를 중심으로 한 관동 지방의 우동과 오사카를 중심으로 한 관서지방의 것으로 구분됩니다. 그 맛은 개인의 취향에 따라 다르겠지만 기후가 좋아 양질의 밀이 생산되는 시꼬꾸지방을 중심으로 발달된 관서지방의 우동을 더 치며 이를 사누끼 우동이라 합니다. 히노야마는 이런 사누끼 우동을 그대로 재현하였습니다.\n\n주차장은 목동서로를 따라 이동하다가 센트럴프라자에서 좌회전하시면, 주차장 입구가 있습니다.\n\n목동우동\n서울우동맛집\n목동맛집\n양천구맛집\n붓가케우동\n납작우동 드시러오세요"
    },
    {
        "no": 6,
        "code": 1757807118,
        "images": "https://ldb-phinf.pstatic.net/20190421_34/1555853424572AUxMl_JPEG/nyLZtiRz0vHZw_htbqCyZsfz.JPG.jpg",
        "name": "먹자대게",
        "adress": "서울 양천구 목동 923",
        "time": "매일 11:00~23:00",
        "phone": "02-2647-1500",
        "op": "undefined단체석 /주차 /포장 /예약 /남/녀 화장실 구분 /제로페이 /",
        "way": "",
        "booking": "",
        "category": "해물,생선요리",
        "menus": [
            "대게세트(1kg/시가)",
            "변동가격(업주문의)"
        ],
        "description": "대게, 킹크랩,랍스타, 붉은대게세트는 활어회를 포함한 다양한 스끼다시와 함께 푸짐한 한상차림으로 부담없이 즐기실 수 있습니다.\n격식이 있는 단체모임이나 직장회식, 귀한 분을 모시고 대접하는 자리, 가족모임에 안성맞춤입니다."
    },
    {
        "no": 7,
        "code": 1897626504,
        "images": "https://ldb-phinf.pstatic.net/20230412_209/1681264728353hAGvQ_JPEG/%C1%F8%B4%EB%B0%A8-2782_%281%29.jpg",
        "name": "진대감 목동점",
        "adress": "서울 양천구 목동 406-271",
        "time": "평일 11:30~24:00 B·T 15:00~17:00 | 주말 11:30~22:00",
        "phone": "02-2654-2001",
        "op": "undefined단체석 /주차 /예약 /무선 인터넷 /남/녀 화장실 구분 /",
        "way": "5호선 오목교역 1번, 3번출구 도보 5분",
        "booking": "https://booking.naver.com/booking/6/bizes/269067",
        "category": "육류,고기요리",
        "menus": [
            "점심)시원한 묵밥밥상",
            "10,000원"
        ],
        "description": "한우 차돌박이, 서해안 생물 키조개 관자,\n단양 소백산 곤드레, 여수 돌산갓김치, 고들빼기, 명이나물 등\n산지 직송 전국 각지의 최고의 재료들로 담근 찬들의 이색적인 조화!\n맛있는 한 끼를 선사해드립니다.\n\n진짜 대단한 감동을 드리는 목동 맛집 진대감이 되겠습니다.\n\n우리는 WE SAVE, 아동을 살리는 가게입니다.\n매월 수익의 일부가 세이브더칠드런을 통해 아동에게 후원됩니다.\n\n-----------------\nTV 방송출연\n\n210807 [MBC] 전지적참견시점 - 164회\n180914 [Comedy TV] 맛있는녀석들 - 186회\n180728 [MBC] 전지적참견시점 - 14회\n180404 [tv N] 드라마 '나의아저씨' - 5화\n170928 [SBS] 생방송투데이 - 1970회\n160308 [tv N] 현장토크쇼 택시 - 419회\n160220 [SBS CNBC] 식객남녀 잘먹었습니다3 - 43회\n131128 [KBS2] 생생정보통 - 759회\n130126 [K STAR] 식신로드 - 114회"
    },
    {
        "no": 8,
        "code": 1006553454,
        "images": "https://ldb-phinf.pstatic.net/20230503_73/1683104918656htcG7_JPEG/1682749620331.jpg",
        "name": "넴넴",
        "adress": "서울 양천구 목동 405-168 1층",
        "time": null,
        "phone": "0507-1394-1233",
        "way": "오목교역 8번출구에서 2분거리에 있습니다.",
        "booking": "",
        "category": "음식점",
        "menus": [
            "양지쌀국수",
            "9,000원"
        ],
        "description": ""
    },
    {
        "no": 9,
        "code": 36771856,
        "images": "https://ldb-phinf.pstatic.net/20201212_59/1607753915206Uov6I_JPEG/sbmQHI_DH9giiV3URvOF0_Mu.jpg",
        "name": "히노야마",
        "adress": "서울 양천구 신정동 321-6 센트럴프라자 119호",
        "time": "금요일 11:30~21:00 면 준비시간 15:00~17:00 | 목요일 11:30~21:00 면 준비시간 15:00~17:00 | 화요일 11:30~21:00 면 준비시간 15:00~17:00 | 월요일 11:30~21:00 면 준비시간 15:00~17:00 | 주말 11:30~21:00 면 준비시간 15:30~17:00 | 공휴일 11:30~21:00 면 준비시간 15:30~17:00 | 수요일 휴무",
        "phone": "0507-1305-8667",
        "op": "undefined단체석 /주차 /포장 /무선 인터넷 /남/녀 화장실 구분 /지역화폐 (지류형) /지역화폐 (카드형) /지역화폐 (모바일형) /제로페이 /",
        "way": "양천구청 뒷편 센트럴프라자1층",
        "booking": "",
        "category": "일식",
        "menus": [
            "사누끼우동",
            "9,900원"
        ],
        "description": "중소벤처기업부에서 인증한 백년가게\n\nSince 1992년\n가게 문을 연 30년 전 부터...\n직접달인 360시간 숙성간장으로 만든 우동국물과 11시간 숙성반죽 자가제면까지 빚어낸 명품 사누끼우동.\n\n29년전통의 목동 수타우동전문점 히노야마(구:아소산) 오랜전통을 가진 일본우동은 도쿄를 중심으로 한 관동 지방의 우동과 오사카를 중심으로 한 관서지방의 것으로 구분됩니다. 그 맛은 개인의 취향에 따라 다르겠지만 기후가 좋아 양질의 밀이 생산되는 시꼬꾸지방을 중심으로 발달된 관서지방의 우동을 더 치며 이를 사누끼 우동이라 합니다. 히노야마는 이런 사누끼 우동을 그대로 재현하였습니다.\n\n주차장은 목동서로를 따라 이동하다가 센트럴프라자에서 좌회전하시면, 주차장 입구가 있습니다.\n\n목동우동\n서울우동맛집\n목동맛집\n양천구맛집\n붓가케우동\n납작우동 드시러오세요"
    },
    {
        "no": 10,
        "code": 1611766587,
        "images": "https://ldb-phinf.pstatic.net/20191112_97/1573484953330QJ0zM_JPEG/AUixnkOQT0oJKYuc-OoxH1oD.jpg",
        "name": "칸지",
        "adress": "서울 양천구 목동 406-206",
        "time": "매일 16:00~05:00 1F | 매일 17:00~04:00 2F",
        "phone": "0507-1430-1280",
        "op": "undefined단체석 /주차 /포장 /예약 /남/녀 화장실 구분 /",
        "way": "목동 현대백화점 정문 건너편에 위치하고 있습니다.",
        "booking": "",
        "category": "술집",
        "menus": [
            "사시미",
            "42,000~99,000원"
        ],
        "description": "안녕하세요. 목동 1등 술집 이자카야 칸지입니다. \n현대적인 일본요리와 합리적인 가격의 니혼슈, 와인을 즐기실 수 있는 편안한 공간으로 모시겠습니다."
    },
    {
        "no": 11,
        "code": 1624854524,
        "images": "https://ldb-phinf.pstatic.net/20230619_48/16871368951876cfv0_JPEG/KakaoTalk_20230616_145912970.jpg",
        "name": "유메시",
        "adress": "서울 양천구 목동 609-20 정목빌딩 1층 1호",
        "time": "화요일 17:00~02:00 매주월요일 휴무  | 목요일 17:00~02:00 매주월요일 휴무  | 수요일 17:00~02:00 매주월요일 휴무  | 일요일 17:00~02:00 매주월요일 휴무  | 토요일 17:00~03:00 | 금요일 17:00~03:00",
        "phone": "0507-1478-3131",
        "op": "undefined단체석 /포장 /배달 /예약 /무선 인터넷 /남/녀 화장실 구분 /제로페이 /",
        "way": "[자차]\n서울 양천구 목동중앙북로7가길 4 정목빌딩 1층 1호(목동 609-20)\n\n[주차]\n근처 100미터 거리에 한두공영주차장이용(시간당 600원)\n\n[도보 or 대중교통]\n-등촌역 4번출구로 나와 베스킨라빈스까지 걷습니다.\n\n-베스킨라빈스 골목으로 들어와 30m직진합니다.\n\n-메머드커피 바로 왼쪽에 나무인테리어를 보시면 유메시가 나옵니다.\n\n네이버지도로 '유메시'를 검색하시면 보다 쉽게 길을 찾으실 수 있습니다:)",
        "booking": "https://booking.naver.com/booking/6/bizes/575125",
        "category": "술집",
        "menus": [
            "제철모듬숙성회",
            "55,000원"
        ],
        "description": "고급어종 숙성회 전문점 유메시입니다. 저희 가게 오시는 모든 분들의 저녁 시간이 늘 행복할 수 있는 공간이 되겠습니다."
    },
    {
        "no": 12,
        "code": 1257258094,
        "images": "",
        "name": "진미집",
        "adress": "서울 양천구 목동 516 1층 1호",
        "time": "매일 17:00~02:30 매월 넷째 주 일요일 휴무",
        "phone": "02-3664-6400",
        "way": "",
        "booking": "",
        "category": "술집",
        "menus": [
            "얼큰칼국수",
            "7,000원"
        ],
        "description": ""
    },
    {
        "no": 13,
        "code": 34079321,
        "images": "https://ldb-phinf.pstatic.net/20201119_202/1605750885315QKe9e_JPEG/YZXt46aZWQEqgFfoksbkKf6h.JPG.jpg",
        "name": "윤정포차",
        "adress": "서울 양천구 신정동 1031-11 1층",
        "time": "매일 16:00~03:00",
        "phone": "02-2649-6598",
        "op": "undefined포장 /배달 /무선 인터넷 /남/녀 화장실 구분 /",
        "way": "2호선 신정네거리역 3번 4번출구 중간쯤 배스킨라빈스 골목으로 들어오시면 바로 윤정입니다.",
        "booking": "",
        "category": "술집",
        "menus": [
            "닭도리탕",
            "24,000원"
        ],
        "description": "안녕하세요 윤정포차입니다^^\n양천구 신정동에서 20년간 한결같은 맛을 지키고 있는 레트로한느낌의 정통포차에요~\n양천구에서 술 먹는 사람들 사이에서는 모를 사람이 없을정도로 인지도가 높음을 자랑합니다.\n20년이란 세월이 있기에 정통포차로 레트로 감성이 묻어있고 술이 땡기는 포차랍니다~\n저렴하고 푸짐하며 사장님이 직접 발품팔아 식재료 공수 하기에 신선하고 저렴한 가격에\n즐길 수 있습니다.\n엄청나게 저렴한 가격으로 운영하기 때문에 술 주문은 필수! 예요~\n이미 티맵 검색시 '티맵인기' 확인가능 합니다.\n-윤정포차가 양천구 신정네거리역부근이 본점임을 꼭기억해주세요 !!!\n\n-가게앞 유료주차장있습니다!"
    },
    {
        "no": 14,
        "code": 1270210820,
        "images": "https://ldb-phinf.pstatic.net/20220502_271/1651465797619dtYfu_JPEG/D4AE37EA-036B-4E2F-9B19-69DD5B5A85E6.jpeg",
        "name": "하이",
        "adress": "서울 양천구 목동 406-121 2층",
        "time": "목요일 16:00~00:00 매주 월요일 휴무 | 수요일 16:00~00:00 매주 월요일 휴무 | 화요일 16:00~00:00 매주 월요일 휴무 | 일요일 16:00~01:00 | 토요일 16:00~01:00 | 금요일 16:00~01:00",
        "phone": "0507-1350-7743",
        "op": "undefined단체석 /예약 /무선 인터넷 /지역화폐 (카드형) /제로페이 /",
        "way": "오목교역 1번출구에서 이디야 방향으로 직진후 경로당 옆건물 2층입니다.!",
        "booking": "https://booking.naver.com/booking/6/bizes/591007",
        "category": "술집",
        "menus": [
            "와인",
            "26,000원"
        ],
        "description": "쉽고 재밌는 오목교 와인바!\n주말(금,토)은 와인 바틀주문 필수로 운영됩니다 감사합니다!"
    },
    {
        "no": 15,
        "code": 1650023028,
        "images": "https://ldb-phinf.pstatic.net/20230710_31/1688996915006ADKWA_JPEG/1688975025471.jpg",
        "name": "사쿠라테이엔 오목교점",
        "adress": "서울 양천구 목동 406-28 슬로우스퀘어 1층 127호, 128호",
        "time": "매일 17:00~03:00 *연중무휴입니다",
        "phone": "0507-1331-7614",
        "op": "undefined단체석 /주차 /포장 /예약 /무선 인터넷 /남/녀 화장실 구분 /제로페이 /",
        "way": "오목교역 3번출구로 나오시면 왼편에 걸어서 30초거리에 위치해있습니다.\n※ 차량은 가지고 오시는 고객님들께서는 오목교역 3번출구 앞쪽에 위치한 지하주차장입구를 통해서 목동 슬로우스퀘어건물에 주차하시면 됩니다.",
        "booking": "https://booking.naver.com/booking/6/bizes/363738",
        "category": "술집",
        "menus": [
            "자연산제주딱새우회&딱새우전골",
            "55,000원"
        ],
        "description": "블로거들이 극찬하는 내공이 있는 정통 이자카야. 일본식 특제소스를 통한 수제요리와 매일 한정판매되는 시그니처 메뉴. 미슐랭 3스타에게 전수받은 비교불가 퀄리티의 대표메뉴들."
    },
    {
        "no": 16,
        "code": 20610098,
        "images": "https://ldb-phinf.pstatic.net/20210708_242/1625720087739sE1FG_JPEG/j9DBeHqSHW95UAKNVwZ8VXxs.jpg",
        "name": "알콜트리",
        "adress": "서울 양천구 목동 406-227 지하1층",
        "time": "매일 17:30~22:00",
        "phone": "0507-1408-3012",
        "op": "undefined단체석 /예약 /무선 인터넷 /남/녀 화장실 구분 /제로페이 /",
        "way": "목동 현대백화점 정문 횡단보도 길건너편 팔각도건물 지하1층입니다^^",
        "booking": "",
        "category": "술집",
        "menus": [
            "혼술세트",
            "22,000원"
        ],
        "description": "2010년부터 오목교에서 동네Bar로 사랑받고 있는 알콜트리입니다 :)\n칵테일부터 위스키까지 다양하게 만나볼 수 있습니다."
    },
    {
        "no": 17,
        "code": 20825930,
        "images": "https://ldb-phinf.pstatic.net/20150901_212/1441067185117GNmU6_JPEG/146365567720126_0.jpeg",
        "name": "청춘시대",
        "adress": "서울 양천구 신정동 902-5",
        "time": "매일 16:00~08:00",
        "phone": "02-2604-8811",
        "op": "undefined단체석 /예약 /남/녀 화장실 구분 /",
        "way": "",
        "booking": "",
        "category": "술집",
        "menus": [
            "야채계란말이",
            "11,900원"
        ],
        "description": "저희 청춘시대에서는 여러분의 즐거운 식사를 위해 사장님 아래 저희 전종업원과 조리사들은 최선을 다하고 있으며, 한분의 손님이라도 \r\n최선을 다해 만족시켜 드리도록 편안하고 청결한 분위기와 질적 고급화를 통해 노력하고 있습니다. 언제나 고객님들이 맛있게 드시고 나가시는 뒷모습을 중요하게 여기고 있으며 항상 친절하게 모실 것을 약속드립니다. 감사합니다."
    },
    {
        "no": 18,
        "code": 1789398037,
        "images": "",
        "name": "열린공간",
        "adress": "서울 양천구 목동 799-6",
        "time": null,
        "phone": "02-2602-6277",
        "op": "undefined단체석 /주차 /포장 /예약 /",
        "way": "",
        "booking": "",
        "category": "술집",
        "menus": [
            "순두부 수제비탕",
            "15,000원"
        ],
        "description": ""
    },
    {
        "no": 19,
        "code": 1024299025,
        "images": "https://ldb-phinf.pstatic.net/20230720_249/1689788114895UaUwj_JPEG/62D67E8B-272F-4F7F-9AD5-C9DB91A4C4A1.jpeg",
        "name": "포코아",
        "adress": "서울 양천구 목동 520-27 1~2층",
        "time": "매일 10:00~21:00 | 매일 16:00~17:00 브레이크타임 (주말제외)",
        "phone": "0507-1375-1833",
        "op": "undefined단체석 /포장 /무선 인터넷 /남/녀 화장실 구분 /제로페이 /",
        "way": "네비게이션 사용 시 '포코아' 입력해주시면 됩니다.\n주차공간은 '목동근린공원' 주변 주차 후 벽면에 걸린 번호로 유료주차 전환하시면 됩니다:)",
        "booking": "",
        "category": "음식점",
        "menus": [
            "포코아 브랙퍼스트 (브런치)",
            "23,000원"
        ],
        "description": "도심 속 자연을 담은 감성 힐링공간 '포코아'\n늘 새로움을 드릴 수 있도록 항상 노력하고 있습니다. 낮에는 브런치를 선보이고 있으며, 밤엔 다이닝을 선보일 수 있는 공간입니다.\n\n'예약문의'\n캐치테이블 (하단링크 참조)\n0507-1375-1833\n@focoa.official / DM"
    },
    {
        "no": 20,
        "code": 1722123158,
        "images": "https://ldb-phinf.pstatic.net/20180315_174/1521108482865gK75D_JPEG/HByYVX70maezFqwjlQR4Hcd5.jpg",
        "name": "카멜리온",
        "adress": "서울 양천구 신정동 987-1",
        "time": "일요일 11:00~22:00 | 수요일 11:00~22:00 | 목요일 11:00~22:00 | 금요일 11:00~22:00 | 토요일 11:00~22:00 | 화요일 휴무 | 월요일 휴무",
        "phone": "0507-1303-8798",
        "op": "undefined주차 /포장 /예약 /",
        "way": "서울 지하철 5호선 목동역 8번 출구에서 6-7분, 5호선 신정역 3번 출구에서 2분 정도 소요되는 거리에 위치해있습니다.",
        "booking": "https://booking.naver.com/booking/6/bizes/289751",
        "category": "카페,디저트",
        "menus": [
            "정통 멜론빵",
            "1,700원"
        ],
        "description": "SBS 생방송투데이에 방영된 서울 유일의 멜론빵 전문점입니다. :)"
    },
    {
        "no": 21,
        "code": 38641779,
        "images": "https://ldb-phinf.pstatic.net/20181228_262/15460063073035gj5N_JPEG/EccgYThEUX6FTMNBS3SImvzU.jpeg.jpg",
        "name": "블루밀",
        "adress": "서울 양천구 목동 531-18 1층",
        "time": "토요일 10:00~22:00 | 평일 10:00~22:00",
        "phone": "0507-1434-4567",
        "op": "undefined단체석 /포장 /무선 인터넷 /",
        "way": "",
        "booking": "",
        "category": "카페,디저트",
        "menus": [
            "크림치즈품은먹물빵",
            "4,900원"
        ],
        "description": ""
    },
    {
        "no": 22,
        "code": 1393711426,
        "images": "https://ldb-phinf.pstatic.net/20200809_176/1596969866820WSyMB_JPEG/YzeAiewX9__UhwTde7fVJSiy.jpg",
        "name": "타조메롱",
        "adress": "서울 양천구 목동 521-32 1층",
        "time": "평일 10:30~21:00 라스트 오더 오후 8시까지  | 토요일 10:30~21:00 라스트 오더 오후 8시까지 | 일요일 09:00~21:00 라스트 오더 오후 8시까지 ",
        "phone": "0507-1427-2032",
        "op": "undefined주차 /포장 /무선 인터넷 /남/녀 화장실 구분 /",
        "way": "염창역 3번 출구에서 목동소공원 방면 300m 도보 후 현대자동차에서 우회전하여 50m (성문교회 앞). 주차공간 3대까지 여유 있습니다",
        "booking": "",
        "category": "음식점",
        "menus": [
            "크로플 (브라운치즈/망고)",
            "9,000원"
        ],
        "description": "저녁 9시까지만 영업합니다.\n주차 문의를 많이 하시는데 2~3대까지 주차 가능하세요\n\n공간이 협소한 편이어서 주말은 아주 혼잡한 편이에요. 조용한 분위기를 원하시는 경우 오전이나 저녁 또는 평일에 이용하시는 편이 나으세요\n\n테이크아웃은 보다 저렴하게 이용 가능하세요. 아메리카노 to-go의 가격이 2,800원입니다~~\n\n쿠폰 10개를 모으시고 생망고주스를 제외한 모든 음료 중에서 1잔을 무료로 이용하세요"
    },
    {
        "no": 23,
        "code": 1187298334,
        "images": "https://ldb-phinf.pstatic.net/20220420_225/1650432458496ENzj3_JPEG/65D3CFD9-2C97-4BC5-BA2C-8B3392167F01.jpeg",
        "name": "포곤포곤",
        "adress": "서울 양천구 목동 405-298 1층 포곤포곤베이커리",
        "time": "일요일 휴무 | 월요일 휴무 | 금요일 11:00~19:00 재고 소진시 조기마감합니다 | 토요일 11:00~19:00 재고 소진시 조기마감합니다 | 목요일 11:00~19:00 재고 소진시 조기마감합니다 | 수요일 11:00~19:00 재고 소진시 조기마감합니다 | 화요일 11:00~19:00 재고 소진시 조기마감합니다",
        "phone": "0507-1387-4410",
        "op": "undefined포장 /방문접수/출장 /예약 /남/녀 화장실 구분 /제로페이 /",
        "way": "오목교7번출구에서 직진후 우회전",
        "booking": "",
        "category": "카페,디저트",
        "menus": [
            "밤 휘낭시에",
            "2,800원"
        ],
        "description": "좋은 재료로 당일 구운빵을 판매하고 있습니다."
    }
]