[
    {
        "no": 0,
        "code": 13152789,
        "images": "https://ldb-phinf.pstatic.net/20220806_51/1659789437484ABJAJ_JPEG/QhPHNAc3YW4INmBD3Wu5ccit.jpg",
        "name": "벨라프라하",
        "adress": "서울 서대문구 대현동 37-35",
        "time": "평일 11:00~21:50 | 공휴일 11:30~20:50 | 주말 11:30~20:50",
        "phone": "0507-1319-3559",
        "op": "undefined포장 /무선 인터넷 /제로페이 /",
        "way": "이대역 2번 출구에서 300m 직진,\n이대정문 좌회전 후 200m 직진 후\n에그셀런트 건물 골목으로 좌회전하시면 보여요",
        "booking": "https://booking.naver.com/booking/6/bizes/271334",
        "category": "카페,디저트",
        "menus": [
            "뜨르들로",
            "3,000원"
        ],
        "description": "Since.2008\n로스팅카페\n핸드드립전문점\n아트라떼\n커피 및 다과 케이터링\n체코 전통 디저트 전문점\n문의 02.363.3559   /    010.6318.3559"
    },
    {
        "no": 1,
        "code": 11570104,
        "images": "https://ldb-phinf.pstatic.net/20180309_124/1520563607768SEAOe_JPEG/irUTQMkFPx-rIyddSEgg_ZBW.jpg",
        "name": "티앙팡 오후의 홍차",
        "adress": "서울 서대문구 대현동 54-4 2층",
        "time": "매일 12:00~23:00 연중무휴",
        "phone": "02-364-4196",
        "way": "이대역 3번 출구, 첫 번째 골목에서 꺾어 들어가 이대 방향으로 쭉 내려오면 오른편에 위치.",
        "booking": "",
        "category": "카페,디저트",
        "menus": [
            "러시안티",
            "8,400원"
        ],
        "description": "홍차 전문점입니다. 사장님이 직접 모은 400여 가지의 차가 준비되어 있으며, 차와 함께 곁들이는 직접 만든 양갱이 인기 메뉴라고 합니다."
    },
    {
        "no": 2,
        "code": 1038526987,
        "images": "https://ldb-phinf.pstatic.net/20221031_161/166716854433241cwJ_JPEG/KakaoTalk_20221013_142801149_13.jpg",
        "name": "만동제과",
        "adress": "서울 서대문구 창천동 448",
        "time": "매일 11:00~20:30 명절 휴무",
        "phone": "0507-1404-5079",
        "op": "undefined포장 /무선 인터넷 /",
        "way": "[자차]\n서울 서대문구 연희로 32(창천동 448)\n\n[주차]\n주차장이 따로 없으니, 대중교통을 이용해주시기 바랍니다:)\n\n[대중교통 or 도보]\n-홍대입구역 3번출구로 나옵니다.\n\n-올리브영에서 왼쪽방향으로 BBQ치킨이 나올때까지 직진합니다.\n\n-길을 건너 등교동삼거리에서 왼쪽방향으로 200m 직진하시면 '만동제과' 간판을 보실 수 있습니다^^\n\n네이버지도로 '만동제과'를 검색하시면, 보다쉽게 길을 안내받으실 수 있습니다:)",
        "booking": "",
        "category": "카페,디저트",
        "menus": [
            "마늘바게트",
            "6,800원"
        ],
        "description": "홍보없이, 맛으로만 사랑받았습니다.\n\n안녕하세요? 홍대빵집 만동제과입니다.\n\n저희 만동제과는 2017년에 시작하여, 지금까지 연남동 빵지순례 코스를 당당하게 지키고 있는데요. 하지만 저희도 처음부터 인기가 많았던 것은 아니었습니다.\n\n처음만해도 연남동에서 빵집을 오픈할 때 많이 망설였습니다. 워낙 경쟁이 치열한곳이며, 이곳에서 살아남기 힘들다는 생각을 했기 때문인데요.\n\n하지만 근처를 둘러보고, 여러 베이커리맛집들의 빵을 먹어보며 아래와같은 생각을 했습니다.\n\n'우리 만동제과만의 빵을 만든다면, 분명 많은분들이 사랑해줄것이다'\n\n왜냐하면 지금까지 제가 맛본 빵의 경우, 맛은 있었지만 빵을 먹었을 때 촉촉함과 바삭함, 풍미가 아쉬웠기 때문입니다.\n\n그래서 저희는 촉촉함과 마늘의 풍미가 살아있는 마늘바게트, 먹었을 때 바삭거림과 시원하고 개운달달한 크림을 느낄 수 있는 어니언베이글, 커피반죽이 살아있는 카푸치노 등...만동제과만의 풍미가 가득한 빵을 만들기로 결정했습니다.\n\n만동제과만의 빵이라면, 분명 많은 사랑을 받을것이라는 확신이 있었기 때문입니다.\n\n그리고 지금 현재는, 이 때 저희가 다짐했던 확신이 틀리지 않았다는 것을 느끼고 있습니다.\n\n인스타그램을 운영하는것 이외에, 별다른 홍보를 진행하지 않았는데도, 각종 SNS, 유튜브, 인플루언서, 방송등에 소개가되고 있으며, 또한 최근에는 더 많은 분들이 방문할 수 있도록 매장 리뉴얼까지 진행할 수 있었습니다.\n\n이렇게까지 많은 분들의 사랑을 받은데에는, 아래와같은 원칙덕분이었는데요.\n\n'고객님께서 만동제과에 11시에 방문하든, 2시에 방문하든, 4시에 방문하든, 항상 맛있는 빵을 제공해야 한다'\n\n'재료를아끼지 말아야한다. 모든빵에서 똑같은 맛을 느낄 수 있어야한다'\n\n'고객분들에게 친절함은 기본이고, 다양한 빵을 시식하여 구매하실 수 있게끔 하자!'\n\n저희는 눈앞에 이익만 따지지 않았습니다. 눈앞에 이익만 따졌다면, 빵에들어가는 재료를 아끼거나 시식서비스를 제공하지 않았을 것입니다. 만동제과는 항상 생각합니다.\n\n'어떻게 하면 손님들에게 가장 맛있는 빵을 제공할 수 있을까?'\n\n귀한 발걸음과 시간을 내서 방문해주시는 고객님들을 위해, 어떻게하면 더 좋은 맛을 가진 빵을 제공할 수 있을지, 어떻게하면 저희가 만드는 빵을 통해 오늘도 행복한 미소를 지을 수 있을지 항상 고민합니다.\n\n위와같은 원칙 덕분에, 오늘도 많은분들이 만동제과를 사랑해주고 계십니다^^\n\n앞으로도 더 많은 분들에게, 저희가 만드는 빵을통해 보다 행복한 미소를 지을 수 있도록 최선을 다해 빵을 반죽할것을 약속하겠습니다.\n\n언제든 만동제과의 빵이 생각난다면 만동제과의 문을 두드려주시기 바랍니다.\n\n긴글 읽어주셔서 감사합니다.\n\n오늘도 좋은하루되세요~^^"
    },
    {
        "no": 3,
        "code": 31394999,
        "images": "https://ldb-phinf.pstatic.net/20150831_263/1440994584315eRle9_JPEG/156155414241870_0.jpg",
        "name": "호밀밭",
        "adress": "서울 서대문구 창천동 4-77 1층",
        "time": "매일 12:00~22:00",
        "phone": "02-392-5345",
        "way": "",
        "booking": "",
        "category": "카페,디저트",
        "menus": [
            "밀크빙수",
            "7,900원"
        ],
        "description": "이대와 신촌 사이 신촌 기차역 부근에서 10년 넘게 영업하고 있는 빙수 전문점입니다. 부드럽고 달콤한 우유 빙수에 직접 삻은 뭉큰한 팥과 떡을 곁들여 드시면 일상 속 소소한 즐거움을 느끼실 수 있을거예요."
    },
    {
        "no": 4,
        "code": 19877688,
        "images": "https://ldb-phinf.pstatic.net/20220923_111/1663883383812Jjs8C_JPEG/20220919_122616.jpg",
        "name": "라 본느 타르트",
        "adress": "서울 서대문구 대신동 84-8 1층",
        "time": "평일 09:00~21:00 | 토요일 09:00~19:00 일요일 휴무",
        "phone": "02-393-1117",
        "op": "undefined단체석 /주차 /포장 /배달 /예약 /무선 인터넷 /남/녀 화장실 구분 /제로페이 /",
        "way": "",
        "booking": "",
        "category": "음식점",
        "menus": [
            "소금빵",
            "2,800원"
        ],
        "description": "집에서 구운 것 같은 순수 재료의 맛을 콘셉트로한 타르트 전문점입니다.\n인기메뉴는 초콜릿마카다미아 타르트.\n블루베리치즈 타르트, 사과 타르트, 무화과 타르트 등 입니다."
    },
    {
        "no": 5,
        "code": 1104948459,
        "images": "https://ldb-phinf.pstatic.net/20230710_156/1688952100764D39Kb_JPEG/IMG_0819.jpeg",
        "name": "신기루빠",
        "adress": "서울 서대문구 연희동 132-27 2층 신기루빠",
        "time": null,
        "phone": "0507-1328-4741",
        "op": "undefined주차 /예약 /반려동물 동반 /",
        "way": "연희동 목란옆, 라이라이본점 2층, 연희정원옆건물",
        "booking": "https://booking.naver.com/booking/6/bizes/715308",
        "category": "술집",
        "menus": [
            "가지덴뿌라(한정메뉴)",
            "17,000원"
        ],
        "description": "신기루빠는 요리 경력 12년차 셰프가 음식의 재료 손질부터 수제로 만드는 다양한 소스들로 색다른 퓨전 요리를 분기별로 만나보실수있습니다.\n\n낮엔 식당, 밤엔 주점으로 운영되며,\n테라스와 다찌석, 공간에 따라 두가지 매력이 함께 공존하는 신기루빠의 다양한 음식과 주류를 즐겨보세요\n\n* 5명이상 단체 예약시, 자리 확보를 위해 전화로 예약부탁드립니다\n(* 디너방문시, 주점이므로 전통주 주문 외, 1인 1주류 필수주문입니다T_T 미성년자 또는 술을 못하시는 경우, 음료나 에이드로 주문 부탁드립니다 감사합니다!)"
    },
    {
        "no": 6,
        "code": 1946215575,
        "images": "https://ldb-phinf.pstatic.net/20230517_195/1684325417866AC5Ou_JPEG/IMG_1031.JPG",
        "name": "쿠마네꼬치",
        "adress": "서울 서대문구 창천동 52-32",
        "time": null,
        "phone": "",
        "way": "",
        "booking": "",
        "category": "술집",
        "menus": [
            "명란구이",
            "9,000원"
        ],
        "description": ""
    },
    {
        "no": 7,
        "code": 1438596542,
        "images": "https://ldb-phinf.pstatic.net/20180404_45/1522793815642beLn7_JPEG/eRkfLpuyCQbos2LiM0ejkPKW.jpg",
        "name": "심야식당 텐조",
        "adress": "서울 서대문구 북가좌동 310-6 1층",
        "time": "월요일 휴무 일정 변동될시 인스타공지 | 화요일 17:00~03:00 | 금요일 17:00~03:00 | 수요일 17:00~03:00 | 목요일 17:00~03:00 | 토요일 16:00~03:00 | 일요일 16:00~02:00",
        "phone": "02-303-1057",
        "op": "undefined단체석 /무선 인터넷 /제로페이 /",
        "way": "",
        "booking": "",
        "category": "술집",
        "menus": [
            "오늘의 숙성사시미",
            "29,000원"
        ],
        "description": "좋은사람들과 함께하는 편안한 공간"
    },
    {
        "no": 8,
        "code": 1701036731,
        "images": "https://ldb-phinf.pstatic.net/20220411_190/1649669332918LxbAM_JPEG/20220411_122411.jpg",
        "name": "술판",
        "adress": "서울 서대문구 북가좌동 278-1 2층술판",
        "time": null,
        "phone": "0507-1388-3542",
        "op": "undefined단체석 /무선 인터넷 /남/녀 화장실 구분 /",
        "way": "증산역 도보 5분\n가좌전화국 도보 10초",
        "booking": "",
        "category": "술집",
        "menus": [
            "바베큐플레터",
            "28,000원"
        ],
        "description": "우리동네 최고 힙한술집\n2F술판입니다:-)\n다양한 주종과 함께\n맛있는 음식을 페어링해 즐겨보세요!!!"
    },
    {
        "no": 9,
        "code": 1560785276,
        "images": "https://ldb-phinf.pstatic.net/20211102_164/1635827658939XDOg6_JPEG/61aN6NOa8zoMVwMs0Hkb_Mw8.jpeg.jpg",
        "name": "희로",
        "adress": "서울 서대문구 연희동 421-33",
        "time": "토요일 17:00~00:00 | 금요일 17:00~00:00 | 목요일 17:00~00:00 | 화요일 17:00~00:00 | 월요일 17:00~00:00 | 일요일 17:00~00:00 | 수요일 휴무",
        "phone": "",
        "op": "undefined포장 /",
        "way": "",
        "booking": "",
        "category": "술집",
        "menus": [
            "무",
            "3,000원"
        ],
        "description": ""
    },
    {
        "no": 10,
        "code": 36342590,
        "images": "https://ldb-phinf.pstatic.net/20210813_85/1628857639942H3eNA_JPEG/IH1R_ugNhOVJixNwibJsysvW.jpeg.jpg",
        "name": "네코노키친",
        "adress": "서울 서대문구 남가좌2동 324-42 지층 네코노키친",
        "time": "매일 16:30~03:00 매주 월요일휴무",
        "phone": "0507-1333-1157",
        "op": "undefined예약 /",
        "way": "명지대 인문캠퍼스 정문 앞 이디야커피골목에 위치해 있습니다.",
        "booking": "",
        "category": "술집",
        "menus": [
            "오늘의사시미(숙성회)",
            "변동가격(업주문의)"
        ],
        "description": "네코노키친은 일본어로 고양이주방 이라는 뜻이에요!\n그래서 매장에는 아기자기 고양이소품이많답니다^^\n일본의 편안한 감성을 살린 심야식당 컨셉으로,\n메인매뉴 생참치 후토마키 와 수제숯불꼬치(야키토리)\n얼큰한모츠나베( 한우대창전골 )를 메인으로 하며 그외 다양하고 맛있는 메뉴들을\n많이준비하여 손님분들을 맞을준비를 하고있습니다\n.\n편안한 분위기, 재밌는소품들, 맛있는메뉴\n인테리어의 처음과 끝까지 하나하나 정성을 들여 열심히 준비했으니 부디 많이 방문해 주셨음해요."
    },
    {
        "no": 11,
        "code": 1240423799,
        "images": "https://ldb-phinf.pstatic.net/20210514_219/1620970279308Y4BkC_JPEG/_PcthDvKT3xlQYKn1xVFVORA.jpeg.jpg",
        "name": "안테이쿠",
        "adress": "서울 서대문구 창천동 52-156 지하",
        "time": "월요일 17:00~01:00 | 목요일 17:00~02:00 | 수요일 17:00~02:00 | 화요일 17:00~02:00 | 토요일 17:00~03:00 | 금요일 17:00~03:00 | 일요일 17:00~00:00",
        "phone": "0507-1329-9677",
        "op": "undefined단체석 /무선 인터넷 /남/녀 화장실 구분 /제로페이 /",
        "way": "",
        "booking": "",
        "category": "술집",
        "menus": [
            "하카타돈코츠나베",
            "17,000원"
        ],
        "description": ""
    },
    {
        "no": 12,
        "code": 1150054722,
        "images": "https://ldb-phinf.pstatic.net/20220627_292/1656319265977m4pbS_JPEG/KakaoTalk_20220627_163133188.jpg",
        "name": "집시포차",
        "adress": "서울 서대문구 창천동 33-25 2층",
        "time": null,
        "phone": "0507-1343-1497",
        "op": "undefined단체석 /남/녀 화장실 구분 /",
        "way": "신촌역 2번 출구에서 쭉 직진 하셔서 미그웨치 신촌점이 보이시면 그때 좌회전 하시고 그 다음 사거리(미정국수 0410)에서 우회전 하셔서 직진 하시면 cu 옆건물에 2층에 집시포차 매장이 있습니다!",
        "booking": "",
        "category": "술집",
        "menus": [
            "SET 1",
            "30,000원"
        ],
        "description": "오늘의 희노애락을 이곳에 버리다, 집시 포차입니다.\n하루 동안 겪은 모든 일과 감정을 집시 포차에서 한 잔의 술과 함께\n털어버리고 귀가 하실 수 있도록 매장의 분위기와 음악, 안주에 각별히 신경을 쓰고 있습니다. 오시는 손님 한 분 한 분과 친해지고 싶은 집시 포차입니다."
    },
    {
        "no": 13,
        "code": 38521886,
        "images": "https://ldb-phinf.pstatic.net/20190908_149/1567927469909RmRbW_JPEG/yZNRwwsTP9Dyb2fQJgSP3iKI.jpg",
        "name": "너스레",
        "adress": "서울 서대문구 대현동 37-2",
        "time": "매일 17:00~22:00 첫째,셋째 일요일 휴무",
        "phone": "02-364-2221",
        "way": "",
        "booking": "",
        "category": "음식점",
        "menus": [
            "너스레전(해물파전+치즈김치전)",
            "14,000원"
        ],
        "description": ""
    },
    {
        "no": 14,
        "code": 1749674678,
        "images": "https://ldb-phinf.pstatic.net/20221107_197/1667826821006TbJlr_JPEG/1667826796445.jpg",
        "name": "더풍년",
        "adress": "서울 서대문구 옥천동 68 1층",
        "time": "매일 17:00~01:00 | 일요일 휴무 매주",
        "phone": "0507-1325-5069",
        "op": "undefined포장 /배달 /예약 /무선 인터넷 /남/녀 화장실 구분 /제로페이 /",
        "way": "영천시장 안으로 들어오셔서 손씨네짜장면 맞은편 골목에 위치",
        "booking": "",
        "category": "술집",
        "menus": [
            "해물모둠(소)",
            "45,000원"
        ],
        "description": "서대문구 독립문 인근에 위치한 영천시장 맛집 더풍년!\n하루 너댓가지 가장 신선하고 맛있는해물과\n그날 들어온 제철해물에 따라 메뉴가 달라질수 있습니다\n\n예약안내: 매주 월요일~목요일 17시~19시\n예약문의:  010-9893-5069\n가게불편사항 및 기타문의: 010-9893-5069\n\n언제나 고객을 최우선으로 생각하기에 혹시라도 이용중 불편사항이나\n기타 문의가 있으실 경우에는 아래에 적혀 있는 번호로 말씀해주시면\n항상 노력하는 더풍년이 되도록 하겠습니다!"
    },
    {
        "no": 15,
        "code": 12969995,
        "images": "https://ldb-phinf.pstatic.net/20210601_190/1622527440687fKFY6_JPEG/7kakvqW67z9_ztY4RgNUS1Xt.jpg",
        "name": "풍요람",
        "adress": "서울 서대문구 미근동 31-3",
        "time": "매일 11:30~14:30 점심 | 매일 14:30~17:00 브레이크타임 | 매일 17:00~22:00 저녁 | 일요일 휴무",
        "phone": "02-362-4203",
        "op": "undefined단체석 /포장 /예약 /무선 인터넷 /남/녀 화장실 구분 /제로페이 /",
        "way": "서대문역 7번 출구 서대문 경찰서 옆, 미근동 소방서 맞은편 골목 //         \n유료주차안내 : 웨스트게이트타워 지하주차장",
        "booking": "",
        "category": "한식",
        "menus": [
            "풍요람명품꽃등심 150g",
            "65,000원"
        ],
        "description": "1972년 서대문집으로 시작하여 풍요람으로 옥호를 바뀌어 운영되고 있는 50년전통 한우전문점입니다. 전국각지역에서 1++중에서도 최상급 한우를 경매를통해 공수받아 사용하고 있습니다.  넓적한 등심이 아니라 깍두기 모양으로 조각조각 썰어 내놓아 깍둑등심집으로도 알려졌는데요. 등심을 주문하면 맛보기로 차돌박이를 함께 제공하고 있습니다."
    },
    {
        "no": 16,
        "code": 11616129,
        "images": "https://ldb-phinf.pstatic.net/20220524_113/1653370690389c0yhW_JPEG/5.jpg",
        "name": "삼호복집",
        "adress": "서울 서대문구 창천동 62-11",
        "time": "매일 10:30~22:00 | 일요일 휴무",
        "phone": "02-337-9019",
        "op": "undefined단체석 /주차 /발렛파킹 /포장 /예약 /남/녀 화장실 구분 /",
        "way": "40년 전통의 신촌 삼호 복집이 고객님들의 성원에 힘입어 2010년 11월 14일 새롭게 단장하여 이전하였습니다.\r\n신촌지하철역 1번출구 - 현대백화점 정문을 지나서 현대화점을 끼고 kfc 골목으로 우회전 좌측 대각선에 신보건약국 골목으로 좌회전해서 약 10미터 정도후  삼호빌딩 2층 3층 입니다.(우측 4번째 건물입니다.)",
        "booking": "",
        "category": "해물,생선요리",
        "menus": [
            "삼 코스",
            "60,000원"
        ],
        "description": "- 40년 전통의 신촌 삼호복집이 고객님들의 성원에 힘입어 2010년 11월 14일 새롭게 단장하여 이전하였습니다.\r\n\r\n- 찾아오시는길\r\n신촌지하철역 1번출구 - 현대백화점 정문을 지나서 현대화점을 끼고 kfc 골목으로 우회전 좌측 대각선에 신보건약국 골목으로 좌회전해서 약 10미터 정도후  삼호빌딩 2층 3층 입니다.(우측 4번째 건물입니다.)\r\n- 저희 삼호복집에서는 이전 기념으로 60,000원짜리 삼코스 요리를 45,000원에 판매하고 있습니다 많은 이용바랍니다.\r\n- 살아있는 활복맑은탕 , 활복매운탕 판매개시 현장에서 바로 잡아서 드실수있습니다.\r\n- 활복맑은탕, 활복매운탕을 드시는분들께는 사시미를 서비스로 제공하고 있습니다.\r\n- 삼호복집 홈페이지가 새롭게 단장하여 오픈 하였습니다 많은 이용 바랍니다. \r\n- 홈페이지 주소 : http://www.samhobokzip.kr\r\n- 단체석 완비 회식 및 모임은 단체석으로 예약 해주세요.\r\n- 주소 : 서울시 서대문구 창천동 62-11 삼호빌딩 2,3층\r\n- 예약문의 전화 : 02-337-9019 / 02-338-0035"
    },
    {
        "no": 17,
        "code": 1239464884,
        "images": "https://ldb-phinf.pstatic.net/20210407_171/1617762510299Xodiy_JPEG/wwGuS8gGba3vMwQQFeJf46nH.jpg",
        "name": "완차이",
        "adress": "서울 서대문구 창천동 5-35 1층  완차이",
        "time": null,
        "phone": "0507-1441-0302",
        "way": "신촌역 3번츨구에서 연대방향 50미터 기차역방면으로 오시면 올리브영 뒤편 골목에있어요",
        "booking": "",
        "category": "중식",
        "menus": [
            "식사종류",
            "8,500원"
        ],
        "description": ""
    },
    {
        "no": 18,
        "code": 19866778,
        "images": "https://ldb-phinf.pstatic.net/20230126_259/1674734519449KtMwT_JPEG/Screenshot_20230126_205806_Instagram.jpg",
        "name": "형제갈비",
        "adress": "서울 서대문구 창천동 31-26",
        "time": "매일 11:00~22:00 연중무휴",
        "phone": "02-365-0001",
        "op": "undefined단체석 /",
        "way": "",
        "booking": "",
        "category": "한식",
        "menus": [
            "불고기",
            "12,000원"
        ],
        "description": "신촌 일대에서 갈빗집으로 40년 가까이 터줏대감 역할을 하는 곳입니다. 담백하고 도톰한 생갈비와 연한 양념갈비가 모두 인기라고 하지요. 실내분위기도 깨끗해서 가족단위 손님들이 많다고 합니다."
    },
    {
        "no": 19,
        "code": 1345951094,
        "images": "https://ldb-phinf.pstatic.net/20180103_70/1514980457001jIuaM_JPEG/7ypCpflOkc96bAlZU_DdlX_h.jpg",
        "name": "모범떡볶이1976 서대문점",
        "adress": "서울 서대문구 충정로2가 99-11 2층",
        "time": "평일 11:00~21:00 | 주말 휴무 휴무 | 공휴일 휴무 휴무 | 평일 04:00~05:00 준비시간",
        "phone": "0507-1301-1976",
        "op": "undefined포장 /배달 /무선 인터넷 /제로페이 /",
        "way": "서대문역1번출구50M우측10M",
        "booking": "",
        "category": "음식점",
        "menus": [
            "차돌떡볶이",
            "16,000원"
        ],
        "description": "신선한재료\n최선의서비스\n친절한서비스"
    },
    {
        "no": 20,
        "code": 1097766563,
        "images": "https://ldb-phinf.pstatic.net/20210317_195/1615944606572j0jVK_JPEG/LquejJ3X0SWSSg3sZDaX4hZg.jpg",
        "name": "백암왕순대",
        "adress": "서울 서대문구 연희동 122-18 2층",
        "time": "매일 09:30~21:30",
        "phone": "02-337-7894",
        "op": "undefined단체석 /주차 /포장 /제로페이 /",
        "way": "",
        "booking": "",
        "category": "음식점",
        "menus": [
            "순대국",
            "11,000원"
        ],
        "description": ""
    },
    {
        "no": 21,
        "code": 11727708,
        "images": "https://ldb-phinf.pstatic.net/20150831_124/1441030662891rGcN8_JPEG/11727708_0.jpg",
        "name": "삼오쭈꾸미",
        "adress": "서울 서대문구 미근동 31-6",
        "time": "평일 11:30~14:00 | 평일 17:00~22:00",
        "phone": "02-362-2120",
        "way": "서대문역 8번 출구로 나와 소방서 정면 호프집 골목.",
        "booking": "",
        "category": "한식",
        "menus": [
            "주꾸미구이",
            "12,000원"
        ],
        "description": "서대문경찰 뒤 먹자골목의 주꾸미 전문점입니다. 주꾸미 구이와 전골, 그리고 동태찌개 메뉴만 제공하고 있지요. 주꾸미 구이가 대표메뉴이고, 콩나물와 양파를 넣고 얼큰하게 끓인 주꾸미 전골도 인기있습니다."
    },
    {
        "no": 22,
        "code": 11679474,
        "images": "https://ldb-phinf.pstatic.net/20200209_258/1581214546983g3TTu_JPEG/PrJatxrT6WlBQ_VEWfxhCVb6.jpg",
        "name": "수빈",
        "adress": "서울 서대문구 연희동 81-22",
        "time": "매일 11:30~21:00 설날,추석휴무  Break Time  15:00-17:00",
        "phone": "02-307-9979",
        "op": "undefined단체석 /주차 /발렛파킹 /포장 /배달 /예약 /무선 인터넷 /남/녀 화장실 구분 /장애인 편의시설 /지역화폐 (지류형) /지역화폐 (카드형) /지역화폐 (모바일형) /제로페이 /",
        "way": "2호선 신촌역 4번출구 3번마을버스 한성화교중고등학교에서 하차",
        "booking": "",
        "category": "한식",
        "menus": [
            "떡갈비정식",
            "21,000원"
        ],
        "description": "연희동에 위치한 이곳은 떡갈비로 유명세를 떨치고 있다\n. 소갈비살을 직접 손질하고 다져서 나가고 있다.\n잡채,알조림, 우엉무침,열무김치, 시래기 무침, 단호박 샐러드, 무생채, 묵조림, 마늘쫑 볶음, 숙주나물, 김무침 등의 다양한 밑반찬. 떡갈비는 주문을 받는 즉시 굽고 뜨거운 철판 위에서 지글지글 소리를 내며 나온다. 어른 손바닥만한 크기에 두께도 꽤 두툼한 편. 어찌나 잘게 다져 구웠는지 이에 걸리는 것 하나 없이 부드럽게 넘어간다. 떡갈비 외에 간장게장,보리굴비,황태구이도 인기 메뉴."
    },
    {
        "no": 23,
        "code": 13328650,
        "images": "https://ldb-phinf.pstatic.net/20180502_121/1525238863671VoaqM_JPEG/wuhQEU9KqU1u3niK4CQwyq8v.jpg",
        "name": "에그 앤드 스푼레이스",
        "adress": "서울 서대문구 대현동 54-9",
        "time": "평일 11:00~21:00 Break time 16:00-17:00 / Last order 20:30 | 주말 11:00~21:00 Break time 없음 / Last order 20:30 | 월요일 휴무 명절휴무",
        "phone": "02-312-5234",
        "op": "undefined단체석 /포장 /배달 /예약 /무선 인터넷 /제로페이 /",
        "way": "이대역 3번출구에서 이대방향으로 도보 5분\n주차는 인근 공용주차장 이용 (매장앞 주차공간 없음)",
        "booking": "https://booking.naver.com/booking/6/bizes/269362",
        "category": "이탈리아음식",
        "menus": [
            "High toast dish",
            "16,000원"
        ],
        "description": "파스타, 리조또, 오믈렛 등 계란을 이용한 여러가지 메뉴를 모아놓은 캐쥬얼 이탈리안레스토랑입니다. 다양한 브런치 메뉴도 있으며, 전메뉴 포장 가능합니다."
    },
    {
        "no": 24,
        "code": 11727641,
        "images": "https://ldb-phinf.pstatic.net/20150831_72/1441030621241x1og4_GIF/11727641_0.gif",
        "name": "연희동칼국수 본점",
        "adress": "서울 서대문구 연희동 132-29",
        "time": "매일 11:00~21:00 명절 휴무 | 월요일 휴무",
        "phone": "02-333-3955",
        "op": "undefined단체석 /예약 /",
        "way": "연희동 사러가쇼핑 먹자골목에 위치.",
        "booking": "",
        "category": "한식",
        "menus": [
            "칼국수",
            "10,000원"
        ],
        "description": ""
    }
]