[
    {
        "no": 0,
        "code": 1013309145,
        "images": "https://ldb-phinf.pstatic.net/20230317_84/1679045592741MHjqB_JPEG/9F3F2E37-3588-4E37-AB17-60412669879B.jpeg",
        "name": "3대삼계장인",
        "adress": "서울 서초구 서초동 1557-17 1층",
        "time": "매일 10:30~21:40 추석 ‘당일만’ 휴무 / 주차 : 반드시 카운터에서 안내 받은 후 가세요 :복당일 1천마리 한정판매/ 브레이크타임  오후 3:50~4:30",
        "phone": "02-522-2270",
        "op": "undefined단체석 /주차 /포장 /배달 /방문접수/출장 /예약 /무선 인터넷 /남/녀 화장실 구분 /제로페이 /",
        "way": "(서울 강남 서초) 교대역14번출구로 나오자마자 출구 뒷편 교대역 맛집골목으로 270미터 도보 약4분거리이며 서초역1번출구에서 교대방향으로 약6분거리의 장안어린이공원 바로옆에 있습니다.",
        "booking": "https://booking.naver.com/booking/6/bizes/238267",
        "category": "한식",
        "menus": [
            "잣삼계탕",
            "18,000원"
        ],
        "description": "<주차는 카운터에 문의부탁드립니다 >\n1973년 서울 강남 서초시장에서 삼계탕 전문점으로 오픈하여 1987년에 2대가 2018년에 3대가 대를 이어 내려오고 있으며 한국인 누구나 좋아하는 보양식인 삼계탕 맛 을 지키고 유지하기 위해 노력하고 있는 집입니다.\n\n저희 3대삼계장인은 삼계탕 한 그릇을 만들기까지 총 3일이 소요될 만큼 많은 정성으로 3대삼계장인만의 고유한 삼계탕맛을 자랑합니다.\n최선의 식재료만을 고집하며 끊임없는 연구와 노력으로 보답하기 위해 노력하겠습니다"
    },
    {
        "no": 1,
        "code": 13575055,
        "images": "https://ldb-phinf.pstatic.net/20200313_291/1584084418539aVSDX_JPEG/UWf2fpPcDXAOfmb98CazZbcI.jpg",
        "name": "서석대",
        "adress": "서울 서초구 서초동 1678-1 동아빌라트 A동 1층",
        "time": "매일 11:30~22:00",
        "phone": "02-537-0077",
        "op": "undefined단체석 /주차 /발렛파킹 /포장 /",
        "way": "교대역 1번 출구 나와서 200m 직진하면 됩니다.\n교대역과 강남역 사이에 있습니다.",
        "booking": "",
        "category": "한식",
        "menus": [
            "한우꽃등심",
            "65,000원"
        ],
        "description": "매일 전라남도 함평.나주에서 공수해 오는 한우 암소사시미 만을 취급하는 한우 고기구이 전문점입니다. 꽃등심, 특수부위, 등심, 양념갈비, 주물럭 등의 구이와 육회,냉면, 갈비탕,소고기국밥 등을 맛볼 수 있는데요. 숯불에 구운 한우 등심과 특제 소스로 양념한 양념갈비가 대표적인 메뉴이지요. 맑은 육수에 끓인 갈비탕도 인기입니다."
    },
    {
        "no": 2,
        "code": 19896363,
        "images": "https://ldb-phinf.pstatic.net/20200417_140/1587097820060GXrSb_JPEG/jUvdnjAGGF2Q41zKXYQXL_0V.jpeg.jpg",
        "name": "서호김밥",
        "adress": "서울 서초구 방배동 790-13",
        "time": "매일 10:00~20:30 Break time 14:20~16:30 | 월요일 휴무",
        "phone": "02-594-4434",
        "way": "",
        "booking": "",
        "category": "분식",
        "menus": [
            "서호김밥",
            "5,000원"
        ],
        "description": "작은 매장에 특별할 것 없는 보통 분식점의 메뉴로 구성되어있지만 꾸준히 인기 있는 곳입니다. 여름계절메뉴 냉 우동과 김치수제비, 떡볶이 등 투박한 질그릇에 나오는 모든 메뉴가 사랑 받고 있지요. 백화점에 까지 납품하게 된 김밥메뉴가 특히 인기입니다."
    },
    {
        "no": 3,
        "code": 21406914,
        "images": "https://ldb-phinf.pstatic.net/20200525_12/1590390794353Xjfo5_JPEG/9CFrFtsTcke-yRyk19jFrCLI.jpg",
        "name": "부일갈비",
        "adress": "서울 서초구 서초동 1427-6 1층 부일갈비",
        "time": "매일 11:00~22:00 명절휴무",
        "phone": "02-3482-3112",
        "op": "undefined단체석 /주차 /발렛파킹 /포장 /예약 /무선 인터넷 /남/녀 화장실 구분 /",
        "way": "남부터미널역 3번 출구에서나와 국제전자센터를 지나 국대떡볶이 사이 골목에서 우측길로 진입해 길따라 100m 직진 후 삼거리에서 왼편을 보시면 부일갈비가 있습니다.",
        "booking": "",
        "category": "한식",
        "menus": [
            "소금구이",
            "61,000원"
        ],
        "description": "1.부산에서 창업하여 50여년의 전통과 노하우\n\n2, 1++(투플러스)토종 한우만 엄선 사용\n\n3, 영하40도 이하에서  급냉시켜 육질과 육즙이 원상태로 보존한 소금구이\n\n4, 3미리미터 이하로 얇게 쓸인 등심과 계란 노른자 소스와 특유의 파무침의 조화\n\n5, 특허청 상표 등록(제 40-1350532) 원부에 등록된 전통 부일갈비"
    },
    {
        "no": 4,
        "code": 1048794125,
        "images": "https://ldb-phinf.pstatic.net/20230201_108/16752233094872Ly3V_JPEG/1572517445454.jpg",
        "name": "참나무숯불에닭이만나는순간",
        "adress": "서울 서초구 양재동 368",
        "time": null,
        "phone": "0507-1443-6616",
        "way": "",
        "booking": "",
        "category": "음식점",
        "menus": [
            "춘천막국수",
            "9,000원"
        ],
        "description": "양재동 희래"
    },
    {
        "no": 5,
        "code": 20111806,
        "images": "https://ldb-phinf.pstatic.net/20230724_244/1690191956585jADkn_JPEG/SmartSelect_20230724-184500_Gallery.jpg",
        "name": "램하우스 교대역점",
        "adress": "서울 서초구 서초동 1713-4 길도빌딩 202호",
        "time": "평일 10:00~22:00 | 주말 10:00~21:00",
        "phone": "02-3476-0678",
        "op": "undefined단체석 /주차 /발렛파킹 /포장 /예약 /무선 인터넷 /남/녀 화장실 구분 /제로페이 /",
        "way": "대중교통 : 2,3호선 교대역 10번 출구에서 첫 번째 골목으로 우회전 후 직진 50미터\r\n내비게이션 : 서울 서초구 서초동 1712-8번지",
        "booking": "",
        "category": "한식",
        "menus": [
            "양갈비(200g)",
            "32,000원"
        ],
        "description": "다 같은 양고기가 아닙니다.\r\n호주 빅토리아 지역에서 주문 도축된 램\r\n6개월 램\r\n국내 유일 항공운송 100%냉장 램\r\n무첨가 자연숙성 램"
    },
    {
        "no": 6,
        "code": 11679521,
        "images": "https://ldb-phinf.pstatic.net/20160108_1/14522344163221CJbz_JPEG/176058555675717_0.jpg",
        "name": "라칼라스",
        "adress": "서울 서초구 서초동 1451-79",
        "time": "매일 11:00~24:00",
        "phone": "0507-1411-3325",
        "op": "undefined단체석 /주차 /포장 /예약 /무선 인터넷 /남/녀 화장실 구분 /제로페이 /",
        "way": "서초동 예술의 전당 앞에 위치.",
        "booking": "",
        "category": "음식점",
        "menus": [
            "마르게리따 피자",
            "20,000원"
        ],
        "description": "예술의 전당에서 오래도록 명성을 떨쳐온 레스토랑 라칼라스.\r\n품격있는 서비스와 격조높은 메뉴들로 아름다운 향연을 펼칩니다."
    },
    {
        "no": 7,
        "code": 37086581,
        "images": "https://ldb-phinf.pstatic.net/20150917_179/14424530272955atKo_JPEG/SUBMIT_1442453008497_37086581.jpg",
        "name": "모던눌랑 센트럴시티점",
        "adress": "서울 서초구 반포동 118-3",
        "time": "매일 11:30~22:00 (Last Order 21:00)",
        "phone": "02-6282-5005",
        "op": "undefined단체석 /주차 /포장 /예약 /무선 인터넷 /남/녀 화장실 구분 /",
        "way": "지하철 이용 - 3호선, 7호선, 9호선 고속터미널역 3번출구 50m (7호선 이동 후 3번 출구)\n주차장 이용 - 센트럴 파미에스테이션 주차장",
        "booking": "https://booking.naver.com/booking/6/bizes/282979",
        "category": "중식",
        "menus": [
            "모던눌랑케이지",
            "45,000원"
        ],
        "description": "1930년 대 상하이 문화의 현대적인 신여성을 컨셉으로 만들어진 부티크 차이니즈 퀴진"
    },
    {
        "no": 8,
        "code": 1852194575,
        "images": "https://ldb-phinf.pstatic.net/20221103_154/1667415569227k2Umq_JPEG/20221101_174410.jpg",
        "name": "앵콜칼국수",
        "adress": "서울 서초구 서초동 1451-94",
        "time": null,
        "phone": "02-525-8418",
        "way": "",
        "booking": "",
        "category": "한식",
        "menus": [
            "옛날손칼국수",
            "9,500원"
        ],
        "description": ""
    },
    {
        "no": 9,
        "code": 11728489,
        "images": "https://ldb-phinf.pstatic.net/20230430_174/168280660888007uGC_JPEG/image-4955661215836108801.jpg",
        "name": "신가예촌",
        "adress": "서울 서초구 서초동 1355-17 서초대우디오빌 1층 106호",
        "time": "평일 11:00~22:00 평일 Break Time 15:00~17:00 | 주말 11:00~21:00 주말 공휴일 Break Time 없음",
        "phone": "0507-1321-0986",
        "op": "undefined단체석 /주차 /포장 /예약 /무선 인터넷 /남/녀 화장실 구분 /장애인 편의시설 /",
        "way": "3호선 양재역 1번 출구로 나와 도보로 200m 내려오신 후 토니모리 ( 1층 스타벅스 ) 삼거리에서 우측으로 30m 도로변 위치.\n서초대우디오빌 1층",
        "booking": "",
        "category": "음식점",
        "menus": [
            "보리굴비 한상차림(주중 점심)",
            "36,000원"
        ],
        "description": "신가예촌은 장인정신과 우리 전통음식의 맥을 이어가는 토속음식 전문점입니다.\n\n토속적인 미와 현대적인 감각으로 연출된 공간에서 엄선된 유기농 재료와 오랜 토속음식 경력의 총주방장, 차별화 된 참맛, 철저한 위생관리, 그리고 지배인이 모시는 격조 높은 서비스로 고객 여러분의 품위와 소중한 시간을 위해 최선을 다하는 신가예촌이 되겠습니다.\n\n또한, 한국음식의 기본이라 할 수 있는 장을 직접 담그어 된장, 간장, 고추장에서 시골의 맛을 직접 맛볼 수 있습니다.\n\n23년 5월부터 현대적이며 세련된 신가예촌으로\n리뉴얼 되었습니다.\n한식의 패러다임을 바꾸는 선두 주자가 되겠습니다."
    },
    {
        "no": 10,
        "code": 37927543,
        "images": "https://ldb-phinf.pstatic.net/20230705_272/1688519966283G0o2N_JPEG/230628_%B0%AD%B3%B277%28%C3%D4%BF%B5%29_53.jpg",
        "name": "강남77",
        "adress": "서울 서초구 서초동 1308-13",
        "time": "매일 00:00~24:00 월~일",
        "phone": "0507-1404-8765",
        "op": "undefined단체석 /포장 /예약 /무선 인터넷 /남/녀 화장실 구분 /",
        "way": "강남역 10번출구또는 신논현역 6번출구를 나와 지오다노 뒤편에 위치",
        "booking": "",
        "category": "술집",
        "menus": [
            "돈까스핫도그떡볶이",
            "10,900원"
        ],
        "description": "강남77 dining pub 은 웨스턴 스타일의 펍으로 분위기가 아늑하고 가성비갑의 다이닝펍입니다\n다양한칵테일,맛있는 하이볼까지\n단체모임, 연말모임하기에 가장 좋은 다이닝펍입니다\n\n예약문의 02 533 8765\n가맹문의 1588-3512"
    },
    {
        "no": 11,
        "code": 10966808,
        "images": "https://ldb-phinf.pstatic.net/20211220_157/16399962835558GwPn_JPEG/5799FE8C-EDEA-4920-B043-97DCD8E9B4F6.jpeg",
        "name": "뚜르뒤뱅",
        "adress": "서울 서초구 반포동 96-8 1층 뚜르뒤뱅",
        "time": "매일 14:00~22:00 사회적 거리두기 기간중 이용시간(한시적) | 일요일 휴무",
        "phone": "02-6941-1846",
        "op": "undefined단체석 /주차 /발렛파킹 /포장 /예약 /무선 인터넷 /남/녀 화장실 구분 /제로페이 /",
        "way": "반포동 서래마을, 우리은행 골목에 위치.\n지하철 7호선 고속터미널역 5번 출구에서 도보 15분.\n지하철 9호선 신반포역 4번 출구에서 도보 15분.",
        "booking": "",
        "category": "술집",
        "menus": [
            "모듬 플래터",
            "32,000원"
        ],
        "description": "우리나라 최초의 와인 Shop&Bar 이며 2021년 12월 리뉴얼이 되면서 서래마을 최초의 와인 Outlet&Tasting Room 으로 새로운 시작을 알립니다. 보다 좋은와인을 합리적인 가격에 구매 가능한 Wine Outlet, 구매하신 와인을 편하게 즐길 수 있는 공간 Tasting Room.\n\n* Outlet & Tasting Room 이용 시간\n   월~토 - PM 12:00 ~ AM 01:00\n   일(Outlet만 이용가능합니다.) - PM 12:00 ~ PM 21:00\n\n!! 현재 사회적 거리두기 지침에 따라 모든 요일 이용 시간이 변경됩니다.\n   월~토 - PM 12:00 ~ PM 22:00 (라스트 오더 PM 9:00)"
    },
    {
        "no": 12,
        "code": 1184866278,
        "images": "https://ldb-phinf.pstatic.net/20170820_299/1503193827415YuVSh_JPEG/AxqCsJGYFnkEW6cm-MxTxkmY.JPG.jpg",
        "name": "노나메",
        "adress": "서울 서초구 잠원동 38-11",
        "time": "평일 11:30~14:00 LUNCH (공휴일일 경우 영업x) | 목요일 18:00~24:00 DINNER | 화요일 18:00~24:00 DINNER | 수요일 18:00~24:00 DINNER | 월요일 18:00~24:00 DINNER | 토요일 18:00~01:00 DINNER | 금요일 18:00~01:00 DINNER",
        "phone": "0507-1408-7043",
        "op": "undefined주차 /예약 /무선 인터넷 /",
        "way": "",
        "booking": "",
        "category": "술집",
        "menus": [
            "사시미 3인",
            "39,000원"
        ],
        "description": "실제로 도쿄 시부야 어딘가에 있을 법한 작은 술집"
    },
    {
        "no": 13,
        "code": 13323748,
        "images": "https://ldb-phinf.pstatic.net/20160121_243/1453345549969px0H6_JPEG/176071523568550_0.jpg",
        "name": "박고볼래실내포차",
        "adress": "서울 서초구 양재동 15-22",
        "time": "매일 17:00~04:00",
        "phone": "02-529-5254",
        "op": "undefined포장 /배달 /",
        "way": "3호선 양재역 6번출구로 나와서 직진200~250미터, 삼성디지털프라자와 영조시대 숯불갈비 사이 골목으로 들어오면 바로 있습니다.",
        "booking": "",
        "category": "술집",
        "menus": [
            "오돌뼈& 주먹밥",
            "20,000원"
        ],
        "description": "술과 음식이 있는 즐거운 모임공간, 박고볼래 실내포차 양재동 포장마차의 새로운 변화.\n\t\n전메뉴배달포장가능!"
    },
    {
        "no": 14,
        "code": 1361312812,
        "images": "https://ldb-phinf.pstatic.net/20221121_278/1668956426130f98UC_JPEG/3521300D-5071-45DE-82E7-E627C647F650.jpeg",
        "name": "경성상회",
        "adress": "서울 서초구 방배동 450-13 지1층 경성상회",
        "time": null,
        "phone": "0507-1447-1888",
        "op": "undefined단체석 /포장 /예약 /무선 인터넷 /",
        "way": "사당역 13 번 출구로 나오셔서 파스텔시티 입구를 통과후 정면 시골보쌈옹심히 바로 옆에 있습니다!",
        "booking": "",
        "category": "술집",
        "menus": [
            "5종모듬꼬치",
            "18,000원"
        ],
        "description": ""
    },
    {
        "no": 15,
        "code": 1429930181,
        "images": "https://ldb-phinf.pstatic.net/20210728_230/1627453778342sRVHy_JPEG/_L_StPpTDqFMaX-ApAj3uH6s.jpeg.jpg",
        "name": "소신",
        "adress": "서울 서초구 양재동 7-61 102호 소신",
        "time": "평일 17:00~23:00 매주 일요일 휴무",
        "phone": "0507-1440-5446",
        "op": "undefined단체석 /주차 /예약 /무선 인터넷 /남/녀 화장실 구분 /",
        "way": "",
        "booking": "",
        "category": "술집",
        "menus": [
            "2인 숙성모듬사시미",
            "60,000원"
        ],
        "description": "제철에 맞는 생선을 골라 모듬 숙성 사시미로 구성해서 내어드립니다.\n 뿐만 아니라 각 종 불판 요리 및 튀김, 탕요리의 맛이 일품으로 소신있게 장사하는 식당입니다. ^^"
    },
    {
        "no": 16,
        "code": 31887568,
        "images": "https://ldb-phinf.pstatic.net/20181002_161/1538464166230HFDao_PNG/3juaVg28gzXGaxYRurOWQcJy.png",
        "name": "담은",
        "adress": "서울 서초구 잠원동 69-2 반포쇼핑타운 4동 지하",
        "time": "토요일 15:00~00:00 365일 연중무휴 | 금요일 15:00~00:00 365일 연중무휴 | 목요일 15:00~00:00 365일 연중무휴 | 수요일 15:00~00:00 365일 연중무휴 | 화요일 15:00~00:00 365일 연중무휴 | 월요일 15:00~00:00 365일 연중무휴 | 일요일 15:00~23:00",
        "phone": "0507-1445-7502",
        "op": "undefined포장 /배달 /예약 /무선 인터넷 /남/녀 화장실 구분 /제로페이 /",
        "way": "강남 고속터미널역 8-2번 출구 도보 1분 거리에 위치하고 있습니다.\n(서울시 서초구 신반포로 189, 반포쇼핑타운 4동 B1 담은)",
        "booking": "",
        "category": "술집",
        "menus": [
            "모듬전",
            "29,000원"
        ],
        "description": "고속터미널역 8-2번 출구, 도보 3분 거리에 위치한 전통주점 '담은'입니다.\n저희 담은에서는 다양한 전 요리와 정갈한 안주, 그리고 팔도 막걸리와 약,청주 등\n80여 종의 진귀한 술과 풍성하고 신선한 식재료로 맛있는 안주를 제공하고 있습니다.\n\n항상 고객 여러분을 먼저 생각하는 담은이 될 것을 약속드리며,\n고객님과의 인연을 소중히 생각하겠습니다."
    },
    {
        "no": 17,
        "code": 1735144615,
        "images": "https://ldb-phinf.pstatic.net/20210222_194/1613986079192b95Ha_JPEG/image.jpg",
        "name": "이층완우",
        "adress": "서울 서초구 양재동 11-83 2층 이층완우",
        "time": "평일 11:30~23:30 브레이크타임 14:00-17:30 | 토요일 17:00~23:30 | 일요일 휴무 | 공휴일 휴무",
        "phone": "070-7537-1182",
        "op": "undefined포장 /예약 /무선 인터넷 /제로페이 /",
        "way": "",
        "booking": "https://booking.naver.com/booking/6/bizes/488438",
        "category": "술집",
        "menus": [
            "대창,곱창 전골",
            "32,000원"
        ],
        "description": "한식을 기반으로 한 음식점 입니다.\n신선한 재료로 맛있는 음식을 내어드리겠습니다.\n다양한 음식과 곁들일 수 있는 주류가 준비되어 있습니다. 매장이 협소해 최대 6인까지 이용가능합니다. 이용하시는데 참고 부탁드립니다."
    },
    {
        "no": 18,
        "code": 20630321,
        "images": "https://ldb-phinf.pstatic.net/20200813_31/1597302007154pIaU0_JPEG/xSQFGtvrSstyWNg9RCetIcfs.jpg",
        "name": "하얀집호프",
        "adress": "서울 서초구 잠원동 69-2 4동 지하1층 하얀집",
        "time": "평일 15:30~01:00 | 일요일 휴무 | 토요일 15:30~01:00",
        "phone": "02-594-9719",
        "op": "undefined단체석 /주차 /포장 /예약 /무선 인터넷 /남/녀 화장실 구분 /제로페이 /",
        "way": "신세계백화점 강남점, 건너 편 반포쇼핑센터 4동 지하.",
        "booking": "",
        "category": "술집",
        "menus": [
            "하얀집치킨",
            "23,000원"
        ],
        "description": "16년 전통의 깔끔하고 편안한 분위기의 호프집."
    },
    {
        "no": 19,
        "code": 1577034698,
        "images": "https://ldb-phinf.pstatic.net/20230721_285/1689929380281DncYe_JPEG/B553A822-FAD4-4291-93F1-B5A9319D86FD.jpeg",
        "name": "스미로우",
        "adress": "서울 서초구 서초동 1571-29 지층, 스미로우 교대점",
        "time": null,
        "phone": "0507-1362-3818",
        "op": "undefined단체석 /예약 /무선 인터넷 /남/녀 화장실 구분 /지역화폐 (지류형) /지역화폐 (카드형) /지역화폐 (모바일형) /제로페이 /",
        "way": "교대이층집 건물 바로 뒷편,\n정통 한성 양갈비 양꼬치 건물 지하에 위치하고 있습니다.",
        "booking": "https://booking.naver.com/booking/6/bizes/944414",
        "category": "술집",
        "menus": [
            "오늘의 사시미1인",
            "19,000원"
        ],
        "description": "안녕하세요:)\n저희 '스미로우' 는 일본 현지와 가장 가까운 맛을 내기 위해 항상 노력하고있습니다.\n\n각종 수제꼬치와 사시미 나베요리 등 모든메뉴를 수제로 만들어 맛있는요리들을 합리적인 금액으로 즐기실 수 있습니다.\n\n맛있는요리들과 좋은 분위기로 데이트코스, 소개팅 맛집으로도 제격이며 단체모임.회식자리를 위한 단체석 또한 완비되었습니다.\n감사합니다:)"
    },
    {
        "no": 20,
        "code": 31991940,
        "images": "https://ldb-phinf.pstatic.net/20150825_53/1440484362921Oj87z_JPEG/166775556259678_0.jpg",
        "name": "장꼬방",
        "adress": "서울 서초구 서초동 1316 1층",
        "time": "매일 09:00~22:00",
        "phone": "02-597-5511",
        "op": "undefined주차 /포장 /무선 인터넷 /남/녀 화장실 구분 /제로페이 /",
        "way": "강남역 10번출구에서 약 20M 직진\n- 공사현장 끼고 좌회전\n- 서초 초등학교 부근까지 직진\n- 좌측에 위치",
        "booking": "",
        "category": "카페,디저트",
        "menus": [
            "찹쌀떡(개당)",
            "1,900원"
        ],
        "description": "<최고의 재료로 모든 과정을 직접 만든다>\n장꼬방의 생각입니다.\n전국 각지의 최고의 재료를 선정하는것부터 만들고 포장하여 판매까지 모든 과정을 외주없이 장꼬방이 진행하여 고객님께 믿고 먹을수 있는 음식을 제공합니다."
    },
    {
        "no": 21,
        "code": 976131328,
        "images": "https://ldb-phinf.pstatic.net/20220706_121/16571164523319Wa7a_JPEG/P20220701_144619407_D40F1DC2-987E-44C9-B1FD-5617F8DC07F1.jpg",
        "name": "로야디",
        "adress": "서울 서초구 서초동 1523-18 1층",
        "time": "금요일 11:00~14:00 매주 토 & 일요일 휴무 | 목요일 11:00~14:00 매주 토 & 일요일 휴무 | 수요일 11:00~14:00 매주 토 & 일요일 휴무 | 화요일 11:00~14:00 매주 토 & 일요일 휴무 | 월요일 11:00~14:00 매주 토 & 일요일 휴무 | 평일 11:00~14:00 매주 토 & 일요일 휴무",
        "phone": "02-2055-0403",
        "op": "undefined포장 /무선 인터넷 /제로페이 /",
        "way": "서초역 3번출구로 나와 300미터 직진 후 농협에서 우회전 합니다. 그리고 11시 방향으로 300미터 직진하면 롯데슈퍼 앞 삼거리에서 왼쪽으로 오시면 됩니다.",
        "booking": "https://booking.naver.com/booking/6/bizes/691725",
        "category": "음식점",
        "menus": [
            "찰떡브라우니(초코)",
            "2,800원"
        ],
        "description": "좋은 재료를 사용하여 건강한 수제 디저트를 만들어요 :)"
    },
    {
        "no": 22,
        "code": 35075023,
        "images": "https://ldb-phinf.pstatic.net/20221215_159/16710639782507BeBI_JPEG/364B0B4B-C933-4260-A21E-43767CC0164D.jpeg",
        "name": "카몽",
        "adress": "서울 서초구 서초동 1552-2 1층",
        "time": "평일 08:30~21:30 매월 첫주 토요일 휴무  | 주말 11:30~21:30 매월 첫주 토요일 휴무 | 공휴일 12:00~21:30 매월 첫주 토요일 휴무",
        "phone": "0507-1498-5951",
        "op": "undefined단체석 /주차 /포장 /무선 인터넷 /지역화폐 (카드형) /제로페이 /",
        "way": "서초역 1번출구에서 1분 \n서초역 0번 출구에서 10초",
        "booking": "",
        "category": "음식점",
        "menus": [
            "크림체리와플",
            "21,500원"
        ],
        "description": "http://instagram.com/kamong.coffee\n\n스페셜티 커피\n직접반죽한 겉바속촉 와플\n신선한 생크림, 고메버터를 쏟아 부은 최상급 와플을 느껴보세요"
    },
    {
        "no": 23,
        "code": 38310354,
        "images": "https://ldb-phinf.pstatic.net/20180328_176/1522202086851YIiDm_JPEG/Xww4Hw_AtMahUimQTZW_kvta.jpg",
        "name": "태양커피",
        "adress": "서울 서초구 방배동 851-18 1층",
        "time": "평일 09:00~21:00 라스트오더 21시(주차안됨) | 주말 12:00~21:00 라스트오더 21시(주차안됨) | 공휴일 12:00~21:00 라스트오더 21시(주차안됨)",
        "phone": "0507-1426-8181",
        "op": "undefined무선 인터넷 /",
        "way": "내방역 7번 출구로 나와서 200m 직진, 우측에 스타벅스가 보이면 골목으로 우회전(주차안됨)",
        "booking": "",
        "category": "카페,디저트",
        "menus": [
            "롱블랙",
            "4,000원"
        ],
        "description": "테이크아웃 스페셜티커피 전문점 입니다."
    },
    {
        "no": 24,
        "code": 1114089423,
        "images": "https://ldb-phinf.pstatic.net/20190208_276/15496176869283WheY_JPEG/0dPCx8fYhgPQNXI69_5csqZi.jpeg.jpg",
        "name": "헬무트커피",
        "adress": "서울 서초구 방배동 453-22 헬무트커피",
        "time": "월요일 11:30~22:00 | 금요일 11:30~22:00 | 목요일 11:30~22:00 | 수요일 11:30~22:00 | 화요일 11:30~22:00 | 일요일 11:00~22:00 | 토요일 11:00~22:00",
        "phone": "070-7776-3748",
        "op": "undefined무선 인터넷 /",
        "way": "사당역 11번출구 도보 300m 5분 소요 / 삼남빌딩 한촌설렁탕 근처입니다.\n주소는 방배동 453-22",
        "booking": "",
        "category": "음식점",
        "menus": [
            "마피아 밀크",
            "6,500원"
        ],
        "description": "2010년 오픈을 시작으로  10년전통 크림커피명가  헬무트커피로스터스입니다.  직접로스팅한 신선한커피와  100프로 동물성생크림만을  이용한  아인슈패너가  매력적인  카페입니다. 기본이용시간은 3시간입니다^^"
    }
]