[
    {
        "no": 0,
        "code": 1903469010,
        "images": "https://ldb-phinf.pstatic.net/20230530_97/16854251392780lEv4_JPEG/76CE0443-5476-4AD9-8B45-169EDCD266F3.jpeg",
        "name": "후타츠",
        "adress": "서울 도봉구 창동 655-10 1층",
        "time": null,
        "phone": "0507-1356-5364",
        "op": "undefined예약 /무선 인터넷 /남/녀 화장실 구분 /제로페이 /",
        "way": "쌍문역 2번 출구에서 도보 200M 입니다\n빠른 걸음 1분 30초, 여유롭게 오시면 3분 소요됩니다\n\n쌍문역의 대표적인 맛집 스시혼 건너편에 위치하고 있읍니다\n또한 주요 역으로부터의 소요 시간은 아래와 같습니다\n\n혜화에서 15분\n성수에서 32분\n홍대에서 41분\n잠실에서 44분\n강남에서 48분\n\n대중교통으로 1시간 이내에 오실 수 있는 장점이 있읍니다\n뻔뻔하게 죄송합니다 허나 오신다면 후회는 없으실거라 장담합니다\n\n오시는 길 헷갈리시면 언제든지 전화주세요-!",
        "booking": "",
        "category": "일식",
        "menus": [
            "(매콤)NEW아부라소바",
            "12,500원"
        ],
        "description": "안녕하세요 후타츠입니다 마제소바는 수십가지의 재료가 들어간 정성 가득한 음식인데요 독특하게도 면을 다 드신 후의 남은 양념에 밥을 얹어드립니다 필요하신 분께서는 언제든지 오이메시 를 힘차게 외쳐주시구요 식사를 다 마치신 뒤에는 그릇 아래에 쓰여져있는 일본어 よし-! 가 보이실거에요 한국어로 좋아-! 이런 뜻인데 기분 좋은 식사 마무리가 되셨으면 하는 마음을 담아 그릇에 적어두었습니다\n\n행복한 면치기 시간이 되도록, 그래서 손님들 나가신 자리에 늘 よし가 보일 수 있도록 최선을 다해 준비하겠습니다 곧 뵙겠습니다 쌍문동 후타츠였습니다!\n\nㅡ ㅡ ㅡ ㅡ ㅡ ㅡ ㅡ ㅡ ㅡ ㅡ ㅡ ㅡ ㅡ ㅡ ㅡ\n\n후타츠 본점(쌍문)\n후타츠 하남미사점\n후타츠 부산점\n후타츠 홍대점\n후타츠 의정부점\n후타츠 노원점(8월 오픈예정)\n후타츠 용리단길점(9월 오픈예정)"
    },
    {
        "no": 1,
        "code": 1966521856,
        "images": "https://ldb-phinf.pstatic.net/20230330_63/1680162893305ywvap_JPEG/46AC768E-1631-4D68-9DEF-AA588B71D315.jpeg",
        "name": "라프레플루트",
        "adress": "서울 성동구 성수동1가 685-495 2층",
        "time": "공휴일 휴무 매장 이전준비로 인하여 잠시 휴업합니다:) | 주말 휴무 매장 이전준비로 인하여 잠시 휴업합니다:) | 평일 휴무 매장 이전준비로 인하여 잠시 휴업합니다:) | 매일 휴무 매장 이전준비로 인하여 잠시 휴업합니다:)",
        "phone": "0507-1383-7415",
        "op": "undefined포장 /무선 인터넷 /반려동물 동반 /제로페이 /",
        "way": "",
        "booking": "",
        "category": "음식점",
        "menus": [
            "제주애플망고메뉴",
            "변동가격(업주문의)"
        ],
        "description": "다양한 과일을 쉽고 간편하게 접할 수 있는\n프리미엄 과일가게 라프레 플루트입니다 :)\n\n냉동과일, 과일 시럽은 쓰지 않기에\n과일 천연의 맛을 느낄 수 있습니다.\n\n또한 과일주스에는 설탕 대신\n유기농 사탕수수 시럽을 이용하여\n건강을 생각하였습니다.\n\n라프레 플루트 많은 이용 부탁드립니다!\n감사합니다:)\n\n*주차는 뚝섬유수지 공영주차장을 이용해 주세요!"
    },
    {
        "no": 2,
        "code": 1425989301,
        "images": "https://ldb-phinf.pstatic.net/20230628_122/168793900516032uET_JPEG/IMG_0678.jpg",
        "name": "카페 할아버지공장",
        "adress": "서울 성동구 성수동2가 309-133",
        "time": "매일 11:00~22:30 연중 무휴",
        "phone": "0507-1317-2301",
        "op": "undefined단체석 /주차 /예약 /무선 인터넷 /남/녀 화장실 구분 /",
        "way": "[도보]\n성수역 3번 출구로 나오시는 것이 가장 가깝습니다.\n\n[차량]\n매장 앞 3 대 까지 주차가 가능합니다.\n주차공간이 협소하여 자리가 없을 시 \n매장 앞 '서울숲한라 시그마밸리' 지하 주차장을 이용해주시는것이 가장 편리합니다. (유료)\n(도보 20초 거리 / 'KB 국민은행 성수동지점' 이 위치한 건물입니다.)",
        "booking": "",
        "category": "음식점",
        "menus": [
            "커피",
            "5,000~8,000원"
        ],
        "description": "카페 할아버지공장은 성수동 복합 문화 예술 공간입니다.\n저희는 단순한 카페가 아닌 많은 볼거리를 제공하고 있습니다. 다양한 작가님들과 아티스트들의 작품들이 루프탑 포함 3층 공간 곳곳에 전시되어 있습니다.\n\n다양한 회사와 많은 팝업, 전시, 대관, 촬영, 대표적으로는 넷플릭스 '빈센조', '놀면뭐하니' 등 다양한 방면으로 소개되어었습니다.\n\n대표메뉴로는 '할아버지피자'를 포함한 참나무 화덕피자가 인기있으며, 파스타, 셀러드 및 디저트 등을 제공합니다. 음료로는 아인슈페너, 진저애플티, 밀크티 등 다양한 할아버지공장 인기메뉴가 있습니다.\n\n연중 휴무 없이 정상 영업하고 있습니다.\n주말에는 예약이 불가합니다. 평일 식사 예약은 전화로 알려주시면 감사하겠습니다.\n\n.\n.\n주차는 매장 앞 3대까지 가능하시며 자리가 없을 경우,\n한라시그마밸리 유료주차장 이용하시면 됩니다.(주차권 제공X)\n\n반려동물은 야외테라스석만 이용 가능합니다.\n\n대관 행사 시 인스타그램 계정을 통해 알려드리겠습니다.\n대관 문의는 010 3934 2301 로 연락부탁드립니다.\n@grandpa.factory"
    },
    {
        "no": 3,
        "code": 1952602333,
        "images": "https://ldb-phinf.pstatic.net/20230722_175/1690018022296ugJMf_JPEG/655C94AC-E82A-4EC5-9015-DBBCEC14EE8E.jpeg",
        "name": "모퉁이와플",
        "adress": "서울 성동구 성수동1가 9-7 1층",
        "time": "평일 07:30~21:00 마지막주문 20:40  | 공휴일 12:30~21:00 마지막주문 21:00 | 주말 12:30~21:00 마지막주문 21:00",
        "phone": "0507-877-3205",
        "op": "undefined포장 /배달 /예약 /제로페이 /",
        "way": "",
        "booking": "",
        "category": "카페,디저트",
        "menus": [
            "[패스오더전용] 100원 아메리카노",
            "100원"
        ],
        "description": "*8/31까지 하늘식품에서 팝업스토어로 운영중입니다 아래주소로 와주세요\n(성동구 왕십리로94 1층)\n핍업동안엔 매장에서 드시고 가실수있습니다\n\n아메리칸와플 전문점 모퉁이와플입니다\n기본와플부터 다양한와플을 맛 보실수있습니다\n\n@서울숲피크닉대여 첫스타트 집 입니다\n장마,겨울제외 언제든 대여 가능합니다\n예약문의는 카카오채널로 메세지주세요!"
    },
    {
        "no": 4,
        "code": 1343525582,
        "images": "https://ldb-phinf.pstatic.net/20200807_254/1596787316117cEogI_PNG/KYM2b-q6QTiYhhvnDmS4aDrc.png",
        "name": "봇봇봇",
        "adress": "서울 성동구 성수동2가 277-135",
        "time": "월요일 휴무 | 목요일 11:00~21:00 | 수요일 11:00~21:00 | 화요일 11:00~21:00 | 일요일 11:00~21:00 | 토요일 11:00~22:00 | 금요일 11:00~22:00",
        "phone": "0507-1322-9219",
        "op": "undefined단체석 /포장 /무선 인터넷 /반려동물 동반 /남/녀 화장실 구분 /",
        "way": "성수역 2번 출구. 도보 약 3분",
        "booking": "",
        "category": "음식점",
        "menus": [
            "로맨슈페너 BOT",
            "6,500원"
        ],
        "description": "사람과 로봇이 함께하는 감성테크 플레이스 BOTBOTBOT\n봇봇봇은 성수동에 위치한 로봇카페이자 새로운 문화 공간입니다.\n\n낮에는 커피, 브런치와 함께 여유로운 시간을,\n밤에는 또 다른 분위기에서 맥주, 칵테일을 즐길 수 있습니다."
    },
    {
        "no": 5,
        "code": 38561949,
        "images": "https://ldb-phinf.pstatic.net/20230612_255/1686562488552F0Omh_PNG/LOGO.png",
        "name": "어니언 성수",
        "adress": "서울 성동구 성수동2가 277-135 어니언",
        "time": "평일 08:00~22:00 last order 21:30 | 주말 10:00~22:00 last order 21:30",
        "phone": "0507-1386-3238",
        "way": "지하철 2호선 성수역 2번 출구 도보 약 5분",
        "booking": "",
        "category": "음식점",
        "menus": [
            "에스프레소(Espresso)",
            "5,000원"
        ],
        "description": "이 공간은 1970년대에 처음 지어졌다. 그리고 50여년이 다 되어가는 시간 동안 슈퍼, 식당, 가정집, 정비소, 그리고 공장으로 변형되었다. 때마다 필요에 따라 쓸모없는 부분은 부서졌고, 더해져야 할 부분은 주먹구구식으로 증축되었다. 심미성보다는 활용성을 중심으로 변화한 공간이기에 시간과 함께 공간의 본 모습은 점점 사라져갔다. \n\n우리는 공간을 탐색하던 중, 과거의 구조 속에서 새것이 줄 수 없는 가치를 발견했다. 바닥에 묻은 페인트 자국, 덧대어진 벽돌 하나하나가 세월을 기억하는 훌륭한 소재였다. 우리는 이 모든 흔적을 살리며 과거의 공간을 다시 재생시키는 것에 집중했다. 과거의 공간이자 동시대적인 공간으로서의 재해석이 필요했다. \n\nONION은 분리된 것 같으면서도 유기적으로 연결된 구조를 존중하고, 사용자의 기능을 고려해 신중하게 추가된 소재들로 만들어졌다. 가구 또한 공간의 일부가 될 수 있도록 건축적인 요소를 더해 제작되었다. 함께 공존하는 식물들도 이곳에 늘 있었던 것처럼 익숙한 모습으로 자리해 있다. \n\n이 공간은 마음을 정화시키는 휴식과 서비스가 존재하는 곳이 될 것이며, 공간을 찾는 이들의 머릿속 소음을 잠재워 줄 안식처가 될 것이다. 우리는 이 장소가 누군가에게는 새로운 삶의 영감을, 누군가에게는 온전한 휴식을 선사하는 곳으로 기억되길 바란다."
    },
    {
        "no": 6,
        "code": 38692829,
        "images": "https://ldb-phinf.pstatic.net/20220427_231/16510440637027o7gq_JPEG/%C4%AB%C6%E41.jpg",
        "name": "하루앤원데이",
        "adress": "서울 성동구 성수동2가 314-5 S타워 1층",
        "time": "평일 07:30~23:00 | 토요일 09:00~23:00 | 일요일 09:00~22:00",
        "phone": "02-499-9303",
        "op": "undefined단체석 /주차 /포장 /무선 인터넷 /남/녀 화장실 구분 /",
        "way": "성수역 4번출구에서 나오셔서 직진으로 30M만 오시면 됩니다.",
        "booking": "",
        "category": "음식점",
        "menus": [
            "아메리카노",
            "4,800원"
        ],
        "description": "안녕하세요.\n\n성수동 디저트 카페 하루앤원데이 입니다."
    },
    {
        "no": 7,
        "code": 1304899573,
        "images": "https://ldb-phinf.pstatic.net/20230525_275/1685002745640VvM6k_JPEG/2.jpg",
        "name": "한강주조",
        "adress": "서울 성동구 성수동2가 648-17",
        "time": "목요일 09:00~18:00 | 수요일 09:00~18:00 | 화요일 09:00~18:00 | 금요일 09:00~18:00 | 월요일 09:00~18:00 | 공휴일 휴무 | 주말 휴무",
        "phone": "0507-1387-1125",
        "way": "",
        "booking": "",
        "category": "제조업",
        "menus": "",
        "description": "전통을 기반으로 기본을 지킵니다.\n\n 멋지고 맛있는 우리술을 많은 분들이 즐길 수 있길 바라면서 2019년 서울 성수동에서 시작된 양조장입니다. 고문헌과 전통을 기반으로 현재 우리에게 우리술을 소개하고 지속가능한 문화로 만들기 위해 노력합니다.\n\n한강\n한강은 단순한 강을 넘어 우리나라의 중심지이자 물로 이루어진 역사로 우리의 과거와 현재를 담아내고 미래를 연결하는 의미가 있습니다. 과거 화려한 우리 전통 문화를 기반으로 새로운 문화를 만들어 갑니다."
    },
    {
        "no": 8,
        "code": 1191406608,
        "images": "https://ldb-phinf.pstatic.net/20230529_28/1685338958240AaGDG_JPEG/IMG_2477---1.jpg",
        "name": "압구정수산시장",
        "adress": "서울 성동구 성수동1가 13-190 1, 2층",
        "time": null,
        "phone": "010-4823-1014",
        "op": "undefined단체석 /남/녀 화장실 구분 /",
        "way": "뚝섬역 4번출구에서 도보로 500M정도 오시면 됩니다.",
        "booking": "",
        "category": "술집",
        "menus": [
            "11종 일품사시미",
            "59,000원"
        ],
        "description": "聖水で出会う小さな日本\n성수에서 만나는 작은 일본\n\n도심 속에서 발견한 신선한 세상.\n\n낮에는 식사를,\n밤에는 낮보다 활기찬 수산시장의 분위기를 즐기며\n낮과 밤 사이의 여행을 즐겨보세요.\n\n* 주차는 어렵습니다.\n   근처 공용주차장 이용 부탁드립니다.\n\n* 국내. 해외 가맹문의 1877-8015 / dm\n\n* 예약은 어렵습니다."
    },
    {
        "no": 9,
        "code": 1208890227,
        "images": "https://ldb-phinf.pstatic.net/20220723_118/1658563625177oFWEh_JPEG/1658563538831-25.jpg",
        "name": "레타주",
        "adress": "서울 성동구 성수동1가 656-686 B1F",
        "time": "토요일 18:00~22:00 | 금요일 18:00~22:00 | 목요일 18:00~22:00 | 수요일 18:00~22:00 | 화요일 18:00~22:00 | 월요일 18:00~22:00 | 일요일 휴무",
        "phone": "010-7288-5008",
        "op": "undefined단체석 /배달 /예약 /무선 인터넷 /남/녀 화장실 구분 /",
        "way": "- 뚝섬역 7번 출구 도보 3분\n- 서울숲 맞은편 뚝섬 먹자골목 안",
        "booking": "https://booking.naver.com/booking/6/bizes/582600",
        "category": "술집",
        "menus": [
            "실비 서비스",
            "12,500원"
        ],
        "description": "스몰 프렌치 스낵들이 매력적인 실비스낵바. 간단한 실비 서비스로 다양한 스낵들을 와인들과 즐길 수 있습니다 :). 채소와 해산물들을 이용하여 만드는 단품 메뉴들부터 직접 만든 생면으로 만든 파스타까지 즐길 수 있는 실비스낵바. 하이볼, 진토닉 등 맛있는 칵테일도 있습니다."
    },
    {
        "no": 10,
        "code": 1204635344,
        "images": "https://ldb-phinf.pstatic.net/20210516_142/16211504517615v5Wv_JPEG/9IOokbwfV8J2GI4Ai3ilpdP7.jpeg.jpg",
        "name": "성수명당",
        "adress": "서울 성동구 성수동2가 275-71 1층",
        "time": "화요일 17:00~02:00 | 수요일 17:00~02:00 | 목요일 17:00~02:00 | 금요일 17:00~02:00 | 토요일 17:00~02:00 | 일요일 17:00~02:00",
        "phone": "0507-1493-3227",
        "op": "undefined단체석 /예약 /무선 인터넷 /",
        "way": "성수사거리 2분거리에 위치해 있습니다.",
        "booking": "https://booking.naver.com/booking/6/bizes/290065",
        "category": "술집",
        "menus": [
            "더오프라인샵 스테이크",
            "43,000원"
        ],
        "description": "성수동에 위치한 밥이 맛있는 성수동 술집"
    },
    {
        "no": 11,
        "code": 37748060,
        "images": "https://ldb-phinf.pstatic.net/20210411_251/1618115439149UR9yF_JPEG/PDVezwqlQd2lyHCvmCNtPEsv.jpeg.jpg",
        "name": "아키야마",
        "adress": "서울 성동구 성수동2가 289-5 성수에이팩센터1층106호",
        "time": "평일 11:30~13:30 오전 | 평일 17:00~01:30 오후 | 금요일 17:00~01:30 | 토요일 17:00~01:30 | 일요일 휴무 | 공휴일 17:00~01:30",
        "phone": "0507-1402-1757",
        "op": "undefined단체석 /주차 /예약 /무선 인터넷 /남/녀 화장실 구분 /제로페이 /",
        "way": "성수역 2번출구 나와서 바로 왼쪽길로 쭈욱200m gs25편의점지나 아이파크아파트 정문도 지나 gs25편의점끼고 왼쪽으로 들어와 30미터 건물 끝에 위치(에이팩센터 빌딩1층)",
        "booking": "",
        "category": "술집",
        "menus": [
            "김치오뎅나베",
            "25,000원"
        ],
        "description": "친절하고 맛있는 변함없는 이자카야 아키야마 입니다.\n계절 모듬사시미.숯불꼬치구이.튀김요리.나베요리.구이요리.추천요리등 다양하고 맛있는 메뉴가 있습니다.\n감사합니다."
    },
    {
        "no": 12,
        "code": 1469921031,
        "images": "https://ldb-phinf.pstatic.net/20211018_92/16345499329309sXAF_JPEG/g1TxLHxBaCzDOpB_8VgCNJ02.jpg",
        "name": "이로우",
        "adress": "서울 성동구 성수동1가 16-27 1층",
        "time": "금요일 17:00~01:00 | 목요일 17:00~01:00 | 수요일 17:00~01:00 | 화요일 17:00~01:00 | 월요일 17:00~01:00 | 일요일 15:00~01:00 | 토요일 15:00~01:00",
        "phone": "0507-1325-7448",
        "way": "성수역과 뚝섬역 사이\n성수역 4번출구 도보 5분거리",
        "booking": "https://booking.naver.com/booking/6/bizes/464569",
        "category": "술집",
        "menus": [
            "모둠사시미",
            "36,000원"
        ],
        "description": "편한 분위기의 이자카야입니다.\n이로우만의 맛있는 안주와 술로 하루를 위로합니다."
    },
    {
        "no": 13,
        "code": 1780251728,
        "images": "https://ldb-phinf.pstatic.net/20220817_76/1660705082861LUDmk_JPEG/28021453-AD62-4C19-8657-18DFFCC4A987.jpeg",
        "name": "곤스",
        "adress": "서울 성동구 행당동 387 지웰홈스 왕십리 1층 105호,106호, 107호",
        "time": null,
        "phone": "0507-1301-3844",
        "op": "undefined주차 /예약 /남/녀 화장실 구분 /제로페이 /",
        "way": "왕십리역 5번출구 나오셔서 좌측으로 500미터 오시면 지웰홈스 상가에 있습니다",
        "booking": "https://booking.naver.com/booking/6/bizes/775942",
        "category": "술집",
        "menus": [
            "통영 돌문어 뽈뽀",
            "18,000원"
        ],
        "description": "저렴하고 맛있는 일식 이자카야 곤스(gon's)"
    },
    {
        "no": 14,
        "code": 1704335002,
        "images": "https://ldb-phinf.pstatic.net/20210421_173/1618962782544h69J1_JPEG/bhKIjGCVy-YfEune2IC-Nj-R.jpeg.jpg",
        "name": "호미담",
        "adress": "서울 성동구 성수동1가 14-47 지하1층",
        "time": "목요일 11:30~23:00 (쉬는시간 14:00-17:30) | 수요일 11:30~23:00 (쉬는시간 14:00-17:30) | 화요일 11:30~23:00 (쉬는시간 14:00-17:30) | 월요일 11:30~23:00 (쉬는시간 14:00-17:30) | 금요일 11:30~00:00 (쉬는시간 14:00-17:30) | 공휴일 16:30~24:00 | 토요일 16:30~24:00 | 일요일 휴무",
        "phone": "02-6012-7690",
        "op": "undefined주차 /포장 /예약 /무선 인터넷 /제로페이 /",
        "way": "뚝섬역 5번출구 3분 거리 입니다: )",
        "booking": "",
        "category": "술집",
        "menus": [
            "[평일 점심] 항정살 연저육",
            "11,500원"
        ],
        "description": "친숙하지만 개성있는 한식 요리와\n다양한 우리술을 즐길 수 있는 공간입니다\n\n예약은 캐치테이블, 네이버 예약을 이용부탁드립니다\n*워크인으로도 방문 가능합니다\n\n*희석식 소주(참이슬,진로 등)는 없습니다"
    },
    {
        "no": 15,
        "code": 1753536913,
        "images": "https://ldb-phinf.pstatic.net/20230427_215/1682604547735Rb408_JPEG/KakaoTalk_20230427_210413384_17.jpg",
        "name": "헬렐레",
        "adress": "서울 성동구 성수동2가 271-24 남경빌딩 2층 203호",
        "time": null,
        "phone": "0507-1334-9793",
        "op": "undefined단체석 /예약 /무선 인터넷 /남/녀 화장실 구분 /",
        "way": "성수역 인근 KT&G 상상플래닛 건너편 남경빌딩 2층에 있어요:)",
        "booking": "https://booking.naver.com/booking/6/bizes/834798",
        "category": "술집",
        "menus": [
            "연어사시미",
            "25,000원"
        ],
        "description": "+평일 사원증 지참시 5% 할인 이벤트 진행중!+\n\nLife is 헬렐레,\n헬렐레는 술맛 진하게 나는 분위기와 안주가 있는 곳입니다:)\n\n독특하고 특별한 안주들을 준비해 두었으며,\n정말 다양한 하이볼들을 맛보실 수 있습니다!\n\n20인이상 단체석 및 대관도 가능합니다 !\n\n날씨 좋은날 야외테라스에서 좋은사람들과 헬렐레~"
    },
    {
        "no": 16,
        "code": 1165895550,
        "images": "https://ldb-phinf.pstatic.net/20220906_194/16624573308025TeJ8_JPEG/KakaoTalk_20220906_184113781_01.jpg",
        "name": "찰랑찰랑",
        "adress": "서울 성동구 행당동 298-48 . 1층(행당동)",
        "time": null,
        "phone": "0507-1410-3386",
        "op": "undefined단체석 /예약 /무선 인터넷 /",
        "way": "왕십리역 11번출구로 도보 5분!",
        "booking": "",
        "category": "술집",
        "menus": [
            "수제모듬전 (육전포함 10종)",
            "26,000원"
        ],
        "description": "안녕하세요!\n저희는 전통주를 취급하는 요리주점 '찰랑찰랑'입니다!\n\n즐거운 분위기, 맛있는 음식과 술\n좋은 시간을 보내실 수 있도록 최선을 다하겠습니다!\n\n*소주, 맥주 일반주류도 있습니다!\n\n@chal_rang_chal_rang"
    },
    {
        "no": 17,
        "code": 1148276325,
        "images": "https://ldb-phinf.pstatic.net/20230428_225/1682614146232tBOxc_PNG/6.png",
        "name": "요쇼쿠 성수",
        "adress": "서울 성동구 성수동1가 668-54 2층",
        "time": null,
        "phone": "0507-1321-2781",
        "op": "undefined단체석 /포장 /무선 인터넷 /",
        "way": "서울숲 아뜰리에길 첫번째 골목에 위치했습니다.\n\n주차가 불가하여, 자차 이용시 근처 공영 주차장 이용 부탁드립니다.",
        "booking": "",
        "category": "일식",
        "menus": [
            "사바카츠 동",
            "11,900원"
        ],
        "description": "요쇼쿠는 우리말로 '양식' 입니다. 서양음식을 받아 들여 고유의 일본 음식이 된 함박스테이크, 돈까스, 커리와 일본소바, 라멘 등 다양한 누들을 이태리 소스와 곁들여 준비해봤습니다."
    },
    {
        "no": 18,
        "code": 1469546217,
        "images": "https://ldb-phinf.pstatic.net/20230609_116/1686297518769Awy54_JPEG/1D3A8529.jpg",
        "name": "오스테리아 파로",
        "adress": "서울 성동구 성수동1가 668-19 1층",
        "time": "월요일 11:30~22:00 런치11:30~15:00 . 디너 17:30~ | 금요일 11:30~22:00 런치11:30~15:00 . 디너 17:30~ | 목요일 11:30~22:00 런치11:30~15:00 . 디너 17:30~ | 수요일 11:30~22:00 런치11:30~15:00 . 디너 17:30~ | 화요일 11:30~22:00 런치11:30~15:00 . 디너 17:30~ | 공휴일 12:00~22:00 런치12:00~15:30 . 디너 17:00~ | 주말 12:00~22:00 런치12:00~15:30 . 디너 17:00~",
        "phone": "0507-1305-7102",
        "op": "undefined단체석 /예약 /무선 인터넷 /남/녀 화장실 구분 /",
        "way": "뚝섬역 8번출구에서 직진후 신호건넌뒤 SK뒤쪽 골목\n약 340m",
        "booking": "https://booking.naver.com/booking/6/bizes/366501",
        "category": "음식점",
        "menus": [
            "성게알파스타",
            "27,000원"
        ],
        "description": "생면파스타와 내추럴와인 및 100여가지 다양한 세계와인을 접하실수있는 와인공간 오스테리아 파로입니다."
    },
    {
        "no": 19,
        "code": 1241532707,
        "images": "https://ldb-phinf.pstatic.net/20230717_139/1689577232984WhMwt_JPEG/%B4%DC%C3%BC%C4%C61_1%C2%F7.jpg",
        "name": "성수다락",
        "adress": "서울 성동구 성수동2가 328-15 2층",
        "time": "평일 11:30~21:30 BREAK TIME 15:15 ~ 16:30 / LAST ORDER 14:30(런치) & 20:30(디너) | 주말 11:30~21:30 NO BREAK / LAST ORDER 20:30 | 공휴일 11:30~21:30 NO BREAK / LAST ORDER 20:30",
        "phone": "0507-1349-9197",
        "op": "undefined단체석 /포장 /배달 /예약 /무선 인터넷 /제로페이 /",
        "way": "대중교통을 이용해 방문해주실 경우, 성수역 3번출구로 나와주세요 :) 대림창고 방향으로 약 5분 걸으면, 훔볼트 카페가 보여요. 그곳을 끼고 왼쪽 골목으로 들어오시면, 성수다락이 보여요!\n\n자가용을 가지고 오신 경우, 네비게이션에 '성수다락'을 검색하시면 쉽게 방문하실 수 있어요!\n주차공간은 따로 없어, 성수다락 근처에\n'에이스하이엔드성수타워'의 유료 주차 이용 부탁드려요!\n길을 못찾으시면 언제든지 전화주세요 :)\n0507-1349-9197",
        "booking": "https://booking.naver.com/booking/6/bizes/337193",
        "category": "이탈리아음식",
        "menus": [
            "다락오므라이스",
            "14,000원"
        ],
        "description": "[라스트오더 안내]\n\n디너 - 20시 30분\n*런치 브레이크타임 X\n\n[ 매장 설명 ]\n오므라이스 & 파스타 전문점\n성수동맛집 성수다락입니다!\n\n저희 성수다락은 맛있는 음식점, 훌륭한 데이트 맛집을 넘어\n특별한 경험과 추억을 선물하고자합니다 :)\n\n! 스르륵 촥, 하고 갈라지는 다락의 시그니쳐 오므라이스\n! 다양하고 감각적인 플레이팅의 파스타 맛집\n! 깔끔한 인테리어와 햇살감성의 분위기\n\n성수역맛집 성수다락\n*예약은 네이버예약을 통해 가능합니다\n*반려동물 입장은 어려운 점 양해 부탁드리겠습니다."
    },
    {
        "no": 20,
        "code": 1146398059,
        "images": "https://ldb-phinf.pstatic.net/20181104_270/1541267710069wnQ8U_JPEG/tqYoJD8To7L_uErQaDBOC7jr.jpg",
        "name": "왕십리연탄집",
        "adress": "서울 성동구 홍익동 133",
        "time": "매일 15:30~01:00 매주 일요일 휴무 | 평일 15:30~01:00 매주 일요일 휴무",
        "phone": "02-2291-9073",
        "op": "undefined단체석 /주차 /포장 /예약 /무선 인터넷 /",
        "way": "왕십리역 2번출구에서 7분거리 위치",
        "booking": "",
        "category": "음식점",
        "menus": [
            "꼼장어양념",
            "13,000원"
        ],
        "description": "대한민국 최고 꼼장어&소갈비살 맛집"
    },
    {
        "no": 21,
        "code": 31329502,
        "images": "https://ldb-phinf.pstatic.net/20160205_227/1454664980172qSxzV_JPEG/176155586639069_0.jpeg",
        "name": "최영희언양불고기",
        "adress": "서울 성동구 행당동 286-12 경남빌딩",
        "time": "매일 10:30~22:30",
        "phone": "02-2294-6077",
        "op": "undefined단체석 /주차 /포장 /예약 /",
        "way": "왕십리역 10번출구와 11번 출구 사이 골목길 40m 앞",
        "booking": "",
        "category": "한식",
        "menus": [
            "언양불고기(200g)",
            "15,000원"
        ],
        "description": "현지보다 더 맛있는 언양식불고기전문점\n최영희언양불고기"
    },
    {
        "no": 22,
        "code": 1708120554,
        "images": "https://ldb-phinf.pstatic.net/20180530_4/1527660649770zSJff_JPEG/DyfckINMwYTeJE6ZGvr80gV_.jpg",
        "name": "소바식당",
        "adress": "서울 성동구 성수동2가 315-49",
        "time": "매일 11:00~21:00 Break time 15:00~17:00",
        "phone": "02-6339-1552",
        "op": "undefined무선 인터넷 /",
        "way": "성수역 4번출구 도보 5분",
        "booking": "",
        "category": "일식",
        "menus": [
            "전복,단새우 냉소바",
            "15,000원"
        ],
        "description": "현지보다 맛있는 성수동 일식 소바"
    },
    {
        "no": 23,
        "code": 1966812656,
        "images": "https://ldb-phinf.pstatic.net/20230427_137/1682525457217Gvbb1_JPEG/1682521481203.jpg",
        "name": "육명갈비",
        "adress": "서울 성동구 도선동 253-5 1층",
        "time": null,
        "phone": "0507-1356-4367",
        "op": "undefined단체석 /포장 /예약 /무선 인터넷 /남/녀 화장실 구분 /지역화폐 (지류형) /지역화폐 (카드형) /지역화폐 (모바일형) /제로페이 /",
        "way": "왕십리역 1번 출구에서 횡단보도 지나서 200미터 직진 하시면 스타벅스 건물 끼고 골목으로 들어오시면 바로 보이십니다",
        "booking": "",
        "category": "음식점",
        "menus": [
            "흑소 수제 포갈비 한판(2인분)",
            "59,000원"
        ],
        "description": "올바르고 좋은 고기만 정직하게 판매해야 하는 부분은 저희에게 받아드려야 할 운명같이 너무나도 당연한 일이라고 생각했기에\n육명이라 이름 짓게 되었습니다\n\n바르고 신선한 재료들로 양념하고 요리하고 또 숙성하는 것은 이 것 또한 태어날 때 부터 당연히 짊어지고 가야하는 숙명이라 생각하겠습니다\n언제나 올바른 재료들로 정직하게 판매 하겠습니다\n\n매순간 과하게 친절하려기 보다는 기복없이 꾸준한 모습으로 고객 여러분들을 맞이 하겠습니다\n\n주하라는 세상 무엇과도 바꿀수 없는 이쁜 딸아이가 있습니다 항상 제 자식에게 건강하고 바른 것만 주고 싶은 마음으로 위생에 있어서 완벽함을 추구 하겠습니다 우리 주하에게 절대로 부끄럽지 않은 청결상태를 유지 하겠습니다\n\n모든 원육은 오너인 제가 직접 손질하고 숙성하고 관리하고 있습니다 블랙앵거스(흑소)cab이상급의 원육만 취급하고 있으며 갈비란 이런 것이다 갈비에는 이런 찬이다를 꼭 보여 드릴수 있는 육명갈비 되겠습니다"
    },
    {
        "no": 24,
        "code": 1034231470,
        "images": "https://ldb-phinf.pstatic.net/20230212_273/16761819355948fbXl_JPEG/IMG_9350.JPG",
        "name": "진작다이닝",
        "adress": "서울 성동구 성수동1가 656-1250",
        "time": "평일 11:30~21:00 Break Time: X     Last order: 20:30 | 주말 11:30~21:00 Break Time: X     Last order: 20:30 ",
        "phone": "0507-1357-7415",
        "op": "undefined포장 /배달 /예약 /무선 인터넷 /반려동물 동반 /남/녀 화장실 구분 /",
        "way": "2호선 뚝섬역 1번 출구에서 도보 5분거리, 수인분당선 서울숲역 1번 출구에서 도보 10분 거리에 있습니다.\n블루보틀 골목으로 들어 오신 뒤, 대돈집 삼거리에서 cu 편의점 쪽으로 걸어 오신다음 바이레인 정면 골목으로 들어오시면 찾기 수월하니 참고해주시기 바랍니다!",
        "booking": "https://booking.naver.com/booking/6/bizes/844779",
        "category": "일식",
        "menus": [
            "후토마끼",
            "16,900원"
        ],
        "description": "맛과 공간, 그리고 사람\n\n트렌디한 감성의 변화! 을지로에서 성수로! 서울숲으로! 뚝섬으로!\n'진작'을 다이닝으로 매우 파인(Fine)하게 즐기실 수 있는 브랜드!\n바로! '진작다이닝' 입니다.\n\n'힐링'을 모티브 삼아 미각, 시각, 청각, 촉각, 후각 고객님의 오감을 만족시킬 수 있는 트렌디하고 캐쥬얼한 '진작다이닝'\n\n2021년에 런칭한 '진작다이닝'은 '하이엔드의 대중화'를 목표로 만든 '진작'의 캐쥬얼 다이닝 브랜드입니다.\n\n참치, 한우의 대창, 한돈의 등.안심, 매일 직접 손질하는 생연어 등 하이엔드 음식의 식재료를 안주림만의 재해석으로 '진짜 작품'을 만들어 고객님을 기다립니다."
    },
    {
        "no": 25,
        "code": 37182409,
        "images": "https://ldb-phinf.pstatic.net/20230628_109/1687954249907CcDOk_JPEG/20230628_210253.jpg",
        "name": "돈구어",
        "adress": "서울 성동구 도선동 16-2",
        "time": "매일 15:00~00:00 매주 일요일 휴무",
        "phone": "0507-1312-7456",
        "op": "undefined단체석 /주차 /예약 /무선 인터넷 /남/녀 화장실 구분 /제로페이 /",
        "way": "왕십리역 1번출구 엘지전자 우측 먹자골목 100미터 도보로 2분거리에 위치한 고깃집\n\n돈으로 이익만을 남기기 보다는\n구어를 찾아주신 모든 분들께\n어머니의 마음으로 정성껏 모시겠습니다.\n\n쾌적하고 깨끗한 환경을 위해 항상 위생과 청결을 철저히하고 있는 돈구어입니다.\n넓고 깔끔한 내부 인테리어와 회식이나 단체 모임장소로 용이한 독립된 25명 단체석 완비하고 있습니다.\n밝고 아늑한 분위기로 가족외식이나 회식장소로 손색없는 돈구어가 되도록 노력하고 있습니다.\n마블링도 훌륭하며 신선도가 굉장히 좋은 1등급 소고기, 돼지고기만을 사용합니다.\n테이블 아래 의자는 혹시나 고기냄새가 배이지 않도록 뚜껑을 열면 비닐에 싸서 겉옷이나 가방을 넣을 수 있습니다.",
        "booking": "",
        "category": "한식",
        "menus": [
            "소모듬(520g)",
            "53,000원"
        ],
        "description": "돈으로 이익만을 남기기 보다는\n구어를 찾아주신 모든 분들께\n어머니의 마음으로 정성껏 모시겠습니다.\n\n왕십리역 1번출구 엘지전자 우측 먹자골목 100미터 도보로 2분거리에 위치한 \n쾌적하고 깨끗한 환경을 위해 항상 위생과 청결을 철저히하고 있는 돈구어입니다.\n넓고 깔끔한 내부 인테리어와 회식이나 단체 모임장소로 용이한 독립된 25명 단체석 완비하고 있습니다.\n밝고 아늑한 분위기로 가족외식이나 회식장소로 손색없는 돈구어가 되도록 노력하고 있습니다.\n마블링도 훌륭하며 신선도가 굉장히 좋은 1등급 소고기, 돼지고기만을 사용합니다.\n테이블 아래 의자는 혹시나 고기냄새가 배이지 않도록 뚜껑을 열면 비닐에 싸서 겉옷이나 가방을 넣을 수 있습니다.\n소고기 돼지고기 메뉴가 다양하게 준비되어 있어 취향에 따라 주문을 하셔서 드실 수 있습니다.\n1등급 소고기 돼지고기와 항상 싱싱한 채소쌈과 밑반찬을 제공하고 있는 돈구어를 많이 찾아주시기 바랍니다."
    }
]