[
    {
        "no": 0,
        "code": 19861847,
        "images": "https://ldb-phinf.pstatic.net/20210217_207/1613550893642H2N2X_JPEG/I0XNHpjymjfnV8WJ9vAhSSXv.jpg",
        "name": "일상",
        "adress": "서울 성북구 성북동 100-1",
        "time": "매일 12:00~18:30 Last order 18:15 | 월요일 휴무 매주 월요일 휴무입니다",
        "phone": "02-762-3114",
        "op": "undefined포장 /",
        "way": "",
        "booking": "",
        "category": "카페,디저트",
        "menus": [
            "오늘의커피",
            "7,000원"
        ],
        "description": "성북동에 있는 핸드드립 커피전문점 카페일상 입니다. "
    },
    {
        "no": 1,
        "code": 1314013990,
        "images": "https://ldb-phinf.pstatic.net/20230524_6/1684919385050CIkDL_JPEG/3C1511F3-B4E3-42FD-9C41-169D93963B2F.jpeg",
        "name": "네임드에스프레소",
        "adress": "서울 성북구 동소문동1가 8",
        "time": "주말 10:00~21:00 | 토요일 10:00~21:00 | 목요일 10:00~21:00 | 수요일 10:00~21:00 | 화요일 10:00~21:00 | 월요일 10:00~21:00 | 공휴일 12:00~19:00 | 일요일 12:00~19:00 | 금요일 12:00~19:00",
        "phone": "0504-0952-2271",
        "op": "undefined포장 /반려동물 동반 /제로페이 /",
        "way": "한성대입구역 6번 출구로 나오신 후 직진,\n오아시스 마켓 옆 한솔 부동산 골목 입구에 바로 위치 (도보 3분 거리)",
        "booking": "",
        "category": "음식점",
        "menus": [
            "스페셜티커피 코스",
            "35,000원"
        ],
        "description": "* 아주 가끔 급한 일정으로 영업이 조기 마감되는 날이 있으니 매일 인스타그램 스토리에서 공지사항을 꼭 체크해 주세요.\n\n한성대입구역 6번 출구 도보 2분 거리입니다 :)\n가게 앞 주차 불가 / 건너편 청우식품 주차장 이용 (유료입니다)\n\n스페셜티 커피 로스터리 네임드에스프레소입니다! 2022 기준 영업시간입니다 :)\n자세한 소식은 인스타그램 페이지를 체크해주세요.\n\n네임드에스프레소는 2017년 오픈 때부터 직접 로스팅 및 Small Batch 를 지향하는 스페셜티 커피 로스터리입니다.\n매주 새로운 원두 라인업을 선보이며,\n원두에서 발현되는 향미를 최대한으로 느낄 수 있도록 Probat 로스터기로 로스팅하고 있으며\n가변압 에스프레소 머신 Synesso 와 유량조절 에스프레소 머신 Slayer 를 사용하고 있습니다.\n\n금요일과 일요일은 바이닐(엘피)로 재즈만 틀어드리는 JAZZ DAY\n평일과 토요일에는 바이닐로\nSoul / R&B / Hiphop / Jazz / House 등 다양하게 틀어드리고 있습니다.\n\n스피커로는 깊은 중저음과 고음까지 완벽한 배음을 내어주는 - 세계 유수의 스튜디오에서 모니터링 스피커로 사용되고 있는 ATC 스피커 1조 그리고\n중저음과 현악기, 보컬 음색에 강한 Tannoy스피커 각 1조씩 2조를 운용하고 있습니다."
    },
    {
        "no": 2,
        "code": 11569524,
        "images": "https://ldb-phinf.pstatic.net/20230607_119/1686067944603LSFbr_JPEG/%BC%F6%BF%AC%BB%EA%B9%E6_13.jpg",
        "name": "수연산방",
        "adress": "서울 성북구 성북동 248",
        "time": "화요일 휴무 재료준비사정으로 당분간  월,화 임시휴무입니다. | 월요일 휴무 재료준비사정으로 당분간  월,화 임시휴무입니다. | 평일 11:30~18:00 | 주말 11:30~22:00 | 주말 18:00~19:00 정리 및 휴계시간",
        "phone": "02-764-1736",
        "op": "undefined주차 /포장 /남/녀 화장실 구분 /",
        "way": "4호선 한성대역 하차 후 2112번,1111번 버스 승차후 '이태준가옥'안내방송 나오는 곳에서 하차",
        "booking": "",
        "category": "카페,디저트",
        "menus": [
            "대추차",
            "13,500원"
        ],
        "description": "수연산방은 전통 한옥에 문을 연 전통 찻집 1호. 성북동에 위치한 수연산방은 문장강화와 무서록을 쓴 상허 이태준의 고택을 손녀가 찻집으로 낸 곳이다. 시간의 흐름에서 벗어나 온전히 쉴 수 있는 여유가 좋은 집. 집의 규모가 작아 많은 손님을 받을 수 없는데 본채에는 사랑방, 안방, 마루까지 해서 차탁 6개 정도가 마련되어 있다. 마당에도 테이블을 놓고, 라일락 나무 아래도 둥그런 벤치와 테이블을 두었다.\n\n가장 인기 있는 자리는 사랑방의 바깥 쪽 자리. 원래 방 높이보다 한단 정도 높게되어 있고 문에는 한지 대신 유리를 끼워 밖이 잘 보이게 했다. 여기 앉아 있으면 담장 너머로 북악산 자락이 건너 보인다. 전통 차와 함께 옛 선인들의 정취를 회상하며 조용한 휴식을 즐길 수 있는 곳."
    },
    {
        "no": 3,
        "code": 1075501022,
        "images": "https://ldb-phinf.pstatic.net/20220311_191/1646963994262gI3Fo_JPEG/A6E00AA6-C9AC-42E9-8D23-64C36FE1D7CD.jpeg",
        "name": "해로커피",
        "adress": "서울 성북구 성북동1가 66",
        "time": "매일 11:00~22:00",
        "phone": "0507-1337-9871",
        "op": "undefined포장 /남/녀 화장실 구분 /제로페이 /",
        "way": "한성대입구역 5번출구 직진 3분, 스시산 옆 골목\n(표지판을 따라오세요:)",
        "booking": "",
        "category": "카페,디저트",
        "menus": [
            "드립커피",
            "변동가격(업주문의)"
        ],
        "description": "양질의 커피를 제공하는 스페셜티커피전문점\n해로커피입니다.\n스몰배치 로스팅을 통해 신선도를 유지하며,\n다양한 종류의 원두를 소개합니다."
    },
    {
        "no": 4,
        "code": 745830361,
        "images": "https://ldb-phinf.pstatic.net/20170106_165/1483691342574v7eEe_PNG/186056575922_0.png",
        "name": "밀곳간",
        "adress": "서울 성북구 성북동 63-1",
        "time": "매일 09:00~20:00 연중무휴(설, 추석연휴 제외)",
        "phone": "02-742-0525",
        "way": "성북동 길상사 방향 성북초등학교 후문 맞은 편",
        "booking": "",
        "category": "카페,디저트",
        "menus": [
            "엔쵸비 올리브",
            "2,900원"
        ],
        "description": "건강한 재료로 맛있는 빵맛을 느낄 수 있는 밀곳간."
    },
    {
        "no": 5,
        "code": 1658039265,
        "images": "https://ldb-phinf.pstatic.net/20200910_110/1599713391701GBX2U_JPEG/yB81lvCSer7Qh7I2Ott1VN8a.jpg",
        "name": "연리지",
        "adress": "서울 성북구 동선동1가 3-6 2층 연리지",
        "time": "매일 16:00~02:00 11월 1일(월),2일(화),15일(월),29(월) 휴무입니다",
        "phone": "0507-1354-2826",
        "op": "undefined단체석 /예약 /무선 인터넷 /남/녀 화장실 구분 /",
        "way": "성신여대입구역 2번 출구에서 163M",
        "booking": "",
        "category": "술집",
        "menus": [
            "투움바파스타",
            "18,000원"
        ],
        "description": "성신여대 연리지입니다\n인더스트리얼 인테리어와 친절한 서비스 그리고 특색있는 요리를 선보이겠습니다"
    },
    {
        "no": 6,
        "code": 1559381892,
        "images": "https://ldb-phinf.pstatic.net/20221009_112/166532426549536j2P_JPEG/IMG_2789.jpg",
        "name": "화주집",
        "adress": "서울 성북구 동선동2가 135-4 1층 화주집",
        "time": null,
        "phone": "0507-1343-4957",
        "op": "undefined포장 /예약 /",
        "way": "4호선 성신여대역 1번출구에서 도보 7분 거리\n성신여대 정문 앞 4거리 코너 위치",
        "booking": "",
        "category": "음식점",
        "menus": [
            "조개술찜",
            "23,000원"
        ],
        "description": "안녕하세요.\n지친 일상, 쉬어갈 수 있는 한식주점 '화주집'입니다.\n\n당일 입고되는 신선한 식재료들로 조리하여\n최고의 요리를 제공하겠습니다.\n\n매장이용시 문의사항, 불편사항들 기탄없이 전달주시면\n고객님들의 만족을 위해 빠르게 개선하도록 하겠습니다 ^^\n\n고객님들의 소중한 시간이 더욱 가치있도록\n'화주집'이 함께 하겠습니다.\n\n-------------------- 예약 및 대관 문의 --------------------\n\n매장 전화 : 02.6339.4957\n\n인스타그램 DM : hwajuzip_official\n\n------------------------- 주 차 문 의 -------------------------\n\n매장내 주차공간은 없습니다.\n인근 유료주차장 이용 부탁드립니다.\n\n - 창천프라자 주차장 (보문로34길 69) ---- 도보 1분 거리\n - 유타몰 주차장 (동소문로 106) ------------ 도보 7분 거리"
    },
    {
        "no": 7,
        "code": 1191909305,
        "images": "https://ldb-phinf.pstatic.net/20230602_52/1685650074777QtWHr_JPEG/IMG_20230316_010422_880.jpg",
        "name": "우공",
        "adress": "서울 성북구 동선동1가 9 1층",
        "time": null,
        "phone": "0507-1482-0253",
        "op": "undefined단체석 /예약 /무선 인터넷 /남/녀 화장실 구분 /",
        "way": "1도시포차, 역전할머니맥주 골목\n2.토담골과 할매 숯불 닭갈비 사이\n3.김사부 양꼬치 맞은편",
        "booking": "https://booking.naver.com/booking/6/bizes/864051",
        "category": "술집",
        "menus": [
            "금주의 요리",
            "22,000원"
        ],
        "description": "안녕하세요. 요리주점 우공입니다.\n\n 가게를 찾아 오시는 모든 분들이 만족 하실 수 있는 요리를 대접해 드리려고 노력하며, 모든 메뉴는 수제로 만들고 있습니다.\n 메인 메뉴로 다양한 구성의 숙성 사시미와 오늘의 요리 그리고 나베류와 튀김류들이 있습니다.\n\n그리고 분위기 있는 음악과 조명으로 즐거운 술자리를 만들며, 친절한 직원들의 서비스로 소개팅이나 데이트하기에 매우 좋습니다!!\n\n배운다는 자세로 열심히 노력 하며 우직하게 한 가지 일만 꾸준하게 열심히 하면 마침내 큰 일을 이룰 수 있다는 말처럼, 뚝심 있게 이 자리를 지키며 방문하시는 모든 분들이 만족하실 수 있는 음식과 분위기를 만들어 모든 것에 최고인 이자카야, 선술집, 요리주점이 되겠습니다!!\n\n우공의 모든 메뉴는 한정 수량 수제 만들어 조기 품절이 될 수 있지만 다른 곳과 다른 맛 으로 최선을 다해 보답하겠습니다."
    },
    {
        "no": 8,
        "code": 1342360796,
        "images": "https://ldb-phinf.pstatic.net/20200310_211/1583822944054rXnFO_JPEG/kBwv4ezBk-x8czoKmLMYdEol.jpg",
        "name": "비스트로홈",
        "adress": "서울 성북구 동선동1가 85-87 2층",
        "time": "토요일 13:00~03:00 | 목요일 17:00~03:00 | 금요일 17:00~03:00 | 수요일 17:00~03:00 | 화요일 17:00~03:00 | 일요일 17:00~03:00 | 월요일 17:00~03:00",
        "phone": "0507-1320-3717",
        "op": "undefined단체석 /포장 /배달 /예약 /무선 인터넷 /남/녀 화장실 구분 /",
        "way": "Bistro home\n\n(성신여대입구역 1번출구,2번출구에서 도보 5분거리)\n(보문역 1번출구에서 10분 거리 )\n\n네비게이션에 '비스트로홈' '성신여대비스트로홈'을 검색하시면\n쉽게 방문하실 수 있으며 , 자세한 위치는 로데오거리로 들어오셔서 인생네컷 사거리 세계과자점 2층 입니다.\n성신여자대학교에서 도보 약 10분거리, 고려대학교에서는 자가용으로 약 15분 거리에 있습니다.지하철역과 가까운 곳에 위치해 있어 대중교통사용을 권장드립니다.\n\n저희 비스트로홈은 다양한 퓨전요리와 파스타,리조또,나베 등\n다양한 안주와 칵테일,와인,맥주,소주 등의 다양한 주류들과 함께\n즐기실 수 있습니다.\n\n방문하실때 궁금하신 점이 있다면 언제든지 매장 또는 인스타그램으로 연락주시면 빠르게 답변 도와드리겠습니다!",
        "booking": "https://booking.naver.com/booking/6/bizes/224592",
        "category": "술집",
        "menus": [
            "민서‘s 명란스크램블 파스타",
            "12,900원"
        ],
        "description": "술집, 그 이상의 특별함\n빈티지한 인테리어,선별된 팝송 플레이리스트 !\n수제소스를 사용하여 정성껏 만든 안주와\n다양한 퓨전요리,파스타가 맛있는 가게!\n성신여대맛집,성신여대술집,데이트코스 찾으시는 분들이라면 후회없는 선택으로 만들어드리겠습니다.\n홀 최대 50인까지 수용가능,16인까지 수용가능한 단체석도 마련되어 있습니다 단체모임,행사 등 연락주시면 빠르게 답변드리겠습니다.\n\n1만원대에 가성비좋은 안주들 와인,칵테일,맥주,소주,전통주등\n다양한 주류들이 준비되어 있습니다.\n\n맛있는 안주와 즐거운 시간을 보내실 수 있는\n비스트로홈이 되도록 노력하겠습니다 :)\n\n문의사항은 @bistohome_ official 로 DM부탁드립니다."
    },
    {
        "no": 9,
        "code": 1546474940,
        "images": "https://ldb-phinf.pstatic.net/20200319_218/1584614780723SCdVU_JPEG/Wl_MfUCe9fGV4uM7kztMgxlZ.jpg",
        "name": "반듯한잔",
        "adress": "서울 성북구 동선동2가 46 반듯한잔",
        "time": "평일 16:00~01:00 매주 수요일 정기휴무 입니다. | 주말 16:00~01:00 매주 수요일 정기휴무 입니다.",
        "phone": "0507-1326-5577",
        "op": "undefined단체석 /반려동물 동반 /남/녀 화장실 구분 /",
        "way": "",
        "booking": "",
        "category": "술집",
        "menus": [
            "숙성광어회",
            "29,900원"
        ],
        "description": "한식주점 겜성을 잘 살리도록 노력합니다."
    },
    {
        "no": 10,
        "code": 1050148371,
        "images": "https://ldb-phinf.pstatic.net/20220711_197/1657535001862vlR4x_JPEG/582BA5A1-6EB7-404F-953C-34C91F26A814.jpeg",
        "name": "바로드렁크바",
        "adress": "서울 성북구 동선동1가 85-84 1층 바로",
        "time": null,
        "phone": "0507-1495-0234",
        "op": "undefined단체석 /예약 /무선 인터넷 /제로페이 /",
        "way": "피어싱골목 안쪽으로 들어와 네일샵 맞은편에 위치해있습니다.",
        "booking": "",
        "category": "술집",
        "menus": [
            "바로 하이볼",
            "8,000원"
        ],
        "description": "성신여대 힙스터들의 성지\n성신여대 골목길에 위치한 힙쟁이 하이볼바,\n감각적인 인테리어,풍성한 하이파이 사운드,\n하이볼을 포함한 다양한 주류와 페어링된 메뉴들\n바로드렁크바에서 만나보세요."
    },
    {
        "no": 11,
        "code": 1501483182,
        "images": "https://ldb-phinf.pstatic.net/20210607_32/1623038296798Y2wmv_JPEG/jSSl81KXsUANN8YxqKt_78-f.jpeg.jpg",
        "name": "우토",
        "adress": "서울 성북구 동선동2가 54-1",
        "time": "월요일 17:00~02:00 당분간 월요일 휴무입니다 | 주말 17:00~02:00 당분간 월요일 휴무입니다",
        "phone": "0507-1311-7145",
        "op": "undefined단체석 /포장 /남/녀 화장실 구분 /제로페이 /",
        "way": "",
        "booking": "",
        "category": "술집",
        "menus": [
            "사시미 모리아와세",
            "32,000원"
        ],
        "description": ""
    },
    {
        "no": 12,
        "code": 1483976132,
        "images": "https://ldb-phinf.pstatic.net/20230519_5/1684480885203Wv3Wj_PNG/zeet_%B7%CE%B0%ED.png",
        "name": "ZEET",
        "adress": "서울 성북구 안암동5가 102-37 B1",
        "time": "화요일 11:00~04:00 연중무휴 | 월요일 11:00~04:00 연중무휴 | 수요일 11:00~04:00 연중무휴 | 목요일 11:00~04:00 연중무휴 | 매일 11:00~04:00 연중무휴 | 일요일 11:00~04:00 연중무휴 | 금요일 11:00~04:00 연중무휴 | 토요일 11:00~04:00 연중무휴",
        "phone": "010-7465-4265",
        "op": "undefined단체석 /주차 /포장 /배달 /예약 /무선 인터넷 /남/녀 화장실 구분 /제로페이 /",
        "way": "고려대 안암역 안암오거리 방면 스타벅스 맞은편\n지하1층 ZEET",
        "booking": "",
        "category": "술집",
        "menus": [
            "윌리제이미트파이",
            "7,900원"
        ],
        "description": "이 동네에 이런 곳이..?\n매주 토요일 라이브 공연이 펼쳐지는 곳!\n묘하게 끌리는 음식과 술, 그리고 선곡.\n피맥!? NONO. 지트는 파맥!\n그루브를 가진 여러분을 환영합니다!\nYOU COMPLETE 'ZEET'!"
    },
    {
        "no": 13,
        "code": 1567726493,
        "images": "https://ldb-phinf.pstatic.net/20190919_16/1568870675512u6IF7_JPEG/tNQrXL1X3ksZsyGLokwAsXEp.jpg",
        "name": "온오프",
        "adress": "서울 성북구 동선동2가 10 1층 ON OFF 온오프",
        "time": "매일 18:00~03:00",
        "phone": "02-6498-7112",
        "way": "성신여대 1번출구  로데오거리 사거리 지나 일방 통행도로 건너시면 cu편의점 옆 라인에 있습니다",
        "booking": "",
        "category": "술집",
        "menus": [
            "와인",
            "2,900원"
        ],
        "description": "고객이 최고라는 신념으로 가게 청결과 음식의 정성을 담아 대학가 거리에 가성비 좋은 온오프입니다"
    },
    {
        "no": 14,
        "code": 1332116419,
        "images": "https://ldb-phinf.pstatic.net/20171230_220/15146034362337mGLo_JPEG/YFCbylw2vKMl0dgY8-VjQdvM.jpg",
        "name": "술요미",
        "adress": "서울 성북구 동소문동5가 119-14 1층 술요미",
        "time": "수요일 18:00~01:00 | 화요일 18:00~01:00 | 목요일 18:00~01:00 | 월요일 18:00~01:00 | 토요일 18:00~02:00 일요일 가끔은 쉼 | 금요일 18:00~02:00 일요일 가끔은 쉼",
        "phone": "0507-1443-5253",
        "way": "",
        "booking": "",
        "category": "술집",
        "menus": [
            "두부치즈그라탕",
            "13,000원"
        ],
        "description": ""
    },
    {
        "no": 15,
        "code": 11723341,
        "images": "https://ldb-phinf.pstatic.net/20150831_89/1441029388681qo1BT_GIF/11723341_0.gif",
        "name": "국시집",
        "adress": "서울 성북구 성북동1가 9",
        "time": "매일 12:00~21:00 Break time 14:30~17:00, 매월 둘째,넷째주 토요일 휴무",
        "phone": "02-762-1924",
        "op": "undefined단체석 /예약 /",
        "way": "4호선 한성대입구역 5번출구에서 좌회전후 혜화동방면으로 200m첫번째 골목에서 우회전후 세번째 집.",
        "booking": "",
        "category": "한식",
        "menus": [
            "국시",
            "11,000원"
        ],
        "description": ""
    },
    {
        "no": 16,
        "code": 11712517,
        "images": "https://ldb-phinf.pstatic.net/20150831_226/1441026336517lAF2A_JPEG/11712517_0.jpg",
        "name": "성북동돼지갈비 본점",
        "adress": "서울 성북구 성북동 114-2",
        "time": "매일 08:00~21:00 | 일요일 휴무 첫째주, 셋째주",
        "phone": "02-764-2420",
        "op": "undefined단체석 /",
        "way": "간송미술관 인근에 위치.",
        "booking": "",
        "category": "한식",
        "menus": [
            "돼지불고기백반",
            "10,000원"
        ],
        "description": "돼지갈비백반, 돼지불고기백반, 돼지주물럭백반, 도가니탕의 메뉴가 있습니다."
    },
    {
        "no": 17,
        "code": 11679537,
        "images": "https://ldb-phinf.pstatic.net/20221211_139/1670724133721eFysr_JPEG/1670723284265.jpg",
        "name": "우리밀국시",
        "adress": "서울 성북구 성북동 124-11 1층",
        "time": "매일 10:00~21:00 Break time(16시~17시)/설,추석,여름휴가(7월말~8월초) 휴무",
        "phone": "02-745-3764",
        "op": "undefined단체석 /주차 /포장 /예약 /지역화폐 (카드형) /지역화폐 (모바일형) /제로페이 /",
        "way": "혜화로타리에서 SK주유소와 우체국 사잇길로 400m직진, 갈래길에서 우회전 후 오른편에 위치.",
        "booking": "",
        "category": "한식",
        "menus": [
            "국시",
            "10,000원"
        ],
        "description": ""
    },
    {
        "no": 18,
        "code": 11888816,
        "images": "https://ldb-phinf.pstatic.net/20200412_194/15866739213142aU4G_JPEG/4tCxg5Td7JxpJJLs_0u7E6tr.jpeg.jpg",
        "name": "손가네곰국수",
        "adress": "서울 성북구 성북동 128-16 손가네곰국수",
        "time": "매일 11:00~21:30 둘째, 넷째 일요일 휴무",
        "phone": "02-743-8937",
        "op": "undefined단체석 /",
        "way": "지하철 4호선 한성대역 6번 출구에서 800m지점 홍익 중고등학교 앞에 위치.",
        "booking": "",
        "category": "음식점",
        "menus": [
            "곰국수",
            "12,000원"
        ],
        "description": ""
    },
    {
        "no": 19,
        "code": 11569723,
        "images": "https://ldb-phinf.pstatic.net/20140407_103/13968537760024OcdM_JPEG/%BC%AD%BF%EF_%BB%EF%C3%BB%B0%A2_1.JPG?type=m500_500",
        "name": "삼청각",
        "adress": "서울 성북구 성북동 330-115",
        "time": "매일 휴무 2020.4.1~2021.7.31 휴업(공사 일정에 따라 변경될 수 있음)",
        "phone": "02-765-3000",
        "op": "undefined단체석 /주차 /예약 /남/녀 화장실 구분 /",
        "way": "광화문에서 삼청동길 진입-삼청터널 지나 좌측에 위치.\n한성대 혹은 북악스카이웨이 방향에서 삼청터널으로 진입 우측에 위치.",
        "booking": "",
        "category": "문화,예술",
        "menus": [
            "MAE-BANSANG",
            "50,000원"
        ],
        "description": "성공 비즈니스를 위한 선택, 삼청각 한정식당.\n\n서울의 중심 광화문에서 불과 10여분 거리의 성북동 기슭에 위치한 삼청각은 요즘 서울의 대표적인 소호 거리로 부상된 삼청동과 더불어 새로운 비즈니스 모임의 장소로 각광을 받고 있다. \n\n도심 속 파라다이스로 불려지는 아름다운 자연 환경 속에 위치한 삼청각 내 한정식당.\n삼청각은 전통음식의 기본에 충실하면서 우리의 고유 반가요리와 궁중음식을 현대인의 입맛에 맞도록 재구성하여 더욱 세련된 우리네 상차림을 선보이고 있다. \n\n수준 높은 국내외 손님의 접대, 기업 연회, 웨딩, 상견례, 회갑연, 돌잔치 등의 각종 가족모임을 위해 짜인 새로운 코스 메뉴 구성은 맛뿐 아니라 눈으로 즐기는 멋도 제공하여 한국 고유 음식 수준을 한 단계 업그레이드 하였다는 평판을 받고 있다. \n\n다양한 별실, 한옥 별채, 잔디마당, 야외 테라스 등 독특한 분위기의 삼청각은  문광부 선정 한국을 대표하는 100대 레스토랑에 선정된 바 있다."
    },
    {
        "no": 20,
        "code": 18216359,
        "images": "https://ldb-phinf.pstatic.net/20200528_138/15906320236726DFfC_JPEG/dlTEuTuA546DmPU7HRVmzNe4.JPG.jpg",
        "name": "마전터",
        "adress": "서울 성북구 성북동 124-3",
        "time": "매일 09:00~21:30",
        "phone": "02-765-7575",
        "op": "undefined단체석 /",
        "way": "성북초교 건너편 경신,과학고 방면으로 오시면 보입니다.",
        "booking": "",
        "category": "한식",
        "menus": [
            "쇠고기국밥",
            "11,000원"
        ],
        "description": "등산객들의 입맛을 붙잡은 한식당입니다. 대표메뉴로 쇠고기국밥과 황태구이 게장 등이 있습니다. 국밥의 진한 국물은 얼큰하고 개운한 맛으로 인기를 얻고 있습니다. 특히 간장과 양념 게장은 식사후 포장메뉴로 꾸준한 인기를 얻고 있습니다."
    },
    {
        "no": 21,
        "code": 1377818814,
        "images": "https://ldb-phinf.pstatic.net/20210408_117/16178582583058yaKr_JPEG/qSqP_zjfmk5NrAv7FtEjCTwl.jpeg.jpg",
        "name": "섭지코지",
        "adress": "서울 성북구 동소문동1가 94",
        "time": "평일 11:30~23:00 명절 당일 휴무 | 토요일 11:30~23:00 명절 당일 휴무 | 일요일 휴무 정기 휴무",
        "phone": "02-742-5616",
        "op": "undefined포장 /배달 /예약 /",
        "way": "4호선 한성대입구역 7번출구 도보 3분",
        "booking": "",
        "category": "한식",
        "menus": [
            "고등어회 1인",
            "15,000원"
        ],
        "description": "저희 섭지코지는 매일 제주 직송으로 신선한 해산물을 제공합니다.\n섭지코지만의 숙성 방식으로 남녀노소 신선한 해산물을 즐기실 수 있습니다."
    },
    {
        "no": 22,
        "code": 35629939,
        "images": "https://naverbooking-phinf.pstatic.net/20230629_195/1687977126758TvSOb_JPEG/KakaoTalk_20230629_031847896.jpg",
        "name": "국화정원",
        "adress": "서울 성북구 성북동 264",
        "time": "매일 12:00~21:30 Break time 15:00~17:00",
        "phone": "0507-1361-0159",
        "op": "undefined단체석 /주차 /발렛파킹 /포장 /배달 /예약 /무선 인터넷 /남/녀 화장실 구분 /지역화폐 (카드형) /지역화폐 (모바일형) /제로페이 /",
        "way": "동방문화대학원대학교 하차\n성북우정의공원 방향 도보78m\n도로명 : 서울성북구성북로154\n지번 : 서울성북구성북동264",
        "booking": "https://booking.naver.com/booking/6/bizes/940467",
        "category": "한식",
        "menus": [
            "점심특선",
            "32,000원"
        ],
        "description": "SBS생활의달인 게장 최강달인\n블루리본 서베이 선정 맛집\n친환경음식문화 참여업소\n서울의 자랑스러운 한국음식점 인증\n성북동가게 인증\n모범업소 지정\n기부천사 사업장\n\n성북구 성북동맛집 국화정원은 한정식 전문점입니다.\n좋은 식재료로 만드는 한정식 코스요리와 간장게장 최강달인이 직접 만든 간장게장 정식이 주메뉴이며\n상견례, 돌잔치, 칠순잔치, 회식 등 다양한 모임이 가능한 룸과 고향집에 온듯한 따뜻하고 전통적인 분위기로 가족모임 또는 단체 모임하기 좋은 성북동맛집입니다.\n또한 평일점심에만 가능한 점심특선 메뉴로 국화정원의\n다양한 코스요리를 저렴하게 즐기실 수 있습니다.\n북악스카이 팔각정과 삼청공원 주변에 자리잡고 있는\n성북동맛집 국화정원은 고풍스러운 인테리어와 차별화된\n플레이팅으로 귀한모임에 품격을 한층 더 높여드리겠습니다.\n성북동맛집 국화정원은 점심특선부터 코스요리까지 귀한분께 대접하는 마음으로 최상의 식재료만 사용하여\n정성가득한 음식을 제공할 것을 약속합니다."
    },
    {
        "no": 23,
        "code": 31531465,
        "images": "https://ldb-phinf.pstatic.net/20211113_201/1636775978575CUvba_JPEG/%C3%BB%BC%F6%C0%E5-23467%C0%A5%BF%EB.jpg",
        "name": "청수장",
        "adress": "서울 성북구 정릉동 416-27",
        "time": "매일 11:00~22:00",
        "phone": "02-913-6176",
        "op": "undefined단체석 /주차 /포장 /예약 /무선 인터넷 /남/녀 화장실 구분 /제로페이 /",
        "way": "",
        "booking": "https://booking.naver.com/booking/6/bizes/756818",
        "category": "음식점",
        "menus": [
            "청수 돼지갈비 (250g)",
            "19,000원"
        ],
        "description": "1984년 개업한 청수돼지갈비와 세컨드 브랜드인 청수면옥이 한지붕에 모여 청수장이 되었습니다.\n\n청수돼지갈비는 양념에 재우지 않아 숙성육의 고급스러운 식감과 풍미 그리고 양념의 그윽한 맛을 함께 즐길 수 있는 청수장의 38년 베스트셀러입니다.\n\n청수냉면은 손수 반죽하여 뽑아낸 탄탄한 면과 야채과 과일로 만든 상콤 달콤한 냉육수와 다대기로 자연의 맛을 낸 함흥냉면입니다.\n\n저희 '청수장'은, 오래된 노포, 백년가게 블루리본 맛집 같은 타이틀을 가지고 있지만 꾸준한 발전과 연구로 기존의 전통을 계승함과 동시에 높아져가는 소비자들의 수준에 뒤떨어지지 않는 메뉴들과 서비스를 제공하고 있는 가족적인 분위기의 식당 입니다.\n\n주차장이 만차일 경우, 근처의 유료주차장을 1시간 무료 이용가능합니다\n\n대기가 있을 경우, 부득이하게식사시간을 2시간으로 합니다.\n양해 부탁드립니다."
    },
    {
        "no": 24,
        "code": 11707538,
        "images": "https://ldb-phinf.pstatic.net/20150831_273/1441025102123Hi3Ke_JPEG/SUBMIT_1408281057907_11707538.jpg",
        "name": "쌍다리돼지불백 본점",
        "adress": "서울 성북구 성북동 109-2",
        "time": "매일 09:00~21:00 2번째 4번째 일요일 휴무 | 월요일 휴무",
        "phone": "02-743-0325",
        "op": "undefined단체석 /주차 /발렛파킹 /포장 /배달 /무선 인터넷 /남/녀 화장실 구분 /",
        "way": "",
        "booking": "",
        "category": "육류,고기요리",
        "menus": [
            "돼지불백",
            "11,000원"
        ],
        "description": "since1970,\n50여년 전통 돼지불백 No.1 쌍다리돼지불백 입니다 :)"
    }
]