[
    {
        "no": 0,
        "code": 11711239,
        "images": "https://ldb-phinf.pstatic.net/20190213_151/1550034849202UvgxP_JPEG/2laZo2WWwcf8VOUAOn1XTyVs.jpg",
        "name": "홈수끼",
        "adress": "서울 송파구 방이동 183-6 한스빌딩",
        "time": "매일 11:30~22:00 연중무휴",
        "phone": "0507-1404-4124",
        "op": "undefined단체석 /주차 /발렛파킹 /포장 /예약 /무선 인터넷 /남/녀 화장실 구분 /",
        "way": "올림픽공원 사거리에서 좌회전 근방에 위치.",
        "booking": "https://booking.naver.com/booking/6/bizes/95049",
        "category": "일식",
        "menus": [
            "런치A코스(평일)",
            "22,800원"
        ],
        "description": "안녕하세요. '맛있는녀석들 207회 코스요리특집'에 샤브샤브 맛집 대표로 소개된 홈수끼 입니다.\n언제나 고객님들께 신선한 재료로 맛있고 건강한 음식을 최상의 서비스와 함께 제공하겠습니다."
    },
    {
        "no": 1,
        "code": 11679241,
        "images": "https://ldb-phinf.pstatic.net/20151020_164/1445308287762yJDpj_JPEG/166970516145713_0.jpg",
        "name": "늘푸른목장 잠실본점",
        "adress": "서울 송파구 잠실동 203-7 1F",
        "time": "매일 12:00~01:00",
        "phone": "02-3431-4520",
        "op": "undefined단체석 /",
        "way": "신천역 4번 출구에서 나와서 mbc아카데미쪽.",
        "booking": "",
        "category": "한식",
        "menus": [
            "육회(200g)",
            "30,000원"
        ],
        "description": "국내산 한우갈비살과 육화를 취급하는곳입니다"
    },
    {
        "no": 2,
        "code": 1214154710,
        "images": "https://ldb-phinf.pstatic.net/20221020_189/1666236323232IKoBp_JPEG/KakaoTalk_20221014_120952823.jpg",
        "name": "진지아",
        "adress": "서울 송파구 송파동 23-10 1, 2층",
        "time": "매일 11:30~22:00 정상 영업 합니다/ B.T 15:00 - 17:30 / 주문 마감 21:00 | 일요일 11:30~21:30 B.T 15:00 - 17:00 / 주문 마감 20:30 | 토요일 11:30~22:00 B.T 15:00 - 17:00 | 월요일 휴무 매주 월요일은 휴점 입니다.",
        "phone": "0507-1317-5356",
        "op": "undefined단체석 /주차 /포장 /배달 /예약 /무선 인터넷 /남/녀 화장실 구분 /",
        "way": "지하철 이용 시 석촌역 2번출구에서 직진 후, 국민은행 올리브영 사이 골목으로 좌회전 후 내마트와 르빵 골목으로 우회전하시면 좌측에 진지아가 보입니다.",
        "booking": "https://booking.naver.com/booking/6/bizes/287451",
        "category": "중식",
        "menus": [
            "마라 곱창전골(소)",
            "32,000원"
        ],
        "description": "'진지아(軫的家)'는 '형진이네 집'이란 뜻입니다.\n수레가 뒤로 밀리지 않도록 바퀴 밑에 괴어놓는 버팀목을 뜻하는 軫(진)은 항상 남에게 도움을 주는 사람이 되라는 뜻으로 부모님께서 지어주신 이름입니다.\n진지아에 찾아오시는 분들에게 건강한 재료로 마음을 담아 정성스럽게 요리를 만들어 작은 즐거움을 선사해 드리고자 노력하겠습니다."
    },
    {
        "no": 3,
        "code": 1768499760,
        "images": "https://ldb-phinf.pstatic.net/20190508_57/1557256402802R8d0b_JPEG/bN8LkHiU_cJ44uKO2FUe8G7v.JPG.jpg",
        "name": "콘메",
        "adress": "서울 송파구 송파동 85-5 1층",
        "time": "매일 12:00~15:00 Lunch/Last order 14:00 | 매일 17:00~22:00 Dinner /Last order 21:00",
        "phone": "0507-1312-3419",
        "op": "undefined주차 /예약 /",
        "way": "석촌역 3번출구 도보1분",
        "booking": "",
        "category": "음식점",
        "menus": [
            "PASTAFRESCA",
            "20,000~35,000원"
        ],
        "description": "콘메의 모든 면과 빵은 유기농 밀과 세몰라 계란 으로만만들어집니다.\n\nANTIPASTO\nPRIMI\nSECONDI\nVINO NATURALE\n\n전체요리 생면파스타 스테이크\n내추럴 와인으로 이루어져 있습니다.\n\n자가제면한 면과 유기농치아바타 그리고\n내추럴와인을 같이 즐기실수있는공간으로\n준비되어있습니다 .\n\n<방문당일직전 취소시 노쇼로 기록됩니다\n   노쇼기록이 있으실시 블랙리스트 지정되어\n   예약이 불가능하게 되십니다.\n   중복예약 시 예약이 취소 됩니다.>\n\n<<<<주차문의>>>>>\n주차는 매장 앞으로 주차가능하십니다.\n만차일시 인근에 송파여성문화회관.\n또는 도로변 노상주차장 ,인근유료주차장\n 이용 권장드립니다."
    },
    {
        "no": 4,
        "code": 1920811115,
        "images": "https://ldb-phinf.pstatic.net/20230421_214/1682083915486M146u_JPEG/20230421_133558.jpg",
        "name": "해주냉면 본점",
        "adress": "서울 송파구 잠실동 195-9",
        "time": "매일 11:30~21:00 월~토 마지막주문 8시30분 | 일요일 휴무",
        "phone": "02-424-7192",
        "op": "undefined포장 /무선 인터넷 /남/녀 화장실 구분 /제로페이 /",
        "way": "Mbc아카데미 맞은편 한솥도시락 골목으로 들어오시면 바로 보입니다",
        "booking": "",
        "category": "한식",
        "menus": [
            "비빔냉면",
            "8,000원"
        ],
        "description": "매운냉면 전문점 해주냉면 입니다.\n주차공간이 협소합니다 공영주차장이나 잠실아이파크(유료주차)이용하시길 바랍니다"
    },
    {
        "no": 5,
        "code": 12908411,
        "images": "https://ldb-phinf.pstatic.net/20190129_278/1548750860968gGC74_JPEG/TpwP3p00N-4N0uxDCmng1vjQ.jpg",
        "name": "알라딘의양고기",
        "adress": "서울 송파구 잠실동 187-15 정빌딩",
        "time": "토요일 15:00~00:00 구정 추석 당일만 휴무 | 금요일 15:00~00:00 구정 추석 당일만 휴무 | 목요일 15:00~00:00 구정 추석 당일만 휴무 | 수요일 15:00~00:00 구정 추석 당일만 휴무 | 화요일 15:00~00:00 구정 추석 당일만 휴무 | 월요일 15:00~00:00 구정 추석 당일만 휴무 | 일요일 15:00~22:00 구정 추석 당일만 휴무",
        "phone": "0507-1337-5534",
        "op": "undefined주차 /포장 /예약 /무선 인터넷 /",
        "way": "잠실새내역 3번출구로 나와서 조금 걷다가 나오는 첫번째 골목으로 꺾어 들어오셔서 200m 정도 걸으시면 좌측에 '뿅뿅오락실' 가게가 보이는데 그 가게 골목으로 끼고 들어오시면 우측에 가게가 보입니다.",
        "booking": "https://booking.naver.com/booking/6/bizes/487002",
        "category": "한식",
        "menus": [
            "불고기양갈비",
            "26,000원"
        ],
        "description": "잡내없는 아랍식 양고기의 진수!\n잠실새내 맛집 '알라딘의 양고기'는 100% 호주산 12개월 미만의 할랄(HALLAl)양고기만 사용합니다.\n일반적인 중국식 양꼬치와는 차원이 다른 맛으로, 다양하게 즐길 수 있는 알라딘의 양고기는 각종 미디어에 많이 소개가 될 정도로 많은 분들이 찾아주시고 있습니다.\n앞으로도 늘 신선한 재료와 청결한 위생으로 여러분들께 맛으로 보답하겠습니다. 감사합니다."
    },
    {
        "no": 6,
        "code": 1257495305,
        "images": "https://ldb-phinf.pstatic.net/20181104_64/1541273299527jx7Qt_JPEG/AefzubJB0pw_pTLPpkI952P2.jpg",
        "name": "고도식",
        "adress": "서울 송파구 송파동 55-7",
        "time": "금요일 16:00~00:00 | 목요일 16:00~00:00 | 수요일 16:00~00:00 | 화요일 16:00~00:00 | 월요일 16:00~00:00 | 주말 12:00~00:00 Break time 없음 | 공휴일 12:00~00:00 Break time 없음",
        "phone": "02-422-8692",
        "op": "undefined남/녀 화장실 구분 /",
        "way": "",
        "booking": "",
        "category": "한식",
        "menus": [
            "알등심 160g",
            "17,000원"
        ],
        "description": ""
    },
    {
        "no": 7,
        "code": 11887626,
        "images": "https://ldb-phinf.pstatic.net/20170330_126/14908549645385c8CL_JPEG/186280555264419_0.jpeg",
        "name": "충무로부산복집",
        "adress": "서울 송파구 오금동 48-16 동호빌딩",
        "time": "매일 11:30~22:00 신정, 설날, 추석 연휴엔 쉽니다",
        "phone": "02-404-3227",
        "op": "undefined단체석 /예약 /남/녀 화장실 구분 /",
        "way": "",
        "booking": "",
        "category": "해물,생선요리",
        "menus": [
            "생복 매운탕/지리",
            "변동가격(업주문의)"
        ],
        "description": "1993년 개업, 서울 송파구 소재, 서울의 자랑스러운 한국음식점 선정.\n자세한 내용은 홈페이지를 참조하세요"
    },
    {
        "no": 8,
        "code": 11714795,
        "images": "https://ldb-phinf.pstatic.net/20221117_99/1668652407602X8m2E_PNG/1.png",
        "name": "놀부유황오리진흙구이 잠실점",
        "adress": "서울 송파구 방이동 109-10",
        "time": "매일 11:30~22:00 연중무휴",
        "phone": "02-425-5292",
        "op": "undefined단체석 /주차 /포장 /배달 /방문접수/출장 /예약 /무선 인터넷 /남/녀 화장실 구분 /장애인 편의시설 /",
        "way": "9호선 송파나루역 2번출구 석촌호수 방면 도보 3분 거리\n주차가능 (발렛파킹 3,000원)",
        "booking": "",
        "category": "한식",
        "menus": [
            "유황오리 진흙구이",
            "73,000원"
        ],
        "description": "※ 예약제 음식점이므로 가능하면 전화 예약 및 방문예약 부탁드립니다.\n주말 or 공휴일은 4~5일전에 미리 예약을 하셔야 합니다. 예약이 불가능 하실때 포장 및 배달 가능 합니다.\n많은 이용 부탁 드립니다.\n\n ※ 연말 송년회,사은회,기업체 세미나, 가족연 각종 단체 모임 행사 예약 받습니다.\n ※ 단체석 148석 완비, 대형 주차장 완비, 발렛비 별도"
    },
    {
        "no": 9,
        "code": 11819083,
        "images": "https://ldb-phinf.pstatic.net/20151020_190/1445308410895OASky_JPEG/166970516346675_1.jpg",
        "name": "벽제갈비 방이본점",
        "adress": "서울 송파구 방이동 205-8",
        "time": "매일 11:30~22:00 L.O 21:00",
        "phone": "02-415-5522",
        "op": "undefined단체석 /발렛파킹 /포장 /남/녀 화장실 구분 /장애인 편의시설 /",
        "way": "",
        "booking": "",
        "category": "한식",
        "menus": [
            "설화 꽃등심(150g)",
            "140,000원"
        ],
        "description": "방이동에 최상급 퀄리티의 고기와 서비스로 해외까지 유명세를 떨친 곳"
    },
    {
        "no": 10,
        "code": 13430645,
        "images": "https://ldb-phinf.pstatic.net/20150901_65/14410355364025xta6_JPEG/SUBMIT_1292504314889_13430645.jpg",
        "name": "코코로",
        "adress": "서울 송파구 방이동 99-21 1층 코코로",
        "time": "수요일 18:00~00:00 Last order 11:30 | 화요일 18:00~00:00 Last order 11:30 | 월요일 18:00~00:00 Last order 11:30 | 평일 18:00~00:00 Last order 11:30 | 토요일 17:30~02:00 last order 1:30 | 금요일 17:30~02:00 last order 1:30 | 목요일 17:30~02:00 last order 1:30 | 일요일 휴무 | 공휴일 05:30~02:00",
        "phone": "0507-1413-0518",
        "op": "undefined포장 /예약 /무선 인터넷 /남/녀 화장실 구분 /",
        "way": "방이 먹자골목 입구 기준\n먹자골목 들어오신후 사거리에서 우회전, 50미터 정도 오시면 나오는 삼거리 에서 좌회전 하신 후 50미터 정도 오시면 좌측에 있습니다.\n송파나루역 기준:\n2번 출구 sk주유소 골목으로 들어 오신후 큰 사거리에서 좌회전 하신후 약 50미터 정도 오시면 우측에 있습니다.",
        "booking": "https://booking.naver.com/booking/6/bizes/478577",
        "category": "술집",
        "menus": [
            "연어사시미",
            "28,000원"
        ],
        "description": "수제요리와 창작요리를 기본으로한 방이동에 위치한 이자카야입니다.\n2010년부터 시작해 방이동먹자골목에서 가장 오래유지하고있는 이자카야 입니다.\n\n저희매장은 2~6명 까지 이용 가능하시며, 그 이상 인원은 안내가 불가능한점 이용시 참고 부탁 드리겠습니다\n\nEARLY DINNER EVENT\n평일(공휴일제외) 7시이전 스키야키 주문시 50% 할인이벤트 진행중입니다.\n(스키야키 제외한 메뉴1가지 주문 필수)"
    },
    {
        "no": 11,
        "code": 1165436888,
        "images": "https://ldb-phinf.pstatic.net/20210811_284/16286535922695E13N_JPEG/Y-JIvi2yyi5eky6MhwI-3ekh.jpg",
        "name": "한남대교",
        "adress": "서울 송파구 방이동 63-1",
        "time": "매일 13:00~22:00",
        "phone": "02-412-3558",
        "op": "undefined주차 /발렛파킹 /남/녀 화장실 구분 /제로페이 /",
        "way": "",
        "booking": "",
        "category": "술집",
        "menus": [
            "미나리낙지전",
            "21,000원"
        ],
        "description": "낭만포차 한남대교는 제철 식재료를 트렌디하게 재해석한 요리를 제공하고 있습니다. \n모든 요리는 라이브로 진행됩니다. 주문 후 시간이 다소 소요 되더라도 조금 만 기다려 주시면 맛있는 음식으로 보답하겠습니다."
    },
    {
        "no": 12,
        "code": 1763399779,
        "images": "https://ldb-phinf.pstatic.net/20221211_9/1670752756412iKXWL_JPEG/854F9C8C-5F83-47B0-9176-F862B0E87059.jpeg",
        "name": "야심작",
        "adress": "서울 송파구 송파동 59-13 2층",
        "time": null,
        "phone": "0507-1321-1804",
        "op": "undefined단체석 /예약 /무선 인터넷 /남/녀 화장실 구분 /",
        "way": "1) 도보 이용시(2분)\n- 송파나루역 1번 출구에서 도보 2분 거리\n- 잠실역 10번 출구에서 도보 18분 거리\n\n2) 자가용 이용시\n- 도로명 : 서울 송파구 오금로18길 4 2층\n- 지번 : 송파동 59-13\n\n[주차정보]\n- 주차 불가합니다.",
        "booking": "https://booking.naver.com/booking/6/bizes/824666",
        "category": "술집",
        "menus": [
            "스끼야끼",
            "24,800원"
        ],
        "description": "다양한 요리를 한국의 입맛에 맞게 풀어 맛을 낸 수제 요리주점 <야심작>입니다!\n: 밤 야(夜) / 깊을 심(深) / 술 부을 작(酌)\n- 밤이 깊도록 술을 마시다\n\n야심작은 <시간이 가는 줄 모르도록 반가운 사람들과 즐겁게 술을 마시는 곳>을 뜻합니다. 신선한 재료로 주문 즉시 조리하는, 맛있고 다양한 요리와 소주, 맥주는 물론, 막걸리, 전통주, 하이볼 등 다양한 주류들을 판매합니다.\n\n분위기 좋고 가성비 좋은 캐주얼한 다이닝 주점에서 사랑하는 사람과 행복한 시간을 즐겨보세요 :)\n\n- 소주와 맥주를 포함한 전통주와 하이볼, 막걸리, 사케 등 50가지가 넘는 다양한 주류 준비 (최대 3종까지 선택하여 원하는 주류의 시음이 가능)\n- 개방감 있고 은은한 조명의 분위기 맛집\n- 신선한 재료로 주문 즉시 조리하는 수제 요리\n- 2층이라는 단점이 하나도 없는 가게(흡연실, 남녀 구분된 화장실 구비 등)"
    },
    {
        "no": 13,
        "code": 31992223,
        "images": "https://ldb-phinf.pstatic.net/20221102_208/1667395918495oSi40_JPEG/1663569234174.jpg",
        "name": "화심",
        "adress": "서울 송파구 잠실동 186-11 2층",
        "time": "매일 17:00~05:00 연중무휴",
        "phone": "010-6219-9255",
        "op": "undefined단체석 /포장 /예약 /무선 인터넷 /남/녀 화장실 구분 /제로페이 /",
        "way": "닭 한마리 골목 들어오시다가 오징어청춘 지나서 한양화로 위 층 입니다.",
        "booking": "",
        "category": "술집",
        "menus": [
            "모듬꼬치",
            "26,000원"
        ],
        "description": "분위기 좋은 일본식 퓨전포차\r\n매 시간 서비스가 있는 불을 다루는 사람의 마음 화심"
    },
    {
        "no": 14,
        "code": 1211958247,
        "images": "https://ldb-phinf.pstatic.net/20230524_242/1684925491280CKB2v_JPEG/IMG_2831.jpeg",
        "name": "송리단양조장",
        "adress": "서울 송파구 송파동 43-1 렉스프라자 2층",
        "time": null,
        "phone": "0507-1391-5211",
        "op": "undefined단체석 /예약 /무선 인터넷 /",
        "way": "9호선 송파나루역 1번출구 250미터 거리에 위치,\n2층 파란조명을 찾아오세요\n\nLocated 250 meters away from Exit 1 of Songpa-naru Station on Line 9. Please find the blue light on the second floor.",
        "booking": "",
        "category": "술집",
        "menus": [
            "송리단막걸리 선물패키지 (6병)",
            "50,000원"
        ],
        "description": "송리단길에 위치한 유기농쌀로 직접 막걸리를 빚어 판매하는 양조주점입니다.\n\n*반려동물 동반 손님께서는 방문 전 미리 가게로 연락 부탁드립니다\n\nWorld Tower , Lotte World , Seokchon Lake, Songridanyangjojang . Let's go!\n\nThe best Craft Makgeolli place in Seoul.\nPremium Makgeolli made with Organic rice.\n\nA must-see Korean traditional pub in Korea.\nplease find the blue neon sign :)\nI'll make good memories for you.\nseeya ~"
    },
    {
        "no": 15,
        "code": 1257899039,
        "images": "https://ldb-phinf.pstatic.net/20200417_6/1587126658400Q44hg_JPEG/hOSlnznIk2_R1lOlCKl5vZdh.jpeg.jpg",
        "name": "사케쇼프",
        "adress": "서울 송파구 송파동 56-6",
        "time": "월요일 휴무 | 일요일 01:00~17:00 일요일 낮 영업시간 | 매일 18:00~02:00",
        "phone": "0507-1338-9997",
        "op": "undefined예약 /",
        "way": "주차장이 따로 마련되어 있지않습니다. 근처 송파구청, 송파동주민센터, 혹은 유료주차장 이용하시길 바랍니다 !",
        "booking": "",
        "category": "술집",
        "menus": [
            "사시미플레이트",
            "42,000원"
        ],
        "description": "좋은 재료로 만든 좋은 음식 , 페어링을 엄선한 다양한 주류 그리고 좋은 음악과 공간으로 소중한 시간을 판매하는 사케쇼프입니다. 저희는 술집으로 주류 주문이 필수인 점 양해 부탁드립니다 ^^"
    },
    {
        "no": 16,
        "code": 1025777007,
        "images": "https://ldb-phinf.pstatic.net/20210826_94/16299442338109HgMz_JPEG/ERn95qVe_VLXQu_13uPqlc2U.jpg",
        "name": "소담히",
        "adress": "서울 송파구 방이동 28-2 엘루이시티 1층 105호",
        "time": "평일 17:00~01:00 | 금요일 17:00~02:00 | 공휴일 17:00~02:00 | 주말 17:00~02:00",
        "phone": "0507-1406-5141",
        "op": "undefined주차 /예약 /무선 인터넷 /남/녀 화장실 구분 /",
        "way": "",
        "booking": "",
        "category": "술집",
        "menus": [
            "육회한 연어",
            "32,000원"
        ],
        "description": ""
    },
    {
        "no": 17,
        "code": 20652678,
        "images": "http://blogfiles.naver.net/20160227_87/kkk3_3sss_1456558889339Pid6W_JPEG/IMG_9630.JPG#4752x3168",
        "name": "신천포차",
        "adress": "서울 송파구 잠실동 208-6 1층",
        "time": "매일 16:00~01:00 7/21-8/19 휴무 | 일요일 휴무 | 월요일 휴무",
        "phone": "02-415-7838",
        "op": "undefined포장 /예약 /무선 인터넷 /남/녀 화장실 구분 /",
        "way": "신천역 3번출구에서 먹자골목 첫번째 마포갈비골목으로 쭉300m 직진.",
        "booking": "",
        "category": "술집",
        "menus": [
            "관자버터구이",
            "26,000원"
        ],
        "description": "편안한 분위기에서 술한잔 땡기고 가세요.\r\n달려~! 달려~! 여긴 달러~!"
    },
    {
        "no": 18,
        "code": 32892073,
        "images": "https://ldb-phinf.pstatic.net/20230512_99/1683886525396WsbqO_JPEG/%B0%A1%B0%D42.JPG",
        "name": "라디오헤드 펍",
        "adress": "서울 송파구 방이동 63-13 2층",
        "time": "토요일 17:00~02:00 | 금요일 17:00~02:00 | 목요일 17:00~02:00 | 월요일 17:00~02:00 | 일요일 휴무 휴무 | 화요일 17:00~02:00 | 수요일 17:00~02:00",
        "phone": "0507-1495-0243",
        "op": "undefined단체석 /예약 /무선 인터넷 /남/녀 화장실 구분 /제로페이 /",
        "way": "방이동 먹자골목 안에 있습니다.\n주소 : 서울 송파구 방이동 63-13 2층\n도로명 : 올림픽로32길 22-6",
        "booking": "https://booking.naver.com/booking/6/bizes/576045",
        "category": "술집",
        "menus": [
            "HAPPY HOUR (화 ~ 금)",
            "변동가격(업주문의)"
        ],
        "description": "방이동 먹자골목에 위치한 라디오헤드 펍은 음악을 사랑하는 사람들의 공간입니다. 저희는 찾아주시는 분들이 더 다양하고 맛있는 술과 음식들을 음악을 즐기며 이 공간에서 행복한 기억을 남기시길 바랍니다. (저희 신청곡은 가능하시나, 한국음악은 받지않고 있습니다)\n필스너 바텐더 경연대회 입상자가 관리하는 다양한 생맥주를 맛 보실 수 있으며, 시음을 하여 주기적으로 생맥주 종류를 변경하고 있습니다. 또한 저희의 메인디쉬는 기성품이 아닌 직접 개발하고 만든 메뉴로 다른 곳과는 다른 특색있는 메뉴들을 맛보실 수 있습니다.\n 최고의 분위기, 술, 음악 그리고 맛있는 음식들이 준비되어 있는 라디오헤드펍에서 행복한 추억을 간직하시길 바랍니다. 감사합니다!!"
    },
    {
        "no": 19,
        "code": 1493775664,
        "images": "https://ldb-phinf.pstatic.net/20230522_154/1684716504171IYP9j_JPEG/KakaoTalk_20230522_094723723.jpg",
        "name": "버터몽키",
        "adress": "서울 송파구 잠실동 183-12 2층",
        "time": null,
        "phone": "0507-1356-3406",
        "op": "undefined단체석 /주차 /발렛파킹 /예약 /남/녀 화장실 구분 /",
        "way": "NS파인트리 건물 2층 버터몽키입니다!!",
        "booking": "",
        "category": "술집",
        "menus": [
            "바질 쉬림프 피자",
            "23,000원"
        ],
        "description": "안녕하세요 ! 잠실새내역 5분거리에 위치한\n잔잔하고 분위기 있는 다이닝 펍 버터몽키 입니다\n\n소주부터 와인과 위스키 , 칵테일 등 다양한 주류가 있으며 퀄리티 좋은 안주까지 준비되어있습니다\n\n친구, 혼술,연인,가족들과 함께 저희 버터몽키에서 즐거운 시간보내보세요~"
    },
    {
        "no": 20,
        "code": 1850642692,
        "images": "https://ldb-phinf.pstatic.net/20230203_270/1675434291826ifLD8_JPEG/A8248D08-9DC8-4448-ABE6-C8F68011D0ED.jpeg",
        "name": "니커버커베이글",
        "adress": "서울 송파구 송파동 32-1 1층 109~112호",
        "time": null,
        "phone": "0507-1393-8808",
        "op": "undefined발렛파킹 /포장 /배달 /무선 인터넷 /남/녀 화장실 구분 /제로페이 /",
        "way": "석촌역 1번출구에서 호수쪽으로 도보로 5~6분 소요",
        "booking": "",
        "category": "음식점",
        "menus": [
            "블루오션라떼",
            "7,000원"
        ],
        "description": "니커버커베이글 본점은 뉴욕 브루클린 가장 핫한 동네인 부시윅에 위치하고 있으며, 미국 전역에서도 줄서서 먹는 베이글맛집입니다.\n2호점은 본점의 맛을 그대로 표현하기위해 40년 이상 베이글을 반죽한 롤러 장인의 비법을 직접 전수받은 현지직원들과 함께 운영하고 있습니다.\n니커버커베이글의 목표는 정통 뉴욕 베이글의 맛을 한국에 전파하는 것입니다.\n\nAbout our Bagel\n오븐에 굽기 전 끓는 물에 데쳐 건강에 유해한 물질을 걸러내는 'Kettle boiled' 방식을 고수하고 있습니다.\n\n니커버커베이글은 뉴욕 정통 방식으로 만들기 때문에 겉바속촉 식감을 자랑하며 첨가물이 들어가지 않아 칼로리가 낮고 건강에 좋습니다.\n\ntvN줄서는식당 30회 방영\n배달의 민족, 쿠팡 이츠 배달시작과 함께 주문이 폭주, 5점 만점이 가득한 배달맛집\n\n<애완동물 출입금지 : NO PETS>\n매장 내 청결과 다른 손님들의 편의를 위해 동반출입을 금하고 있습니다. (테라스포함)양해 부탁드립니다."
    },
    {
        "no": 21,
        "code": 1932681801,
        "images": "https://ldb-phinf.pstatic.net/20230306_18/1678085072805127IR_JPEG/%BA%A2%B2%C9%C6%F7%BD%BA%C5%CD3.jpg",
        "name": "서울리즘",
        "adress": "서울 송파구 송파동 48-7 예스빌딩 6층",
        "time": "월요일 10:00~23:00 | 화요일 10:00~23:00 | 수요일 10:00~23:00 | 목요일 10:00~23:00 | 금요일 10:00~00:00 | 토요일 10:00~00:00 | 일요일 10:00~23:00",
        "phone": "02-412-0812",
        "op": "undefined단체석 /주차 /무선 인터넷 /남/녀 화장실 구분 /",
        "way": "9호선 송파나루역 1번출구 도보 100m",
        "booking": "",
        "category": "술집",
        "menus": [
            "벚꽃라떼",
            "9,500원"
        ],
        "description": "잠실에 롯데월드타워와 서울 시내를 한눈에 볼 수 있는 전망 좋은 카페&캐쥬얼바\n\n(14세 미만의 출입이 불가능합니다 양해 부탁드립니다. NO KIDS ZONE)"
    },
    {
        "no": 22,
        "code": 12767459,
        "images": "https://ldb-phinf.pstatic.net/20190812_156/1565572060978b5Pfp_JPEG/YqrJEY4SiFlVqpHcT--rEGDr.jpg",
        "name": "명가떡집",
        "adress": "서울 송파구 잠실동 210",
        "time": null,
        "phone": "02-416-9669",
        "op": "undefined배달 /예약 /",
        "way": "잠실 새마을 시장 내,\n잠실새내역 3번 출구 200m 우회전 시장 골목내\n송파구 잠실동 210번지 명가떡집\n\n02-416-9669",
        "booking": "",
        "category": "제조업",
        "menus": [
            "명가대왕찹쌀떡",
            "19,700원"
        ],
        "description": "명가 대왕찹쌀떡은 팥앙금을 직접 삶고 유화제나 보본료, 착색료 등을 전혀 쓰지 않아 부드럽게 맛있습니다. \n\n주문 택배 전화 02-416-9669"
    },
    {
        "no": 23,
        "code": 11795809,
        "images": "https://ldb-phinf.pstatic.net/20150901_23/1441039394102Jybpd_JPEG/11795809_0.jpg",
        "name": "플로리안",
        "adress": "서울 송파구 가락본동 80 성원상떼빌 102동 122호",
        "time": "평일 10:00~23:00 일요일은 휴무입니다. | 공휴일 10:00~23:00 일요일은 휴무입니다.",
        "phone": "02-403-1248",
        "op": "undefined주차 /포장 /남/녀 화장실 구분 /",
        "way": "3, 8호선 가락시장역 3번 출구에서 5분 , 3호선 경찰병원역 1번출구에서 5분 거리에 있습니다.",
        "booking": "",
        "category": "카페,디저트",
        "menus": [
            "커피류",
            "4,000원"
        ],
        "description": "샵에서 직접 로스팅한 신선한 커피를 즐기실 수 있는 곳입니다."
    },
    {
        "no": 24,
        "code": 1616346596,
        "images": "https://ldb-phinf.pstatic.net/20220225_114/1645782320941aHPWY_JPEG/KakaoTalk_20220223_143917379_02.jpg",
        "name": "진저베어",
        "adress": "서울 송파구 송파동 8-10 1층",
        "time": null,
        "phone": "",
        "op": "undefined포장 /무선 인터넷 /반려동물 동반 /",
        "way": "",
        "booking": "",
        "category": "음식점",
        "menus": [
            "클래식매쉬세트",
            "12,000원"
        ],
        "description": "진저베어는 20종의 스윗파이와 키쉬, 갈래트, 6종의 미트파이를 판매하는 베이커리 카페입니다. 파이와 잘어울리는 내추럴와인, 음료, 스프와 매쉬, 데일리 샐러드도 준비되어 있어요 :)"
    }
]