[
    {
        "no": 0,
        "code": 12873924,
        "images": "https://ldb-phinf.pstatic.net/20220825_190/16614317215947q1nP_JPEG/56963FEB-7922-4361-ABA7-FF746355F0DD.jpeg",
        "name": "애플하우스",
        "adress": "서울 동작구 사당동 138-4 2층",
        "time": "매일 10:30~21:00 마지막 주문 20:30 까지 입니다. (포장 손님 미리 전화주문해 주세요.)",
        "phone": "02-595-1629",
        "op": "undefined포장 /배달 /남/녀 화장실 구분 /",
        "way": "*주차 - 본 상가내에 주차장이 있습니다.\n( 자리가 협소 합니다 )\n만차시 주변 유료주차장을 이용해 주세요.\n\n*지하철이용 - 4,7호선 총신대입구역(이수)에서 하차하시면 됩니다.\n가까운 출구는 11,12,13번 출구 입니다.",
        "booking": "",
        "category": "분식",
        "menus": [
            "일반떡볶이",
            "4,500원"
        ],
        "description": "신당동식 즉석 떡볶이로 유명한 분식집입니다.  말캉한 떡과 어묵, 양배추 등이 들어간 내용물에 인원수에 제한 없이 먹고 싶은 사리를 추가해서( 라면/쫄면/라면+쫄면/어묵) 춘장과 고추장을 넣은 즉석 떡볶이가 인기 있습니다. 손으로 직접 만들어 바삭하게 튀겨낸 군만두에 애플 하우스만의 특별한 고추장 소스로 버무린 무침 군만두도 좋은 평가를 받고 있습니다. 벽면의 빼곡한 낙서와 서민적 스타일의 테이블이 정감 있지요."
    },
    {
        "no": 1,
        "code": 230403199,
        "images": "https://ldb-phinf.pstatic.net/20230402_190/1680370493475JCJYl_JPEG/F92B6837-FEB3-425B-AAE7-D30675EEE7AD.jpeg",
        "name": "새우네집",
        "adress": "서울 동작구 노량진동 271-13 노량진2동우편취급소 1층,새우네집",
        "time": "일요일 11:30~23:00 Break Time 15:00~17:00 last order:22:00 | 토요일 11:30~23:00 Break Time 15:00~17:00 last order:22:00 | 매일 11:30~23:00 Break Time 15:00~17:00 last order:22:00 | 금요일 11:30~23:00 Break Time 15:00~17:00 last order:22:00 | 목요일 11:30~23:00 Break Time 15:00~17:00 last order:22:00 | 수요일 11:30~23:00 Break Time 15:00~17:00 last order:22:00 | 화요일 11:30~23:00 Break Time 15:00~17:00 last order:22:00 | 월요일 11:30~23:00 Break Time 15:00~17:00 last order:22:00",
        "phone": "02-822-5972",
        "op": "undefined주차 /포장 /배달 /무선 인터넷 /",
        "way": "노량진역 6번출구로 나오셔서 2~3분 직진하시면 CTS아트홀이 나옵니다. 세븐일레븐 맞은편에서 좌회전하시고 1~2분 직진하시면 되겠습니다^^",
        "booking": "",
        "category": "한식",
        "menus": [
            "새우요리 15마리 (3가지맛)",
            "24,000원"
        ],
        "description": "안녕하세요^^\n새우에 진심인 새우네집입니다.\n방문해주셔서 감사합니다!\n\n저희는 소스를 곁들인 새우요리, 튀김, 새우전골, 감바스 알 아히요, 타르타르새우, 새우장덮밥, 면요리 등 새우로 다양한 요리들을 선보이고 있습니다:)\n\n신선도 유지를 위해 전 메뉴 한정판매중이기에 영업시간보다 재료가 일찍 소진 될수 있음을 양해부탁드립니다.\n\n고객님들의 만족을 위해 최선을 다하겠습니다.\n감사합니다:):)"
    },
    {
        "no": 2,
        "code": 1633650148,
        "images": "https://ldb-phinf.pstatic.net/20211102_228/1635810255133habu7_JPEG/Pvrp3BPusCySangfqjJ2ytwC.jpeg.jpg",
        "name": "네모난밥상",
        "adress": "서울 동작구 사당동 139-87 2층",
        "time": "매일 11:30~21:00 15시~17시 Break Time | 일요일 휴무",
        "phone": "0507-1415-2207",
        "op": "undefined단체석 /포장 /예약 /무선 인터넷 /제로페이 /",
        "way": "4호선 총신대입구역 13번 출구에서 219m",
        "booking": "",
        "category": "한식",
        "menus": [
            "오징어볶음",
            "10,000원"
        ],
        "description": "엄마가 차린 [ 네모난밥상 ]입니다.\n한끼도 제대로 차려먹기 바쁜 요즈음, 집에서 먹는 밥 그대로 정성스레 준비 했습니다.\n\n구수한 황태미역국과 양념간장에 찍어먹는 남해 김,\n아삭한 콩나물무침은 항상 무한리필 이구요.\n다양한 종류의 김치도 직접 담아 상에 올립니다.\n\n엄마의 마음으로 요리하겠습니다.\n집밥이 그리울 때, 한번씩 들러주세요.\n\n제가 처음 이곳에 들어왔을때 느낀 환하고 따뜻한 분위기를 여러분 모두와 공유하고 싶습니다."
    },
    {
        "no": 3,
        "code": 38502050,
        "images": "https://ldb-phinf.pstatic.net/20190501_114/1556682842382T4B1C_JPEG/eNXnTCuYQxBiGyK1lnPCvp2Q.jpg",
        "name": "소라네밥집",
        "adress": "서울 동작구 노량진동 89-2",
        "time": null,
        "phone": "",
        "way": "",
        "booking": "",
        "category": "음식점",
        "menus": [
            "수제돈까스",
            "8,000원"
        ],
        "description": ""
    },
    {
        "no": 4,
        "code": 1248309826,
        "images": "https://ldb-phinf.pstatic.net/20190517_68/15580217302554WwO1_JPEG/KeCbtl42iV-ZoxYmAo6lH3fc.jpg",
        "name": "대박분식",
        "adress": "서울 동작구 노량진동 119-75",
        "time": "매일 11:00~03:00 연중무휴",
        "phone": "02-816-8007",
        "op": "undefined포장 /",
        "way": "구 신세계마트 (세계과자할인점) 맞은편 새마을금고 지나서 쭉 올라오세요",
        "booking": "",
        "category": "분식",
        "menus": [
            "대박치킨",
            "8,000원"
        ],
        "description": "제육과 된장찌개 세트(대박 정식)를 5000원의 저렴한 가격으로 맛보실 수 있습니다. 또한 치킨도 7000원으로 저렴하고 맛있습니다. 새벽 3시까지 운영되고있고 과일도 사실 수 있습니다. 언제든지 찾아주세요^^"
    },
    {
        "no": 5,
        "code": 33471354,
        "images": "https://ldb-phinf.pstatic.net/20230605_214/1685944845034Cch2Y_PNG/%B4%D9%BF%EE%B7%CE%B5%E5.png",
        "name": "조가네갑오징어 사당점",
        "adress": "서울 동작구 사당동 1041-5 1층",
        "time": "매일 11:00~22:00",
        "phone": "0507-1413-0108",
        "op": "undefined단체석 /포장 /예약 /",
        "way": "[대중교통으로 오실 때]\n사당역 4호선 기준 9,10번 출구 도보 2분\n사당역 2호선 기준 7번 출구 도보 2분\n\n[자동차로 오실 때]\n파스텔시티 또는 뒤 공영주차장 주차 가능\n전용 주차장은 따로 없습니다.\n\n사당 1동 먹자골목 안에 위치해 있으며\n사당역과의 접근성이 매우 좋습니다.",
        "booking": "",
        "category": "해물,생선요리",
        "menus": [
            "갑오징어 불고기",
            "39,000원"
        ],
        "description": "안녕하세요 조가네갑오징어 사당점 입니다.\n\n타우린 함량이 풍부한 갑오징어를 맛있게\n드실 수 있는 갑오징어전문 사당역맛집 입니다.\n\n사당역과 버스정류장 등 접근성이 좋습니다.\n단체석, 단체모임, 가족모임 예약 가능하오니\n방문 전에 미리 전화 주시면 감사하겠습니다.\n\n[대표메뉴]\n- 갑오징어 불고기\n- 갑오징어 전골\n\n[점심 특선]\n- 갑오징어불고기 + 볶음밥\n- 갑오징어삼겹불고기 + 볶음밥\n\n※단체예약 및 문의사항 있을 시 전화주세요."
    },
    {
        "no": 6,
        "code": 19390632,
        "images": "https://ldb-phinf.pstatic.net/20150831_60/1440999768652zA6wq_JPEG/SUBMIT_1378357150921_19390632.jpg",
        "name": "원조추어탕",
        "adress": "서울 동작구 사당동 89-15 석원빌딩",
        "time": "매일 09:30~21:30",
        "phone": "02-537-9944",
        "op": "undefined단체석 /포장 /예약 /무선 인터넷 /",
        "way": "",
        "booking": "",
        "category": "한식",
        "menus": [
            "추어탕+공기밥",
            "10,000원"
        ],
        "description": "전통방식으로 맛을 낸 원조추어탕 전문점 입니다."
    },
    {
        "no": 7,
        "code": 1071004649,
        "images": "https://ldb-phinf.pstatic.net/20230416_143/1681656358708lkHPo_JPEG/AF344DED-60EC-4402-A814-B33D736810E1.jpeg",
        "name": "노아이디어피자",
        "adress": "서울 동작구 사당동 83-2 1층 102호",
        "time": null,
        "phone": "070-8810-0174",
        "op": "undefined주차 /포장 /배달 /무선 인터넷 /",
        "way": "",
        "booking": "https://booking.naver.com/booking/6/bizes/876398",
        "category": "음식점",
        "menus": [
            "L사이즈 반&반 피자",
            "21,500~24,000원"
        ],
        "description": "안녕하세요 노아이디어 피자 입니다:)\n\n노아이디어피자는 매일 폴리쉬(발효종)를 이용한 도우를 직접 만들고 있습니다.\n피자 베이스 소스부터 디핑소스와 피클까지 하나하나 직접 만들기를 고집합니다.\n좋은재료만을 고집해 만든 노아이디어피자를 언제든 찾아주세요:)\n\n주문과 동시에 조리가 들어가 조리시간이 15분 가량 소요되며\n픽업시간을 고려해 주문해주시면 감사하겠습니다.\n\n포장 주문시\nR기준 피클, 파마산 치즈, 핫소스 각 1개\nL기준 피클, 파마산치즈 1개, 핫소스 2개\n를 기본적으로 제공해드리고 있습니다.\n더 필요하시면 요청사항에 기재 부탁드립니다."
    },
    {
        "no": 8,
        "code": 1602560745,
        "images": "https://ldb-phinf.pstatic.net/20230517_227/1684284626562vFUAp_JPEG/DSC_0404.JPG",
        "name": "늘조은한우마을",
        "adress": "서울 동작구 사당동 141-177",
        "time": "토요일 12:00~23:00 | 금요일 12:00~23:00 | 목요일 12:00~23:00 | 수요일 12:00~23:00 | 화요일 12:00~23:00 | 일요일 12:00~23:00",
        "phone": "0507-1333-3958",
        "op": "undefined단체석 /제로페이 /",
        "way": "총신대입구역 13번 출구에서 사당2동 주민센터로 방면으로 도보로 오다보면 사당우성2단지 아파트 208동 옆 상가 1층입니다.(근처에 사당공인중개사사무소 맞은편)",
        "booking": "",
        "category": "한식",
        "menus": [
            "특수모듬(400g)",
            "69,000원"
        ],
        "description": "BMS등급 국산 소고기 1,1+,1++등급등 와규급 No.9 등급등\n최상위 국내산 한우 정육코너를 운영하는 늘조은한우마을\n육질중 지방도(마블링)이 우수하며 직접 유통하는 만큼\n한우정육식당의 맛과 서비스, 가성비를 올린 맛집입니다\n\n고기 손질후 남은 뭉텅이 고기들은 모두 미역국으로 탄생되는\n부위라 아낌없이 만든 미역국은 투박한 고기덩어리들을 볼 수 있지만,\n그만큼 맛이 진하고, 구수한 미역국을 맛볼 수 있는 이유입니다.\n청국장+냄비밥의 구성도 좋습니다.\n*냄비밥은 최소 15분의 여유를 두시고 주문 부탁드립니다\n*단체및, 회식문의는 가게측으로 문의 주시면 성심껏 응대합니다\n\n이수역에서 오래된 노포 스러운 가게인만큼 기억에 남는\n추억의 장소로 여러분들을 모시겠습니다"
    },
    {
        "no": 9,
        "code": 234602848,
        "images": "https://naverbooking-phinf.pstatic.net/20221026_42/1666758127153eQHuq_JPEG/DSC09852.jpg",
        "name": "이수회관",
        "adress": "서울 동작구 사당동 147-40 서울특별시 동작구  147-40",
        "time": "매일 16:30~02:00 연중무휴",
        "phone": "02-534-3335",
        "op": "undefined단체석 /포장 /배달 /예약 /남/녀 화장실 구분 /",
        "way": "태평백화점 뒷편 도보 2분이내",
        "booking": "",
        "category": "한식",
        "menus": [
            "추천모듬회",
            "45,000원"
        ],
        "description": "가성비 횟집으로 소문난 이수역 횟집 이수회관"
    },
    {
        "no": 10,
        "code": 1829912740,
        "images": "https://ldb-phinf.pstatic.net/20230522_104/1684740448729erJoR_JPEG/KakaoTalk_20230522_161708169_01.jpg",
        "name": "안방",
        "adress": "서울 동작구 사당동 1031-1 1층",
        "time": null,
        "phone": "0507-1444-5054",
        "op": "undefined단체석 /예약 /제로페이 /",
        "way": "-대중교통 이용시\n\n지하철 : 사당역 10번출구에서 스타벅스 골목으로 들어오셔서 50m직진 후 첫번째 골목에서 우회전하신 후 100m 직진하시면, 코너에 스테인리스와 빨간 조명이 환영하며 대기중에 있습니다^^\n\n버스 : 방배노인종합복지관역에서 하차 후 다이소쪽으로 건너셔서 김밥천국쪽 첫번째 골목으로 30m 직진하시면, 코너에 스테인리스와 빨간 조명이 환영하며 대기중에 있습니다^^\n\n-자차 이용시\n\n네비게이션에 [사당동 안방]이라고 검색하셔서 찾아오시면 됩니다.\n검색이 되지 않을 시 [한국스파이렉스사코]를 검색후에 찾아오시고 주변 공영주차장에 주차를 하시면 됩니다.",
        "booking": "https://booking.naver.com/booking/6/bizes/919148",
        "category": "술집",
        "menus": [
            "갈비찜 리조또",
            "25,000원"
        ],
        "description": "사당동에도 힙한 술집을 만들고 싶었다.\n\n전집, 횟집, 고기집, 포차도 좋치만\n분위기 있는 조명과 술 음악\n그리고 쉐프들의 요리를 즐기는것도 좋다고 본다.\n그리고 모두가 즐길수있는 가격으로 맞이할것이다.\n\n한국인들의 소울푸드 하지만 뻔하지 않게 준비하였습니다.\n안주를 쉐프들이 재해석 하였습니다.\n천명이 한번씩 먹을만한 안주 보단\n백명이 열번 즐길수 있는 요리를 하였습니다.\n얼음소주와 전통주를 이용한 하이볼과 즐겨주세요\n\n다시 한번 새로운 사당의 문화와\n새로운 한식을 만들어 가겠습니다\n\nTEAM 윤공 공지안 안방"
    },
    {
        "no": 11,
        "code": 684793218,
        "images": "https://ldb-phinf.pstatic.net/20190122_267/15480884469346dU8A_JPEG/ZWrroFVuysXAQ_E7AuVt5oNk.jpg",
        "name": "호요",
        "adress": "서울 동작구 사당동 1008-10 1층 호요",
        "time": "매일 17:00~02:00 | 토요일 13:00~03:00 | 일요일 13:00~01:00 | 금요일 17:00~03:00",
        "phone": "0507-1445-0817",
        "op": "undefined무선 인터넷 /",
        "way": "이수역 7번출구 500m직진 교보생명빌딩 골목\r\n사당역 10번출구 500직진 교보생명빌딩 골목",
        "booking": "",
        "category": "술집",
        "menus": [
            "양송이 찹스테이",
            "23,000원"
        ],
        "description": "주차 및 예약 불가합니다!"
    },
    {
        "no": 12,
        "code": 1628026716,
        "images": "https://ldb-phinf.pstatic.net/20230601_198/1685603950069yp1A4_JPEG/KakaoTalk_20230601_161012669.jpg",
        "name": "객간",
        "adress": "서울 동작구 사당동 1039-13 1층",
        "time": null,
        "phone": "070-8657-0520",
        "op": "undefined예약 /무선 인터넷 /제로페이 /",
        "way": "사당역 7번출구 나오셔서 8번 출구(공사중)쪽 골목으로 들어오셔서 300m 직진하신후 논고을 지나 앞쪽 건물 1층입니다.",
        "booking": "",
        "category": "술집",
        "menus": [
            "아롱사태전골",
            "33,000원"
        ],
        "description": "사소한 디테일로 최고의 맛을 선사합니다."
    },
    {
        "no": 13,
        "code": 1765442039,
        "images": "https://ldb-phinf.pstatic.net/20230216_251/1676508958263eVe5K_PNG/20230215_161220.png",
        "name": "견인지역",
        "adress": "서울 동작구 사당동 139-53 2층",
        "time": "목요일 17:00~01:00 | 수요일 17:00~01:00 | 화요일 17:00~01:00 | 일요일 17:00~01:00 | 토요일 17:00~03:00 | 금요일 17:00~03:00",
        "phone": "0507-1492-1082",
        "op": "undefined무선 인터넷 /남/녀 화장실 구분 /",
        "way": "이수역 13번출구 태평백화점 뒤,\n영풍치킨,어바웃커피 뒤쪽에 자리하고있습니다^^*",
        "booking": "",
        "category": "술집",
        "menus": [
            "새우관자버터볶음",
            "16,900원"
        ],
        "description": "안녕하세요 2층포차 < 견인지역 > 입니다 : )\n\n저희 견인지역은 소중한 사람 또는 반가운 사람들과\n술을 부르는 맛있는 음식들을 곁들여\n소소하게 대화하며 편하게 즐기실 수 있는\n아지트, 단골술집이 되자는 모토로 운영되고있습니다 !\n\n안주빨손님 사랑합니다 ^^v\n과한음주는 환영입니다 ^^v"
    },
    {
        "no": 14,
        "code": 20103976,
        "images": "https://ldb-phinf.pstatic.net/20200129_13/1580291591104Qp7ge_JPEG/imhGmcOCH6RXtuYqM1vbmM8z.jpg",
        "name": "오센",
        "adress": "서울 동작구 사당동 139-53 1층",
        "time": "일요일 16:00~01:00 | 목요일 16:00~01:00 | 수요일 16:00~01:00 | 화요일 16:00~01:00 | 월요일 16:00~01:00 | 금요일 16:00~02:00 | 토요일 16:00~02:00",
        "phone": "02-3478-1559",
        "way": "",
        "booking": "",
        "category": "술집",
        "menus": [
            "살치살과 구운야채",
            "25,000원"
        ],
        "description": "깔끔한 일식에 술을 마실 수 있는 곳. 오코노미야키를 주문하면 여러 가지 만화 캐릭터나 하트모양 등 다양한 모습으로 만들어 주어 흥미롭다. 합리적인 가격에 양과 맛, 재미를 두루 갖추어 인기다."
    },
    {
        "no": 15,
        "code": 36508355,
        "images": "https://ldb-phinf.pstatic.net//20160629_85/1467176724311Yld2N_JPEG/image.jpg",
        "name": "콘크리트",
        "adress": "서울 동작구 사당동 139-57",
        "time": "목요일 18:00~02:00 | 수요일 18:00~02:00 | 화요일 18:00~02:00 | 월요일 18:00~02:00 | 일요일 18:00~02:00 | 평일 18:00~02:00 | 토요일 18:00~03:00 | 금요일 18:00~03:00",
        "phone": "02-533-9715",
        "op": "undefined단체석 /주차 /무선 인터넷 /",
        "way": "이수역12번출구 태평백화점 뒤",
        "booking": "",
        "category": "술집",
        "menus": [
            "간장새우",
            "25,000원"
        ],
        "description": "이수역에 위치한 퓨전 이자카야 입니다\r\n빈티지하고 세련된 분위기에서 깔끔하고 콘크리트만의 특색있는 다양한 일본 퓨전요리를 즐기실수 있습니다"
    },
    {
        "no": 16,
        "code": 1500786698,
        "images": "https://ldb-phinf.pstatic.net/20230323_119/1679560221123DUyCR_PNG/KakaoTalk_20230323_162508548_01.png",
        "name": "호멜맥주",
        "adress": "서울 동작구 노량진동 16-1 B동 지하1층 BB01, 02, 03, 04호",
        "time": null,
        "phone": "0507-1307-2935",
        "op": "undefined단체석 /주차 /예약 /무선 인터넷 /남/녀 화장실 구분 /",
        "way": "< 노량진핫플 호멜맥주 오시는길 >\n노들로2길 7 드림스퀘어빌딩 b동 지하1층 호멜맥주\n노량진회센터 맞은편 b동 지하1층\n\n혹시라도 오시는길이 어려우시다면 매장으로 연락주시면 친절하게 안내 해드리도록 하겠습니다 ^^ !\n\n주차 최대 4시간 무료 입니다.",
        "booking": "https://booking.naver.com/booking/6/bizes/863771",
        "category": "술집",
        "menus": [
            "6색과일안주",
            "13,900원"
        ],
        "description": "안녕하세요 노량진역에 오픈하게 된 호멜맥주입니다.\n\n20대 젊은 저희 직원들과 함께 야심 차게 준비했습니다.\n( 파이팅 넘치고 센스 있고 재미있는 훈남훈녀 직원들만 있어요! )\n\n160평 초대 규모 술집입니다. 단체 최대 40명까지 가능! (룸준비 되어있습니다.)\n\n룸 안내\n12번룸 최대 18명\n38번룸 최대 30명\n39번룸 최대 10명\n40번룸 최대 10명\n\n메뉴 또한 저렴하고 퀄리티는 높게! 손님 여러분들이 만족하실 수 있게 했습니다. (주류도 여러 가지 준비되어 있어요)\n\n대형 스크린도 있고 분위기에 신경을 많이 써서 한번 오시면 정말 만족하고 나중에 또 올만한 그런 술집이다!! 생각이 드실 거라고 생각합니다. (스포츠 중계도 합니다)\n\n단체룸도 30명 20명 15명 10명 룸 따로따로 구비되어 있기 때문에 회식이나 생일파티하기에도 정말 좋습니다.\n\n저희 호멜맥주는 노량진하면 수산시장만 생각나는 게 아닌 저희 호멜맥주가 생각날 수 있도록 노력하겠습니다. 정말 노력 많이 하고 손님 여러분들의 만족만을 생각해서 준비한 가게인 만큼 한 번씩 꼭 들려주셔서 저희 호멜맥주는 어떤 곳인가 느껴보셨으면 좋겠습니다.\n\n그럼 오늘도 저희 호멜맥주 하세요 :)"
    },
    {
        "no": 17,
        "code": 1827058564,
        "images": "https://ldb-phinf.pstatic.net/20180605_238/1528191086114BTpJY_JPEG/QXICUwvGvSB2nAVqAXNiZimp.jpeg.jpg",
        "name": "소라노호시",
        "adress": "서울 동작구 사당동 132-20 1층",
        "time": "금요일 17:30~00:00 예약x포장o배달o | 목요일 17:30~00:00 예약x포장o배달o | 수요일 17:30~00:00 예약x포장o배달o | 화요일 17:30~00:00 예약x포장o배달o | 월요일 17:30~00:00 예약x포장o배달o | 토요일 17:30~00:00 예약x포장o배달o | 일요일 17:30~22:00 휴무 영업시 인스타공지",
        "phone": "0507-1337-4777",
        "op": "undefined포장 /배달 /무선 인터넷 /제로페이 /",
        "way": "이수역 태평백화점 뒷골목  베스킨라빈스 사거리에서 공차건물 사잇길로 들어오시면\n왼쪽으로 소라노 호시를 찾으실 수 있습니다.",
        "booking": "",
        "category": "술집",
        "menus": [
            "모듬숙성사시미",
            "48,000원"
        ],
        "description": "제철 해산물 그리고 숙성된 회와 함께 술 한잔 기울이며  하루를 정리하기 좋은 소라노 호시입니다.\n당일 재료 소진시 조기 마감될 수 있습니다"
    },
    {
        "no": 18,
        "code": 1432323331,
        "images": "https://ldb-phinf.pstatic.net/20230718_219/1689686740662WN4GB_JPEG/1689686676399.jpg",
        "name": "오늘,433",
        "adress": "서울 동작구 흑석동 43-3 1층",
        "time": null,
        "phone": "0507-1345-6575",
        "op": "undefined포장 /예약 /무선 인터넷 /남/녀 화장실 구분 /제로페이 /",
        "way": "흑리단길 재팔이네 옆집",
        "booking": "https://booking.naver.com/booking/6/bizes/823780",
        "category": "술집",
        "menus": [
            "얼큰 크림 감바스",
            "22,000원"
        ],
        "description": "정성가득 맛있는 요리와 분위기. 수제맥주/와인/ 하이볼/ 칵테일/ 소주등 다양한 주류를 분위기 좋은\n오늘 433에서 만나요!"
    },
    {
        "no": 19,
        "code": 1610207411,
        "images": "",
        "name": "전원일기",
        "adress": "서울 동작구 사당동 708-447",
        "time": "일요일 휴무 1,3,5주 일요일 휴무",
        "phone": "02-535-5937",
        "way": "",
        "booking": "",
        "category": "술집",
        "menus": [
            "닭도리탕 소",
            "27,000원"
        ],
        "description": ""
    },
    {
        "no": 20,
        "code": 1775138832,
        "images": "https://ldb-phinf.pstatic.net/20230727_277/16904681544849Nvxm_JPEG/20230620_193308.jpg",
        "name": "우부래도",
        "adress": "서울 동작구 상도1동 666-3",
        "time": "매일 10:30~21:00 매주 월요일 정기휴무",
        "phone": "0507-1428-0599",
        "op": "undefined단체석 /주차 /포장 /배달 /예약 /무선 인터넷 /반려동물 동반 /남/녀 화장실 구분 /지역화폐 (카드형) /제로페이 /",
        "way": "7호선 상도역 5번출구에서 2분거리. 스타벅스 바로 뒷편.\n자가용으로 오시면 넓은 주차장이 있어서 편하게 주차가능.",
        "booking": "",
        "category": "카페,디저트",
        "menus": [
            "홍국단팥빵",
            "4,000원"
        ],
        "description": "알레르기를 일으킬 수 있는 계란, 우유, 버터, 꿀,흰설탕, 방부제 및 각종 첨가물을 사용하지 않고 건강한 빵을 만들어 안심하고 믿고 먹을수 있는 빵집.\n국내산 쌀, 현미, 홍국쌀가루를 비롯해 지리산 앉은뱅이 통밀, 유기농 우리밀, 충청도 팥, 강원도 양양 쑥, 문경 오미자 등 건강한 재료만을 사용하는 것이 특징이다.\n100%우리밀통밀빵과 100%호밀빵있다.\n쌀빵과 어울리는 라따뚜이, 리가토니토마토스파게티, 스테이크, 치킨텐더샐러드 등 맛과 합리적인 가격으로 브런치를 즐길수 있다"
    },
    {
        "no": 21,
        "code": 633094958,
        "images": "https://ldb-phinf.pstatic.net/20210423_88/1619176876035oGk0T_PNG/29LE3JXJnOiAoT_ZY0jWqKK4.PNG.png",
        "name": "시간을 들이다 본점",
        "adress": "서울 동작구 신대방동 342-23 1층",
        "time": "매일 11:00~22:00 빵 품절시 조기 종료될 수 있습니다",
        "phone": "0507-1318-2158",
        "op": "undefined주차 /포장 /배달 /예약 /남/녀 화장실 구분 /지역화폐 (카드형) /지역화폐 (모바일형) /제로페이 /",
        "way": "7호선 신대방삼거리역 인근입니다.\n2번 출구에서 나와서 대략 5분 정도 걸어오시면 됩니다.",
        "booking": "https://booking.naver.com/booking/6/bizes/473285",
        "category": "카페,디저트",
        "menus": [
            "앙버터페이스트리",
            "4,600원"
        ],
        "description": "SBS생방송투데이, MBC생방송오늘저녁, 맛있는 녀석들 에 소개된 시간을들이다 베이커리는 천연발효빵 및 페스츄리를 전문적으로 하는 곳입니다.\n시간을들이다의 빵은, 첨가물이나 방부제가 들어가지 않으며, 엄선한 재료를 사용하여 만듭니다.\n특히, 페스츄리는 유지방 함량이 높은 고급버터를 사용하여 풍미과 결이 좋습니다.\n크림 크로와상은 크림이 가득 들어 있어, 입안 가득 풍부한 크림을 느낄 수 있습니다."
    },
    {
        "no": 22,
        "code": 20123473,
        "images": "https://ldb-phinf.pstatic.net/20171113_72/1510559245205w2BOA_JPEG/GssdDpVxp4l0iFTdOULVmqZK.jpg",
        "name": "정애맛담",
        "adress": "서울 동작구 사당2동 91-177",
        "time": "매일 06:00~19:30 또는 20:00 / 휴무일 인스타그램 (anyjeongdam 계정) 참고해주세요",
        "phone": "0507-1355-9096",
        "way": "이수역 14번출구로 나와 광주약국 동광약국사이길로 쭉 직진 왼쪽에 홍일한의원이 보이면 맞은편 골목으로 우회전 두번째 떡집이 민속떡집(정애맛담) 입니다",
        "booking": "",
        "category": "전통식품",
        "menus": [
            "앙버떡",
            "4,000원"
        ],
        "description": "영업시간 06:00 ~ 19:30/20:00 (마감시간은 상황에따라 달라집니다) 방문전 전화 확인 인스타그램 anyjeongdam 확인 해주세요!"
    },
    {
        "no": 23,
        "code": 1855882260,
        "images": "https://ldb-phinf.pstatic.net/20230520_177/16845675033176iQaX_JPEG/KakaoTalk_20230520_162425991.jpg",
        "name": "손수담",
        "adress": "서울 동작구 대방동 404-15 102호",
        "time": null,
        "phone": "0507-1345-4610",
        "op": "undefined단체석 /포장 /배달 /예약 /무선 인터넷 /반려동물 동반 /제로페이 /",
        "way": "",
        "booking": "https://booking.naver.com/booking/6/bizes/744901",
        "category": "음식점",
        "menus": [
            "화과자 1人set",
            "9,000원"
        ],
        "description": "* 동양디저트 카페 [ 손수담 ]\n\n문의/카카오톡 채널 : 손수담떡공방"
    },
    {
        "no": 24,
        "code": 1174637997,
        "images": "https://ldb-phinf.pstatic.net/20190926_175/1569478192291dvbQm_JPEG/AZ-CFbCVAuvQ9CdkLScZGMWp.jpg",
        "name": "머치커피",
        "adress": "서울 동작구 사당동 1026-35 1층",
        "time": "화요일 12:00~21:00 | 주말 12:00~21:00 | 수요일 12:00~21:00 | 목요일 12:00~21:00 | 금요일 12:00~21:00 | 토요일 12:00~21:00 | 일요일 12:00~21:00",
        "phone": "0507-1320-2726",
        "op": "undefined포장 /무선 인터넷 /반려동물 동반 /",
        "way": "사당역 10번 출구 - 도보 500M\n이수역 7번 출구 - 도보 700M",
        "booking": "",
        "category": "음식점",
        "menus": [
            "너티크림모카",
            "6,500원"
        ],
        "description": "매 주 신선한 원두를 공급받아 사용합니다.\n로스팅 날짜 기준으로 최대 20일 안에 원두를 사용하는것을 원칙으로 하며, 20일이 지난 원두는 모두 폐기합니다. 항상 신선하고 맛있는 커피를 즐기실 수 있도록 노력합니다."
    }
]