[
    {
        "no": 0,
        "code": 37488823,
        "images": "https://ldb-phinf.pstatic.net/20220714_140/1657760398344jrd1u_JPEG/IMG_20220531_160910_409.jpg",
        "name": "쌍문동커피",
        "adress": "서울 도봉구 창동 658-49",
        "time": "평일 10:00~23:00 | 주말 11:00~23:00",
        "phone": "010-8248-1509",
        "op": "undefined단체석 /주차 /포장 /배달 /무선 인터넷 /남/녀 화장실 구분 /제로페이 /",
        "way": "",
        "booking": "",
        "category": "카페,디저트",
        "menus": [
            "아메리카노",
            "4,000원"
        ],
        "description": "도봉구 주택개조카페, 쌍리단길 카페."
    },
    {
        "no": 1,
        "code": 1684726047,
        "images": "https://ldb-phinf.pstatic.net/20230723_264/1690115506103i2TTX_JPEG/3597B5C7-FDE9-433B-93F3-0604D799621F.jpeg",
        "name": "몽상가 크레이프",
        "adress": "서울 도봉구 방학동 675-33 1층",
        "time": "매일 12:00~08:00 ★매주 월, 화 휴무",
        "phone": "0507-1458-2031",
        "op": "undefined포장 /배달 /예약 /무선 인터넷 /반려동물 동반 /제로페이 /",
        "way": "방학천 문화예술거리를 찾아주세요. 방학동의 정병원 건너편으로 길게 늘어진 거리에서 중심에 위치합니다.",
        "booking": "https://booking.naver.com/booking/6/bizes/192373",
        "category": "카페,디저트",
        "menus": [
            "(1)크렘브륄레 크레이프",
            "5,500원"
        ],
        "description": "안녕하세요 몽상가 크레이프입니다.\n몽상가 크레이프는 2017년 처음 영업을 시작했고, 현재는 방학천의 문화예술거리의 중심에 위치해 영업하고 있습니다.\n\n테이크아웃 위주이며 1~2팀 정도는 잠깐 드시고 가실 수 있습니다.\n\n메뉴는 최대한 품절 없이 운영하고 있습니다.\n\n가게 방문 전에 선주문을 원하는 고객님들은 네이버'주문'을 이용해주세요. 필요 시 요청사항란에 메모를 남겨주시면 가게에서 확인하고 픽업 도와드립니다.\n\n임시휴무가 생기면 네이버, 인스타그램, 트위터에 미리 안내올립니다.\n\n건물 주차장에 1~2대 정도 주차할 수 있지만, 길폭이 좁아 큰 차는 긁힐 위험이 있습니다.\n\n많이 이용해주세요. 감사합니다.\n\n*단체주문 폼*\nhttp://naver.me/xCr1HXq3"
    },
    {
        "no": 2,
        "code": 1517232276,
        "images": "https://ldb-phinf.pstatic.net/20230722_16/1690006785366OY3jD_JPEG/IMG_3084.jpeg",
        "name": "도봉관",
        "adress": "서울 도봉구 창동 700-27",
        "time": "매일 11:00~21:00",
        "phone": "02-991-1231",
        "op": "undefined단체석 /주차 /포장 /배달 /예약 /무선 인터넷 /제로페이 /",
        "way": "쌍문역 1번출구에서 도보 10분 내",
        "booking": "",
        "category": "음식점",
        "menus": [
            "쿠앤크 바스크치즈케이크 (신메뉴!)",
            "7,700원"
        ],
        "description": "안녕하세요!\n프리미엄 바스크 치즈케이크 & 수제 디저트 전문점 도봉관입니다 :)\n집에서도 프리미엄 디저트를 편하게 즐겨보세요 :D\n\n* 신메뉴 출시! (제로슈가 바스크 치즈케이크 & 쿠앤크 & 딸기)\n\n*프리미엄 크로핀 출시 예정!\n\n인스타 : www.instagram.com/dobongwan_cafe"
    },
    {
        "no": 3,
        "code": 1287792550,
        "images": "https://ldb-phinf.pstatic.net/20221124_190/1669275471504KzHII_JPEG/IMG_2468.jpeg",
        "name": "글림",
        "adress": "서울 도봉구 창동 659-16 1층2층",
        "time": "평일 10:00~22:00 월요일~토요일 | 일요일 10:00~21:00 9/20~9/21 추석연휴 휴무",
        "phone": "0507-1319-8515",
        "op": "undefined단체석 /주차 /포장 /배달 /예약 /무선 인터넷 /남/녀 화장실 구분 /지역화폐 (모바일형) /제로페이 /",
        "way": "쌍문역에서 1번출구로 나오자마자 바로앞에서,\n아이스탑 안경점 건물 주차장입구 안쪽을 보시면\n파란대문을 확인하실수 있습니다!\n글림이 바로 그곳에 있습니다!\n(주차가능)\n주차시 쌍문역 1번출구를 끼고 바로 우회전(인도로 진입) 아이스탑 안경점 주차장으로 진입하시면 됩니다!\n(카페이용시 2시간 무료 주차)",
        "booking": "",
        "category": "카페,디저트",
        "menus": [
            "시나몬몽블랑",
            "6,000원"
        ],
        "description": "글림은 빛나다, 번득이다, 반짝거리다 의 의미로,\n항상 사람들에게 반짝이는 호기심과 번득이는 영감을 주는\n스페셜티 커피 & 베이커리 전문 브랜드 입니다.\n\n분당 본점을 기점으로 서울 쌍문점과 총 2개의 매장을 운영 중이며, 커피 로스팅만 진행하고 있는 글림 로스터리 공간 (평택) 과 커피 및 베이커리 교육을 하는 렙실 (분당 미금)을 별도 운영하고 있습니다.\n\n베이커리류는 대부분 직접 배양한 천연 효모를 사용하고, 오랜 시간 저온숙성된 반죽으로 베이킹 합니다. 천연 재료와 천연 발효종 만을 사용해 화학 제품을 쓰지 않는 것이 가장 큰 특징 입니다.\n\n커피류는 모두 글림 로스터스에서 직접 로스팅한 원두를 사용합니다. 수년간 경험에서 축적된 로스팅 테이터로 생두가 가진 장점은 극대화 시킵니다.내용 더보기"
    },
    {
        "no": 4,
        "code": 38554969,
        "images": "https://ldb-phinf.pstatic.net/20221026_130/1666770175166FWBuC_JPEG/2.jpg",
        "name": "카페152길",
        "adress": "서울 도봉구 도봉동 622-64 카페152길",
        "time": "평일 08:30~22:00 | 주말 09:00~22:00 | 공휴일 09:00~22:00",
        "phone": "02-954-1520",
        "op": "undefined단체석 /예약 /남/녀 화장실 구분 /",
        "way": "방학역 2번출구에서 도봉구청 방면으로 걸어서 3분거리 입니다.\n도봉구청에서 방학역 방면으로 걸어서 3분거리 입니다.\n창동역 1번출구에서 도봉09, 도봉08번 버스로 10분거리 입니다.",
        "booking": "",
        "category": "카페,디저트",
        "menus": [
            "복숭아케이크",
            "40,000원"
        ],
        "description": "100%동물성생크림사용 수제케이크전문점 타르트전문점 디저트전문점 도시락케이크전문점.NO버터 NO계란 NO설탕 NO우유NO첨가물. 유기농 밀가루와 천연발효종으로 매일 구운 빵과 케이크가 준비되어 있습니다.\n20년 경력의 호텔 파티쉐(타워호텔, 프라자호텔)가 직접 만드는 프랑스 정통 케이크와 디저트를 맛보실 수 있습니다.\n매장에서 직접 로스팅한 신선한 원두로 추출한 커피와\n더 맛있고 건강을 생각하는 먹거리를을 만들고자 항상 최선의노력을하는152길베이커리카페."
    },
    {
        "no": 5,
        "code": 36528716,
        "images": "https://ldb-phinf.pstatic.net/20220520_205/16530248941509qKuq_JPEG/Screenshot_20220520-141535_Instagram.jpg",
        "name": "창동 늘",
        "adress": "서울 도봉구 창동 6 콤마빌딩 204호 늘",
        "time": "토요일 17:00~01:00 | 금요일 17:00~01:00 | 목요일 17:00~01:00 | 수요일 17:00~01:00 | 화요일 17:00~01:00 | 월요일 17:00~01:00 | 일요일 휴무 매주 일요일 정기 휴무",
        "phone": "0507-1438-8253",
        "op": "undefined무선 인터넷 /남/녀 화장실 구분 /제로페이 /",
        "way": "창동역 1번출구(하나로마트방면) 나와서\n\n카페(벤티) 오른쪽 골목으로 50m 직진 후 오늘통닭 건물 2F\n\n서울시 도봉구 마들로11가길 15 콤마빌딩 204호 늘",
        "booking": "",
        "category": "술집",
        "menus": [
            "소고기타다끼",
            "18,000원"
        ],
        "description": "창동역 조용하고 분위기 좋은 요리주점"
    },
    {
        "no": 6,
        "code": 1134911425,
        "images": "https://ldb-phinf.pstatic.net/20230523_84/1684835035589NOuDo_JPEG/4.jpg",
        "name": "막바",
        "adress": "서울 도봉구 창동 667-117",
        "time": null,
        "phone": "0507-1353-6145",
        "op": "undefined예약 /무선 인터넷 /",
        "way": "쌍문역 2번 출구 도보 5분 거리입니다.",
        "booking": "",
        "category": "술집",
        "menus": [
            "베이컨 감자전",
            "19,000원"
        ],
        "description": "막바는 소주를 즐기지 않았던 주인장의 맛있게 알딸딸할 수는 없을까? 라는 고민에서 시작된 전통주 술집입니다.\n\n막걸리부터 약주, 증류주, 과실주 등 주인장이 깐깐하게 고른 50~70 여종의 전통주가 있지요.\n\n다양한 맛과 향의 술들을 음미하며 나만의 술 취향을 알아갈 수 있고 낮은 도수부터 높은 도수까지 있어서 주당부터 알쓰까지 자기 주량에 맞게 모두가 적당히 취해가며 즐거운 시간을 보낼 수 있습니다.\n\n전통주 포장은 15% 할인 해드립니다. 다채로운 우리 술, 집에서도 즐겨보세요. 주인장이 홈파티, 혼술, 선물 등 상황에 어울리는 술 추천 해드립니다.\n\n감사합니다."
    },
    {
        "no": 7,
        "code": 1261588163,
        "images": "https://ldb-phinf.pstatic.net/20210311_245/1615436030611SkgaB_JPEG/olMD6ViaaTHdnXWZsarHLER7.jpeg.jpg",
        "name": "기름냄새",
        "adress": "서울 도봉구 쌍문동 672 1층 기름냄새",
        "time": "토요일 16:00~01:00 일요일휴무 | 금요일 16:00~01:00 | 목요일 16:00~01:00 | 수요일 16:00~01:00 | 화요일 16:00~01:00 | 월요일 16:00~01:00",
        "phone": "0507-1315-8953",
        "op": "undefined주차 /무선 인터넷 /남/녀 화장실 구분 /",
        "way": "엘지베스트샵 골목으로 쭉들어와서 커피숍에서 좌회전 해서 조금만 걸어오시면 왼편에 위치해있습니다",
        "booking": "https://booking.naver.com/booking/6/bizes/528271",
        "category": "술집",
        "menus": [
            "냉채소고기",
            "25,000원"
        ],
        "description": "예약제 아닙니다 편하게 오셔도됩니다!\n항상 정직한재료로 친절히 대접하겠습니다.예약진행시 연락없이 늦으실경우 10분경과시 취소될수있음을 안내드립니다\n인스타:oilflavour"
    },
    {
        "no": 8,
        "code": 1760309795,
        "images": "https://ldb-phinf.pstatic.net/20230405_59/1680657887679NSvGV_JPEG/KakaoTalk_20230405_081911839.jpg",
        "name": "주름",
        "adress": "서울 도봉구 방학동 649-56 1층 주름",
        "time": null,
        "phone": "0507-1344-4094",
        "op": "undefined단체석 /포장 /무선 인터넷 /반려동물 동반 /",
        "way": "도봉구 술집, 방학동 술집, 도봉구 데이트 NO.1\n< 주름 > 을 찾아오시는 길은 매우 간단합니다!\n\n대중교통 이용 시 : 방학역(1호선) 1번 출구에서 방학역 사거리까지 직진하신 후 우측 길로 300m 올라오시면 (GS25시 편의점을 지나) 오른쪽으로 오시면 '주름'이 있습니다.\n\n자차 이용 시 : 아쉽게도... 저희가 다 갖췄는데 주차공간을 놓쳤습니다.. 하지만 아쉽지 않은 서비스로 찾아뵙겠습니다!",
        "booking": "",
        "category": "음식점",
        "menus": [
            "해물순두부쫄면탕",
            "변동가격(업주문의)"
        ],
        "description": "조용한 골목길 핫플 장소 신상 술집 <주름>입니다.\n\n방학동 숨은맛집\n방학동 야외술집\n방학동 가볼만한곳\n방학동 분위기맛집\n방학동 단체모임 장소\n\n모든게 완벽한 우리동네 찐 맛집 저희 주름 많은 방문 부탁드립니다"
    },
    {
        "no": 9,
        "code": 1302648406,
        "images": "https://ldb-phinf.pstatic.net/20200307_174/1583558626565jIXMm_JPEG/OjR7tW0t0MmlpRPtV36nPvCL.jpeg.jpg",
        "name": "노말살롱",
        "adress": "서울 도봉구 방학동 703-54",
        "time": "매일 16:00~24:00",
        "phone": "070-8624-3899",
        "op": "undefined단체석 /포장 /배달 /예약 /무선 인터넷 /제로페이 /",
        "way": "버스정류장 '방학남부역' 하차 후 파리바게트 방향 도보 2분\n방학역 3번출구 하차 후 녹산교회 건너편 파리바게트 뒷골목",
        "booking": "",
        "category": "술집",
        "menus": [
            "에그베이컨 피자",
            "15,000원"
        ],
        "description": "다양한 와인과 수제맥주, 소주, 칵테일을 피자,파스타 등의 요리와 함께 편안하게 즐길 수 있는 레스토랑겸 술집입니다."
    },
    {
        "no": 10,
        "code": 1551751721,
        "images": "https://ldb-phinf.pstatic.net/20221212_138/1670837293936L8Iq2_JPEG/%B7%CE%B0%ED.jpg",
        "name": "주접단",
        "adress": "서울 도봉구 쌍문동 88-116 2층(쌍문동) 주접단",
        "time": null,
        "phone": "0507-1382-5787",
        "op": "undefined단체석 /예약 /무선 인터넷 /",
        "way": "쌍문역 3번 출구로 나오셔서 전방 20걸음 파리바게트 2층입니다.",
        "booking": "",
        "category": "술집",
        "menus": [
            "베이비립 스테이크",
            "20,000원"
        ],
        "description": "쌍문에 없던 요리주점 주접단입니다.\n감성적인 요리와 술을 쌍문역에서 만나보세요."
    },
    {
        "no": 11,
        "code": 1834308343,
        "images": "https://ldb-phinf.pstatic.net/20200531_109/1590928206442Smtpx_JPEG/E79IM8MjwLg5mxB7cwxF_q-J.jpg",
        "name": "히읗",
        "adress": "서울 도봉구 쌍문동 103-72 1층",
        "time": "월요일 17:00~00:00 매주 화요일 휴무 | 일요일 17:00~00:00 매주 화요일 휴무 | 토요일 17:00~00:00 매주 화요일 휴무 | 금요일 17:00~00:00 매주 화요일 휴무 | 목요일 17:00~00:00 매주 화요일 휴무 | 수요일 17:00~00:00 매주 화요일 휴무",
        "phone": "0507-1371-0519",
        "op": "undefined제로페이 /",
        "way": "",
        "booking": "",
        "category": "술집",
        "menus": [
            "500cc",
            "4,000원"
        ],
        "description": ""
    },
    {
        "no": 12,
        "code": 1257380695,
        "images": "https://ldb-phinf.pstatic.net/20190304_183/1551679306651850Ye_JPEG/icwwqw0lBfwBzFEG1DX9YTn5.jpg",
        "name": "기린쿠시",
        "adress": "서울 도봉구 쌍문동 103-16 1층 기린쿠시",
        "time": "매일 16:00~02:00 일요일 휴무입니다",
        "phone": "02-999-3031",
        "op": "undefined포장 /무선 인터넷 /남/녀 화장실 구분 /제로페이 /",
        "way": "",
        "booking": "",
        "category": "술집",
        "menus": [
            "25가지종류 꼬치",
            "변동가격(업주문의)"
        ],
        "description": "도봉구 쌍문동에 위치한 감성이자카야 술집\n숯불꼬치구이 전문점 입니다.외에도 일품요리,파스타,돈까스,피자,샐러드 등 다양한 요리가 준비되어 있습니다\n월~~목17:00~~01:00\n금~~토17:00~~02:00\n일요일 휴무입니다."
    },
    {
        "no": 13,
        "code": 1474080524,
        "images": "https://ldb-phinf.pstatic.net/20230331_41/16802506741834YMFU_JPEG/20230326_163126.jpg",
        "name": "요술통",
        "adress": "서울 도봉구 쌍문동 199-13 1층 좌측",
        "time": null,
        "phone": "0507-1339-9421",
        "op": "undefined단체석 /주차 /예약 /무선 인터넷 /남/녀 화장실 구분 /",
        "way": "쌍문금호1차아파트 맞은편 1층입니다.\n\n버스 - 10178번 (도봉구보건소앞방면) 에서 도보 100미터\n버스 - 10215번 (쌍문동 현대,한양아파트방면) 에서 도보 100미터",
        "booking": "",
        "category": "술집",
        "menus": [
            "닭구이 밀쌈",
            "23,000원"
        ],
        "description": "요술통에 오신걸 환영합니다.\n요술통의 뜻은 [요리와 술이 통하는곳] 이에요.\n\n요술통은 사람과 사람이 통하는곳이기도 합니다.\n\n좋은사람과 좋은시간을 함께할수 있게\n매일매일 새롭고 신선한 음식을 맛있게 준비할께요.\n\n맛있는 요리와 술로\n오늘 하루 수고한 당신에게 보상해주세요~"
    },
    {
        "no": 14,
        "code": 1390629712,
        "images": "https://ldb-phinf.pstatic.net/20180620_98/1529494030591uS7jI_JPEG/zSKPd9DilkoyhkC7D40ibwA7.jpg",
        "name": "다이노오또꼬",
        "adress": "서울 도봉구 방학동 692",
        "time": "매일 11:00~15:00 3시부터 5시까지 브레이크타임 | 매일 17:00~01:00",
        "phone": "0507-1305-2986",
        "op": "undefined포장 /배달 /무선 인터넷 /지역화폐 (카드형) /제로페이 /",
        "way": "방학사거리에서 우이동 방면으로 직진하다가 성원 아파트 사거리에서 도깨비시장 방면으로 우회전 하면 가화 노인병원 정문 건너편에 위치해 있습니다.",
        "booking": "https://booking.naver.com/booking/6/bizes/301343",
        "category": "술집",
        "menus": [
            "사나이라멘",
            "7,500원"
        ],
        "description": "다이노오또꼬는 덩치가 큰 사나이로 푸근한 사장님의 퓨전 일식요리를 즐길 수 있는 곳으로 점심에 사나이라멘과 일본식 돈가스와 덮밥을 즐길 수 있는 공간으로 아기자기한 일본식 케릭터와 인형이 인테리어 되어 있으며 밤에는 간단히 일마치고 돌아와 아늑한 분위기에 술한잔 할 수 있는 공간으로 이자까야를 운영하고 있으며 숙성사시미 전골류 생선구이 볶음요리를 판매 하고 있습니다."
    },
    {
        "no": 15,
        "code": 17990023,
        "images": "https://ldb-phinf.pstatic.net/20171130_261/1511977237358fFKJR_JPEG/image.jpg",
        "name": "뚱보냉면",
        "adress": "서울 도봉구 창동 651-51",
        "time": "매일 10:00~21:00 연중무휴",
        "phone": "02-992-9067",
        "op": "undefined단체석 /주차 /포장 /배달 /예약 /무선 인터넷 /남/녀 화장실 구분 /",
        "way": "지하철: 4호선 쌍문역 2번출구, 도봉전화국에서 파리바게트 방향 20M\r\n버스: 쌍문역 정류장에서 2번출구 방향, 도봉전화국에서 파리바게트 방향 20M\r\n자가용(주차) : 서울시 도봉구 창1동 651-51 (도봉로 110길 51)",
        "booking": "",
        "category": "한식",
        "menus": [
            "물냉면",
            "9,000원"
        ],
        "description": "30년이상 한결같이 운영해온 쌍문역 창동 냉면 맛집입니다. 시원하고 맛깔스러운 물냉면 비빔냉면과 함께 김치왕만두,고기왕만두,물만두 또한 일품입니다. 겨울에는 만두육개장과 손떡만두국으로 든든한 한끼 함께 하세요^^\n단체예약(100석) 및 배달 가능합니다.(990-8063,992-9067)"
    },
    {
        "no": 16,
        "code": 19769534,
        "images": "https://ldb-phinf.pstatic.net/20160225_285/14563783689553olU1_JPEG/176175546267539_0.jpg",
        "name": "하누소 창동본점",
        "adress": "서울 도봉구 창동 337-1",
        "time": "매일 11:00~22:00 명절 휴무",
        "phone": "02-900-9800",
        "op": "undefined단체석 /주차 /포장 /예약 /무선 인터넷 /",
        "way": "",
        "booking": "",
        "category": "한식",
        "menus": [
            "한우갈비탕",
            "27,000원"
        ],
        "description": "한우 갈비로 유명한 하누소의 본점입니다. 인사동 외 여러 지역에 분점을 운영하고 있습니다. 한우 왕 양념갈비와 갈비탕이 대표 메뉴이며. 식사 시간에는 번호표를 뽑고 기다린다고 하니, 예약하거나 서둘러 찾는 것이 좋습니다. 갈비탕이나 갈비찜을 포장해 갈 수 있는 테이크아웃 장소도 별도로 마련되어 있습니다."
    },
    {
        "no": 17,
        "code": 11580100,
        "images": "https://ldb-phinf.pstatic.net/20170416_243/1492323891646RvaGg_JPEG/186366555470537_0.jpeg",
        "name": "설담재",
        "adress": "서울 도봉구 창동 715-32",
        "time": "매일 08:30~21:00 주문마감 20:20",
        "phone": "02-998-0202",
        "op": "undefined단체석 /주차 /포장 /배달 /예약 /무선 인터넷 /남/녀 화장실 구분 /지역화폐 (모바일형) /제로페이 /",
        "way": "4호선 쌍문역 1번 출구로 나오셔서 의정부방면 버스로 환승 후 1정거장 이동 도봉구민회관 정류장 하차",
        "booking": "",
        "category": "한식",
        "menus": [
            "소갈비찜",
            "42,000원"
        ],
        "description": "온 가족이 모여서 편히 식사하실수 있는 넓은 홀과 기존 설렁탕집과는 달리 최신식 인테리어로 맛과 서비스를 자랑합니다. 또한 바쁘신 고객님들을 위해 전메뉴 포장 가능하며 한결같은 설렁탕 맛을 유지하며 부드러운 수육과 설렁탕을 함께 맛보실수 있는 설렁탕 정식, 혼자서도 즐길수 있는 1인 소갈비찜정식, 깔끔한 육수로 맛을 낸 설렁탕,곰탕,갈비탕이 주메뉴 입니다."
    },
    {
        "no": 18,
        "code": 17990023,
        "images": "https://ldb-phinf.pstatic.net/20171130_261/1511977237358fFKJR_JPEG/image.jpg",
        "name": "뚱보냉면",
        "adress": "서울 도봉구 창동 651-51",
        "time": "매일 10:00~21:00 연중무휴",
        "phone": "02-992-9067",
        "op": "undefined단체석 /주차 /포장 /배달 /예약 /무선 인터넷 /남/녀 화장실 구분 /",
        "way": "지하철: 4호선 쌍문역 2번출구, 도봉전화국에서 파리바게트 방향 20M\r\n버스: 쌍문역 정류장에서 2번출구 방향, 도봉전화국에서 파리바게트 방향 20M\r\n자가용(주차) : 서울시 도봉구 창1동 651-51 (도봉로 110길 51)",
        "booking": "",
        "category": "한식",
        "menus": [
            "물냉면",
            "9,000원"
        ],
        "description": "30년이상 한결같이 운영해온 쌍문역 창동 냉면 맛집입니다. 시원하고 맛깔스러운 물냉면 비빔냉면과 함께 김치왕만두,고기왕만두,물만두 또한 일품입니다. 겨울에는 만두육개장과 손떡만두국으로 든든한 한끼 함께 하세요^^\n단체예약(100석) 및 배달 가능합니다.(990-8063,992-9067)"
    },
    {
        "no": 19,
        "code": 11718676,
        "images": "https://ldb-phinf.pstatic.net/20230302_240/1677754871791AaDIe_PNG/%C5%C2%B8%B2%BB%EA%C3%A4%C1%A4%BD%C4-%BB%FD%BB%FD%C1%A4%BA%B8%C5%EB.mp4_000563736.png",
        "name": "태림산채정식",
        "adress": "서울 도봉구 쌍문동 141-3 1층",
        "time": "매일 11:00~21:00 Break time 15:00 ~ 17:00 Last order 20:00",
        "phone": "02-998-5468",
        "op": "undefined단체석 /주차 /포장 /예약 /무선 인터넷 /제로페이 /",
        "way": "4호선 쌍문역 4번 출구에서 도보 1분거리",
        "booking": "",
        "category": "음식점",
        "menus": [
            "태림특정식",
            "30,000원"
        ],
        "description": "1997년 오픈, 27년 전통의 쌍문동 숨은 맛집,\n자랑스러운 한국음식점 태림산채정식입니다.\n맛과 건강이라는 두가지 요소를 모두 만족시켜주는 현대인을 위한 웰빙 맛집으로서,\n항상 청결하고 정성스러운 건강 식단으로\n제공할것을 약속합니다."
    },
    {
        "no": 20,
        "code": 1200365138,
        "images": "https://ldb-phinf.pstatic.net/20230221_182/1676966157365qVVNE_JPEG/4.jpg",
        "name": "삼돌멸치쌈밥",
        "adress": "서울 도봉구 도봉동 281-11 삼돌멸치쌈밥",
        "time": null,
        "phone": "02-955-0701",
        "way": "안녕하세요 도봉산역 맛집 삼돌 멸치쌈밥은\n서울특별시 도봉구 도봉산4나길 6-10에 위치하고 있습니다.\n\n도봉산역 1번출구에서 300m 가량, 도보 3분거리,\n서울 창포원에서 도보 10분거리,\n도봉역 1번 출구에서 도보 13분거리에 위치하고 있습니다.",
        "booking": "",
        "category": "음식점",
        "menus": [
            "멸치 쌈밥 정식 (2인이상)",
            "22,000원"
        ],
        "description": "안녕하세요 도봉구 도봉산 맛집 삼돌 멸치쌈밥 입니다.\n저희는 남해에서 잡히는 신선한 멸치를 매일 직접 공수하고 있습니다.\n저희 삼돌 멸치쌈밥에서는\n엄선된 아주 신선한 멸치로 만들어낸 다양한 요리를 맛볼 수 있습니다.\n쌀은 공기가 맑고 바람이 시원하여 벼가 정말 튼튼하게 자라 쌀의 윤기가 유독 찰지고 그 맛이 훌륭하여 강원도 철원 오대쌀만을 고집하여 사용하며,\n\n멸치는 남해에서 직접 잡히는 멸치만을 고집하여 공수합니다.\n\n재료의 목숨을 건다!\n\n기름값 아껴 멀리 갈 필요없이 멸치요리 삼돌에서 즐겨보세요"
    },
    {
        "no": 21,
        "code": 1031670347,
        "images": "https://ldb-phinf.pstatic.net/20180521_105/15268681853275NpzO_JPEG/3-OD1CrS5fflMs9MY7655zCG.jpg",
        "name": "면장우동",
        "adress": "서울 도봉구 창동 659-1",
        "time": "매일 11:30~21:30 브레이크타임 15~17시 | 월요일 휴무 마지막 주문 pm8:30",
        "phone": "070-4115-1115",
        "op": "undefined포장 /무선 인터넷 /지역화폐 (카드형) /제로페이 /",
        "way": "",
        "booking": "",
        "category": "일식",
        "menus": [
            "치쿠타마텐 붓가께 (차가운 우동)",
            "13,000원"
        ],
        "description": "면장우동은 일본정통우동을 고수하고 있는 일식우동집입니다.\n다양한 우동의 세계로 초대해드리겠습니다."
    },
    {
        "no": 22,
        "code": 1203098375,
        "images": "https://ldb-phinf.pstatic.net/20230627_33/1687840555757OtWJf_JPEG/%C1%A6%B8%F1_%BE%F8%C0%BD-1.jpg",
        "name": "국제식당",
        "adress": "서울 도봉구 방학동 719-3 1층 104호",
        "time": "매일 16:00~02:00 연중무휴",
        "phone": "0507-1313-6042",
        "op": "undefined단체석 /주차 /예약 /무선 인터넷 /남/녀 화장실 구분 /",
        "way": "지하철 1호선인 서울 도봉구 방학역 2번출구로 나와 직진하다가 굴다리 사거리에서 우회전으로 꺾어 렉시온프라자 1층 (도보로 2분) / (구)대성한우곱창",
        "booking": "",
        "category": "한식",
        "menus": [
            "꽃삼겹살(150g)",
            "9,500원"
        ],
        "description": "서울 도봉구 방학동에 위치한 국제식당입니다!!\n\n저희 국제식당 대표메뉴 꽃삼겹살!!\n\n차별화된 맛을 위해 삼겹살에 칼집을 넣은 꽃삼겹살!!\n더욱 더 부드러운 식감을 맛보실수 있고, 마찬가지로 칼집을 넣어\n일반 목살보다 더욱 더 부드러운 꽃목살도 맛 보실 수 있습니다!!\n\n그 외에 다양한 메뉴도 준비되어있습니다!!\n\n정직한 가격으로 정직한 음식을 제공하겠습니다!!\n\n수많은 시간을 연구하여 최상의 맛과 서비스를 손님들에게 제공하기 위해서 달려왔습니다!!\n\n후회없는 한끼를 드리기 위해 오늘도 최선을 다하겠습니다!!\n\n감사합니다 ^.^"
    },
    {
        "no": 23,
        "code": 19877511,
        "images": "https://ldb-phinf.pstatic.net/20201129_218/1606653327423t71k3_JPEG/S_3D179YPUSz_6U2x5m78bh8.jpg",
        "name": "무수옥",
        "adress": "서울 도봉구 도봉동 600-4 무수옥",
        "time": "일요일 09:00~21:00 브레이크타임 (pm3:00~pm4:00) | 평일 10:00~22:00 브레이크타임 (pm3:00~pm4:00) | 토요일 10:00~22:00 브레이크타임 (pm3:00~pm4:00)",
        "phone": "0507-1423-6292",
        "op": "undefined단체석 /주차 /포장 /예약 /남/녀 화장실 구분 /제로페이 /",
        "way": "1호선 도봉역 2번출구로 나오셔서 횡단보도 건너신후 편의점 골목으로 쭉 100m 정도 들어오시면 전방 왼쪽에 있습니다.",
        "booking": "",
        "category": "한식",
        "menus": [
            "한우암소생등심 180g",
            "48,000원"
        ],
        "description": "안녕하세요. 무수옥입니다. 무수옥 예약은 생등심만 가능하십니다. 육회,수육,설렁탕 등은 예약이 불가하오니 이점 양해 부탁드립니다."
    },
    {
        "no": 24,
        "code": 35288309,
        "images": "https://ldb-phinf.pstatic.net/20190618_283/1560826124920VScD8_JPEG/gFnZgqFmDC6kY1y1n92QIZ1U.jpg",
        "name": "향원",
        "adress": "서울 도봉구 창동 596-19",
        "time": "매일 10:00~21:00 | 수요일 휴무",
        "phone": "0507-1362-7676",
        "op": "undefined단체석 /예약 /무선 인터넷 /남/녀 화장실 구분 /",
        "way": "창2동주민센타 옆 공영주차장4 입구",
        "booking": "",
        "category": "중식",
        "menus": [
            "짜장면",
            "2,000원"
        ],
        "description": "안녕하십니까. \n중화요리 전문점 향원입니다.\n\n향원에 방문해주시고 이용해주시는 고객님께 감사인사 올립니다\n저희 향원은 신선하고 깨끗한재료와 청결한 관리로 안전하고 차별화된 맛을 추구하는\n고객님의 건강지킴이로서 최선을 다 하겠습니다\n짜장면2000원에 매장에서 모시겠습니다\n\n중화요리가 확 땡길땐 향원.^^\n믿고 찾아 주시는 모든 고객분께 정성을 다하는 향원!!\n\n-향원 임직원일동_"
    }
]