[
    {
        "no": 0,
        "code": 1315589122,
        "images": "https://ldb-phinf.pstatic.net/20230615_140/1686836380647f8YIX_JPEG/KakaoTalk_20230614_233948009_11.jpg",
        "name": "대낚식당",
        "adress": "서울 성동구 성수동2가 321-66 1층 대낚식당",
        "time": "월요일 휴무 / 매월 3째주 일요일 정기휴무 | 평일 11:30~22:00 ✨브레이크타임 15:00~17:30✨21:00 마지막주문🚨🚨🚨(토요일,일요일/공휴일 15:00 오픈! 브레이크타임 없어요🖤)",
        "phone": "0507-1377-5573",
        "op": "undefined포장 /배달 /제로페이 /",
        "way": "",
        "booking": "",
        "category": "음식점",
        "menus": [
            "곱도리탕",
            "29,000원"
        ],
        "description": "생활의달인 665회 대창덮밥 달인\n밥블레스유 49회 이영자 맛집\n수요미식회 217회 곱도리탕 맛집\n생생정보통 1007회 곱도리탕 대창덮밥 맛집\n-평일 3시~5시30분 브레이크타임-\n주차,예약 불가\n곱도리탕&대창덮밥 콜라보의 원조 맛집\n직장인들의 든든한 한끼 5종 덮밥\n대낙덮밥,항정살덮밥,갈비덮밥,삼낙덮밥"
    },
    {
        "no": 1,
        "code": 1615377541,
        "images": "https://ldb-phinf.pstatic.net/20230206_163/1675662429693oAl3q_JPEG/20230120_143222.jpg",
        "name": "카페하인나",
        "adress": "서울 동대문구 답십리동 267-2 1층",
        "time": null,
        "phone": "0507-1324-7194",
        "op": "undefined단체석 /포장 /배달 /무선 인터넷 /반려동물 동반 /남/녀 화장실 구분 /제로페이 /",
        "way": "답십리 현대시장 맞은 편, 답십리초등학교부근",
        "booking": "",
        "category": "음식점",
        "menus": [
            "생망고빙수(태국골드망고)",
            "변동가격(업주문의)"
        ],
        "description": "안녕하세요^^ 답십리에 위치한 카페하인나입니다. 저희 하인나에선 스페셜생두만을 엄선하여 직접 로스팅하며 빙수얼음 또한 1등급우유100%로로 직접 만들고 있습니다. 가게 입구에서 보이는것보다 안쪽으로 좌석이 많습니다.실평수 50평이상이며 잔디밭 테라스도 있어요"
    },
    {
        "no": 2,
        "code": 81033019,
        "images": "https://ldb-phinf.pstatic.net/20230427_109/1682592618184Dq3vv_JPEG/BCCC31D0-C895-49CD-BD38-BBEF9084866E.jpeg",
        "name": "너디블루",
        "adress": "서울 동대문구 전농동 103-312 1층, 2층 너디블루",
        "time": "평일 12:30~23:30 | 주말 11:30~23:30",
        "phone": "0507-1421-1310",
        "op": "undefined단체석 /주차 /포장 /배달 /무선 인터넷 /반려동물 동반 /제로페이 /",
        "way": "대중교통 이용시\n\n1. 청량리역 4번 출구에서 나와 환승센터 승강장에서 시립대 방향으로 가는 (420, 720, 121, 3216) 버스를 타고 두 정거장 와서 '떡전교 앞'에서 하차하면 길 건너 GS25 골목 바로 안에 위치하고 있습니다.\n\n주차 : 전농로 36길 9, 너디블루 본관 앞에 최대 2대 주차 가능하며, 6시 이후에는 최대 4대 까지 주차 가능하오니, 사전에 매장으로 문의 부탁 드립니다!\n\n너디블루는 본관 1,2층 건너편 '노바디앳홈' 으로 이루어져 있고, 날이 좋은 날에는 2층 테라스도 이용 가능 합니다.",
        "booking": "",
        "category": "음식점",
        "menus": [
            "콜드브루",
            "4,000원"
        ],
        "description": "너디블루는 멋진 음악을 들으며, 자유롭게 시간을 보낼 수 있는 카페로,\n\n청량리에서 나고 자라고, 머무르고, 지나치는 이들 누구에게나 열려 있습니다.\n\n1. 너디블루는 청량리역과 시립대 떡전교 골목길에 자리하고 있습니다.\n\n2. 조용한 골목길에서 매월 업데이트 되는 멋진 음악 플레이리스트를 즐기며, 자유로운 시간을 보낼 수 있기를 희망합니다.\n\n3. 1층과 2층 그리고 집중을 위한 비밀 공간 '노바디앳홈' 까지, 오래도록 모아둔 소품들과 편안한 자리를 마련해 두었습니다. 멋진 시간을 보내주세요!\n\n4. 직접 선별해서 로스팅한 원두로 내린 콜드브루, 이와 잘 어울리는 직접 만들고 구운 디저트도 준비해두었습니다.\n\n5. 어둑해지는 시간부터 보이는 하이볼과 칵테일, 맥주도 신나게 즐겨주세요!! (낮에도 주문 가능)\n\n6. 우리의 착한 해그리드가 만든 '해리포터 케이크'도 커스텀 제작 가능하니, 사랑하는 이들에게 착한 해그리드의 마음을 전해보세요! (스마트스토어에서 사전 주문 가능)\n\n오늘은 너디블루에서 누구의 신경도 쓰지 않고, 나만의 시간을 멋지게 채울 수 있기를,\n\n너디크루 모두가 잘 준비하고 있겠습니다.\n\nNothing must do, stay nerdy"
    },
    {
        "no": 3,
        "code": 1095717187,
        "images": "https://ldb-phinf.pstatic.net/20230704_80/16884418263164J04o_JPEG/IMG_20230624_145635_423.jpg",
        "name": "헤이림",
        "adress": "서울 동대문구 용두동 38-20 1층",
        "time": "평일 09:00~22:00 | 주말 10:00~22:00",
        "phone": "0507-1308-1497",
        "op": "undefined단체석 /포장 /예약 /무선 인터넷 /반려동물 동반 /제로페이 /",
        "way": "(도보)용두역 2번출구 '엘 동물병원' 옆 골목\n(차량)래미안허브리츠 후문 방향에서 만보당한의원 옆 골목",
        "booking": "",
        "category": "음식점",
        "menus": [
            "하이볼",
            "8,500원"
        ],
        "description": "카페림의 새로운 이름, 헤이림(Hey,lim)입니다."
    },
    {
        "no": 4,
        "code": 1431249739,
        "images": "https://ldb-phinf.pstatic.net/20201108_44/1604825769003wuas7_JPEG/pYCTks08K356Srii-2Xan95-.jpeg.jpg",
        "name": "한시십일분",
        "adress": "서울 동대문구 휘경동 267-84",
        "time": "평일 13:00~23:00 월요일 휴무 | 주말 13:00~23:00",
        "phone": "010-4669-4888",
        "op": "undefined단체석 /",
        "way": "회기역 2번출구 웨딩헤너스 건너편 건물 지하1층입니다.\n삼육병원과 가까워요.",
        "booking": "",
        "category": "음식점",
        "menus": [
            "아메리카노",
            "4,000원"
        ],
        "description": "cafe am1:11은 새벽녘 따뜻한 조명 아래에서 일기를 끄적이거나 책을 읽는 순간과 같은 혼자만의 시간을 함께 나누고자 만든 공간입니다.\n아늑하고 포근한 공간을 위해 모든 순간, 모든 요소에 저희 손길로 진심을 담아 꾸린 공간입니다.\n.\n.\n.모든 음료는 테이크아웃시 1000원 할인됩니다.\n.모든 테이블에 콘센트가 마련되어 있습니다."
    },
    {
        "no": 5,
        "code": 1055214024,
        "images": "https://ldb-phinf.pstatic.net/20190802_143/1564672901331kHVLf_JPEG/HZCEiY1LciVU7X-R4Lvo2uR6.jpg",
        "name": "꽃술",
        "adress": "서울 동대문구 회기동 42-34 1층",
        "time": "매일 17:00~05:00 일요일 휴무",
        "phone": "0507-1330-7530",
        "way": "경희대 한신포차를 끼고 골목으로 100m 들어오시면 우측에 꽃술이 있습니다 :)",
        "booking": "",
        "category": "술집",
        "menus": [
            "온천샤브",
            "19,000원"
        ],
        "description": "술집을 찾으시는 고객님들의 니즈를 모두 모아 이 곳에 마련했습니다.\n음식에 진심인 술매니아가 만들어 낸 매장 ' 꽃술 ' 한번 방문해보세요:)"
    },
    {
        "no": 6,
        "code": 1968521178,
        "images": "https://ldb-phinf.pstatic.net/20230609_62/1686289567667UYhF6_JPEG/810EC64E-D91F-4353-9C71-1990D482C462.jpeg",
        "name": "장안라운지",
        "adress": "서울 동대문구 장안동 432-4 2층",
        "time": "토요일 16:00~05:00 | 목요일 16:00~05:00 | 금요일 16:00~05:00 | 수요일 16:00~05:00 | 화요일 16:00~05:00 | 월요일 16:00~05:00 | 일요일 16:00~04:00",
        "phone": "0507-1326-2074",
        "op": "undefined단체석 /주차 /포장 /배달 /예약 /무선 인터넷 /반려동물 동반 /유아시설 (놀이방) /남/녀 화장실 구분 /장애인 편의시설 /",
        "way": "1.장한평역에서 내렸을때 2번출구로 나오셔서 신호등 왼쪽으로 보시면 2층에 장안라운지라고 간판 보이실겁니다.\n엘레베이터를 타셔도 되구요 비상계단으로 올라오시면 더 빠르게 올라오실수 있습니다.\n-\n2.장안사거리에서 오시는 분들은 장한평역 앞 신호등 에서 내리셔서 오른쪽 골목으로 보시면 2층에 장안라운지 라는 간판이 보이실겁니다.\n-\n3.차를 가지고 오시는 분들은 저희 건물에 주차 타워가 있어서 타워에 넣으시면 될거 같습니다.\nsuv 까지 들어가지만 만차 일경우 전화한번 주세요\n주차권는 무료 입니다.",
        "booking": "https://booking.naver.com/booking/6/bizes/534423",
        "category": "술집",
        "menus": [
            "한상꼬막비빔밥 런치",
            "10,000원"
        ],
        "description": "< < < 수제로 만드는 한식 / 양식 25가지 메뉴들 > > >\n# 파스타맛집 # 장안동맛집 [ 장안라운지 ] 입니다.\n\n[ 당일 공수 ]한 >신선한 야채< 를 사용합니다.\n[ 당일 공수 ]한 >최상급 해물< 을 사용합니다.\n[ 15년 노하우 ]가 담긴 >비법 소스< 를 사용합니다.\n\nNo 기성품! 수제로 만드는 < 프리미엄 파스타 >입니다,\n\n@ 곱도리탕 @\n\n[ 2년간 연구 ]해 개발한 >비법 소스< 를 사용합니다.\n[ 월계수잎에 삶은 ] 신선한 >국내산 생닭< 을 사용합니다.\n[ 마장동 ]에서 공수한 최상급 >한우 대창< 을 사용합니다.\n\nNo 수입산! < 국내산 생닭과 대창 >으로 만드는 탕입니다.\n\n@ 피자 @\n\n[ 이태리 고급 치즈 ]로 만든 바삭한 도우의 피자입니다.\n\n언제든지 편하게 들러주세요! 찾아주셔서 진심으로 감사합니다:)"
    },
    {
        "no": 7,
        "code": 1952948885,
        "images": "https://ldb-phinf.pstatic.net/20211120_107/1637351258907g1Wba_JPEG/KakaoTalk_20210206_223018535.jpg",
        "name": "빅문",
        "adress": "서울 동대문구 회기동 62-1 지하층",
        "time": "평일 18:00~01:00",
        "phone": "0507-1383-0029",
        "op": "undefined단체석 /포장 /배달 /예약 /무선 인터넷 /제로페이 /",
        "way": "1. 회기역 1번 출구에서 경희대방향으로 직진\n2. 삼구포차가 있는 곳으로 횡단보도를 건너서 경희대 방향으로 직진\n3. 직진하면 리드스트릿이 보이면 정지\n4. 골목족발 맞은 편 지하 1층 빅문",
        "booking": "",
        "category": "술집",
        "menus": [
            "감바스파스타",
            "12,000원"
        ],
        "description": "콘크리트 밖에 없던 곳에 청년의 젊음을 담다.\n\n젊을 때 밖에 할 수 없는 일을 하기 위해서\n죽기 전까지 잊지 못할 추억을 남기기 위해서\n자신과 남을 속이지 않고 공정하고 경쟁하기 위해서\n\n2019년 회기동 작은 지하, 콘크리트 밖에 없던 공간에\n각자 재능 많은 청년들의 꿈과 재능들을 담으며\n'빅뱅에서 문명까지' 를 만들었습니다.\n\n빅문은 그저 맥주와 음식을 파는 곳이 아닌\n한 청년의 꿈과 재능을 담아내는 공간입니다.\n\n그리고 이 곳에는 자기 시간을 내어주며\n도와줬던 수 많은 청년들의 꿈들도 함께 담겨있습니다.\n앞으로도 더 많은 청년들의 꿈을 담아낼 수 있도록 하겠습니다.\n감사합니다.\n_\n빅문을 처음 만들 때 3가지 약속을 했습니다.\n잊지 않고 꾸준히 열심히 하도록 하겠습니다.\n\n하나.\n본인 스스로와 다른 사람들을 속이지 않으며\n공정하고 올바른 과정을 통해서만 경쟁한다.\n\n둘.\n본인은 본인이 가진 분야에서 최고 전문가가\n되기 위해서 항상 노력하고 고민한다.\n\n셋.\n다른 청년들의 꿈을 응원하고 도움 줄 수 있도록\n빅문의 일부 수익금은 장학금으로 기부한다.\n\n2019 Kyung Hee University 108 ROTC Support\n2019 Kyung Hee University Support\n2020 Kyung Hee University Support\n2021 Kyung Hee University Dance Project Support\n2022 BIGMOON X Vecerwhere Kyung Hee University STARTUP Center Support"
    },
    {
        "no": 8,
        "code": 1309916363,
        "images": "https://ldb-phinf.pstatic.net/20220822_275/166113001611942xpl_JPEG/9D76A085-6C39-4AA2-B683-3FD57FAC6185.jpeg",
        "name": "부오상회",
        "adress": "서울 동대문구 신설동 396-11 1,2층",
        "time": "토요일 17:00~01:00 | 금요일 17:00~01:00 | 목요일 17:00~01:00 | 수요일 17:00~01:00 | 화요일 17:00~01:00 | 월요일 17:00~01:00",
        "phone": "0507-1318-5818",
        "op": "undefined단체석 /주차 /포장 /예약 /무선 인터넷 /",
        "way": "신설동역 3번출구 도보 2~3분\n(밖에 안걸림)\n신설동역 3번출구에서 앞에보이는 스타벅스 골목으로 드루와 골목끝까지 나온다음 옆 GS편의점끼고 앞으로 쭉 대략 30M쯤 자리잡고 있습니다\n\n혹은 1번출구로 나온경우\n메가커피와 경찰서 사이 큰 골목으로 드루와 그냥 미친듯이 앞만보고 걸으면\n대략 80M앞에 자리잡고 있습니다\n\n어머니대성집에서 도보 2~3분\n(밖에 안걸림)",
        "booking": "",
        "category": "술집",
        "menus": [
            "기가맥혀‘낙지보쌈삼합",
            "39,000원"
        ],
        "description": "새벽 3시까지 영업하는\n심야식당입니다.\n모임 회식하기 좋은 공간도(2층)준비 되어있구요, 맛있는 안주가 한가득\n(지극히 객관적인 손님들의 리뷰인증)\n갬성있는 인테리어 친절한 직원들 !!\n내부에 자리잡은 깨끗한 화장실까지\n안 온 사람은 있어도 한번만 온 사람은 없다는 바로 그 곳 입니다!!\n부오상회에서 뵐께요^^"
    },
    {
        "no": 9,
        "code": 1050979600,
        "images": "https://ldb-phinf.pstatic.net/20200524_149/1590303514486Sm4f9_JPEG/u9uCvVopSjYtW3Rk31spoQxi.jpeg.jpg",
        "name": "청량회관",
        "adress": "서울 동대문구 전농동 152-11 지하 1층 (LS타워, 도석프라자)",
        "time": "매일 17:00~00:00 일요일 휴무",
        "phone": "0507-1341-0831",
        "op": "undefined단체석 /포장 /예약 /무선 인터넷 /반려동물 동반 /제로페이 /",
        "way": "서울시립대학교 앞에 위치한 이디야커피+세븐일레븐 건물의 지하1층 입니다.\n\n(엘리베이터/계단 사용 불가)\n해당건물 주차장 쪽으로 걸어 내려오시면 됩니다.\n주차는 약 2-3대 가능합니다.",
        "booking": "https://booking.naver.com/booking/6/bizes/588542",
        "category": "술집",
        "menus": [
            "참치한상(혼마구로)",
            "60,000원"
        ],
        "description": "맛있는 음식과 술 그리고 좋은 음악이 있는,\n손님들과 소통이 이루어지는 작은 공간입니다.\n방문에 후회 없이 만족도를 드리기 위해 항상 노력하겠습니다! 감사합니다^^\n\n추신: 매주 일요일 고정휴무 입니다.\n스마트플레이스에 휴무공지 드리오니 이용에 참고 부탁드립니다^^"
    },
    {
        "no": 10,
        "code": 1129245116,
        "images": "https://ldb-phinf.pstatic.net/20220923_74/1663929279931PToWw_JPEG/46F33DC5-6B89-4580-AE52-334FA5835F23.jpeg",
        "name": "오뚝",
        "adress": "서울 동대문구 회기동 62-6 1층",
        "time": "일요일 17:00~22:00 | 매일 17:00~22:00 | 일요일 17:00~22:01 | 매일 17:00~22:01",
        "phone": "02-960-6680",
        "op": "undefined주차 /예약 /제로페이 /",
        "way": "회기힐스테이트 입구 앞",
        "booking": "",
        "category": "술집",
        "menus": [
            "새우로제뽕",
            "23,000원"
        ],
        "description": "안녕하세요 오뚝입니다.\n저희 매장은 한식을 기반으로한 무국적 요리주점입니다. 다양한 주류(전통주,와인,막걸리)와 그에 어울리는 다양한 음식을 판매하는 곳입니다. 많은 관심 부탁드립니다~\n저녁 6시이후 영업중에는 전화을 받기 어렵습니다 이점 이해 부탁드립니다."
    },
    {
        "no": 11,
        "code": 1015685446,
        "images": "https://ldb-phinf.pstatic.net/20201219_221/16083644074227kxer_JPEG/xxEmP1_7-Xsufhfd3-lfvnXL.jpeg.jpg",
        "name": "명동이발관",
        "adress": "서울 동대문구 전농동 103-88 1층",
        "time": "수요일 18:00~01:00 라스트오더 24:00 | 목요일 18:00~01:00 라스트오더 24:00 | 화요일 18:00~01:00 라스트오더 24:00 | 금요일 18:00~01:00 라스트오더 24:00 | 월요일 18:00~01:00 라스트오더 24:00 | 토요일 17:00~01:00 라스트오더 24:00 | 일요일 17:00~22:00 라스트오더 21:00",
        "phone": "0507-1481-3020",
        "op": "undefined무선 인터넷 /지역화폐 (모바일형) /제로페이 /",
        "way": "",
        "booking": "",
        "category": "술집",
        "menus": [
            "킨타로",
            "90,000원"
        ],
        "description": "서울시립대 정문 인근 골목에 위치한 작은 술집, 명동이발관입니다.\n 문을 열고 들어오는 순간부터 바쁜 일상은 잠시 잊고\n 명동이발관과 함께하는 짧은 여행은 어떠세요?"
    },
    {
        "no": 12,
        "code": 36802619,
        "images": "",
        "name": "공원분식포차",
        "adress": "서울 동대문구 전농동 295-144",
        "time": "매일 16:00~02:00 | 일요일 16:00~01:00",
        "phone": "010-8244-1798",
        "op": "undefined단체석 /포장 /예약 /남/녀 화장실 구분 /",
        "way": "답십리역 4번출구에서 직진 - 답십리역 사거리에서 좌측으로 운행하는 버스(2221, 3216)를 타고 4정거장(전농우체국 정류장) 하차 - 길 건너편 우체국 골목\r\n십답역 1번출구 - 버스(2015)탑승 - 3정거장(대한노인회동대문구지회) 하차 - 버스 방향으로 걸어오시다 우회전 - 우체국 골목(5분거리)",
        "booking": "",
        "category": "술집",
        "menus": [
            "짐빔하이볼(+얼그레이)",
            "7,000원"
        ],
        "description": "답십리 접수하고 전농동으로 확장이전 했습니다.\r\n퀄리티 보장, 맛 보장, 가격 보장."
    },
    {
        "no": 13,
        "code": 1875756148,
        "images": "https://ldb-phinf.pstatic.net/20211107_50/1636270981971hfHCS_JPEG/g-yINxmvwJSyyaArOou8-fOp.jpeg.jpg",
        "name": "화야",
        "adress": "서울 동대문구 전농동 582-3 1층",
        "time": "토요일 17:00~02:30 | 금요일 17:00~02:30 | 목요일 17:00~02:30 | 수요일 17:00~02:30 | 화요일 17:00~02:30 | 월요일 17:00~02:30",
        "phone": "0507-1367-7367",
        "op": "undefined단체석 /포장 /예약 /무선 인터넷 /제로페이 /",
        "way": "청량리역 경의중앙선 3번출구 도보 5분\n동대문05번 마을버스 청량리소화물취급소 앞 10m\n시립대사거리에서 도보 7분",
        "booking": "",
        "category": "술집",
        "menus": [
            "얼그레이하이볼",
            "5,000원"
        ],
        "description": "17:00-02:00 정상 영업 중입니다\n\n<청량리역,전농동,시립대 인근 아담한 감성포차>\n\n조용한 분위기, 정성가득한 수제요리를 즐기면서\n오늘 저녁도 화야에서 함께해요 :D\n\n-꽃이피는밤, 화야-"
    },
    {
        "no": 14,
        "code": 1005819918,
        "images": "https://ldb-phinf.pstatic.net/20220724_197/1658656112766mu7hg_JPEG/SeEvqliQ-5dqum9QAh-k1kGe.jpg",
        "name": "후루사토",
        "adress": "서울 동대문구 휘경동 294-165",
        "time": "월요일 휴무 | 토요일 17:00~02:00 11월부터 적용되는 영업시간입니다 | 금요일 17:00~02:00 11월부터 적용되는 영업시간입니다 | 목요일 17:00~02:00 11월부터 적용되는 영업시간입니다 | 수요일 17:00~02:00 11월부터 적용되는 영업시간입니다 | 화요일 17:00~02:00 11월부터 적용되는 영업시간입니다 | 일요일 17:00~02:00 11월부터 적용되는 영업시간입니다",
        "phone": "0507-1314-8563",
        "way": "",
        "booking": "",
        "category": "술집",
        "menus": [
            "야키토리",
            "2,000원"
        ],
        "description": "시립대 후문 이자카야 후루사토 입니다"
    },
    {
        "no": 15,
        "code": 37278353,
        "images": "https://ldb-phinf.pstatic.net/20160125_90/1453697196026Ay2Xq_JPEG/176075537654883_0.jpeg",
        "name": "신락원",
        "adress": "서울 동대문구 전농동 60-32",
        "time": "매일 11:30~22:00 | 매일 15:00~17:00 브레이크 타임 | 월요일 휴무",
        "phone": "02-2244-0008",
        "op": "undefined단체석 /포장 /예약 /무선 인터넷 /남/녀 화장실 구분 /",
        "way": "지하철 청량리역 4번 출구에서 720, 420, 3220 버스를 이용하여 서울시동부교육지원청, 해성국제컨벤션고교에서 하차 \r\n후 전농사거리 방면 도보로 10m이동",
        "booking": "",
        "category": "음식점",
        "menus": [
            "유니자장면",
            "7,000원"
        ],
        "description": "Since 1965년 50년의 역사가 있는 3대가 이은 전통 중화요리, 대통령 중식 담당 조리사, 세계요리대회 금상, 5성급 호텔 중식 담당,\n중화요리 대가 왕기명 셰프의 전통 중화요리 신락원"
    },
    {
        "no": 16,
        "code": 20601121,
        "images": "https://ldb-phinf.pstatic.net/20200620_186/1592658761465glqkw_JPEG/NTl6HEtqFB1Qg8mvCvb4m5e1.jpg",
        "name": "성천 막국수",
        "adress": "서울 동대문구 답십리동 33-28",
        "time": "평일 11:30~21:00 브레이크타임:15:00~17:00 | 일요일 휴무 국경일,토요일 정상 영업",
        "phone": "0507-1329-5529",
        "op": "undefined남/녀 화장실 구분 /제로페이 /",
        "way": "주차장 이용안내\n답십리2동 265-5 대로변 (조은할인마트 옆)\n주차증 지참시 30분 무료 (주차증에 도장 찍어드립니다)",
        "booking": "",
        "category": "한식",
        "menus": [
            "제육",
            "13,000원"
        ],
        "description": "주차장 이용안내\n답십리2동 265-5 대로변 (조은할인마트 옆)\n주차증 지참시 30분 무료 (주차증에 도장 찍어드립니다)"
    },
    {
        "no": 17,
        "code": 19885742,
        "images": "https://ldb-phinf.pstatic.net/20150831_192/1441021540190MzVrF_JPEG/SUBMIT_1363331407143_19885742.jpg",
        "name": "홍능갈비집본점",
        "adress": "서울 동대문구 청량리동 520-14",
        "time": "매일 11:30~21:30 추석, 설날 당일 하루 휴무",
        "phone": "02-966-0420",
        "op": "undefined단체석 /주차 /예약 /",
        "way": "",
        "booking": "",
        "category": "한식",
        "menus": [
            "한우 생갈비",
            "90,000원"
        ],
        "description": ""
    },
    {
        "no": 18,
        "code": 36615008,
        "images": "https://ldb-phinf.pstatic.net/20211208_67/16389282338166PIRv_JPEG/%B0%E8%B4%DC.jpg",
        "name": "초우마을",
        "adress": "서울 동대문구 휘경동 329 2층 초우마을",
        "time": "매일 10:00~23:00",
        "phone": "02-957-2266",
        "op": "undefined단체석 /주차 /예약 /남/녀 화장실 구분 /",
        "way": "회기역 1번출구 140m 회기역 사거리 파전골목입구 입니다.",
        "booking": "",
        "category": "한식",
        "menus": [
            "한우살치살A+(150g)",
            "49,000원"
        ],
        "description": "회기역을 대표하는 회식장소, 가족모임, 단체룸, 프라이빗한 공간이 마련되어있습니다.\n한우, 소한마리, 식사류 준비되어있습니다."
    },
    {
        "no": 19,
        "code": 11623967,
        "images": "https://ldb-phinf.pstatic.net/20150831_258/1441007531370Jcv4F_GIF/11623967_0.gif",
        "name": "어머니대성집",
        "adress": "서울 동대문구 용두동 232-26",
        "time": "토요일 18:00~15:00 준비시간 15:00~18:00 | 금요일 18:00~15:00 준비시간 15:00~18:00 | 목요일 18:00~15:00 준비시간 15:00~18:00 | 수요일 18:00~15:00 준비시간 15:00~18:00 | 화요일 18:00~15:00 준비시간 15:00~18:00 | 월요일 18:00~15:00 준비시간 15:00~18:00 | 평일 18:00~15:00 준비시간 15:00~18:00 | 일요일 00:00~15:00",
        "phone": "02-923-1718",
        "op": "undefined주차 /예약 /",
        "way": "신설동역 3번 출구에서 제기역 방면 250미터",
        "booking": "",
        "category": "음식점",
        "menus": [
            "해장국",
            "12,000원"
        ],
        "description": "24시간 우려낸 사골 국물에 부드럽고 담백한 선지가 들어있는 부드럽고 담백한 맛의 선지 해장국입니다."
    },
    {
        "no": 20,
        "code": 20601121,
        "images": "https://ldb-phinf.pstatic.net/20200620_186/1592658761465glqkw_JPEG/NTl6HEtqFB1Qg8mvCvb4m5e1.jpg",
        "name": "성천 막국수",
        "adress": "서울 동대문구 답십리동 33-28",
        "time": "평일 11:30~21:00 브레이크타임:15:00~17:00 | 일요일 휴무 국경일,토요일 정상 영업",
        "phone": "0507-1329-5529",
        "op": "undefined남/녀 화장실 구분 /제로페이 /",
        "way": "주차장 이용안내\n답십리2동 265-5 대로변 (조은할인마트 옆)\n주차증 지참시 30분 무료 (주차증에 도장 찍어드립니다)",
        "booking": "",
        "category": "한식",
        "menus": [
            "제육",
            "13,000원"
        ],
        "description": "주차장 이용안내\n답십리2동 265-5 대로변 (조은할인마트 옆)\n주차증 지참시 30분 무료 (주차증에 도장 찍어드립니다)"
    },
    {
        "no": 21,
        "code": 11829657,
        "images": "https://ldb-phinf.pstatic.net/20210422_199/1619064088873f13hB_JPEG/IW0U9dWcrWKHLmeNbST9vDPV.jpg",
        "name": "나정순할매쭈꾸미",
        "adress": "서울 동대문구 용두동 119-20",
        "time": "매일 10:30~22:00 브레이크타임 14시30분~17시  | 일요일 휴무",
        "phone": "02-928-0231",
        "way": "지하철 1호선 제기역 6번 출구 도보 2분 거리에 위치.",
        "booking": "",
        "category": "한식",
        "menus": [
            "주꾸미(350g)",
            "15,000원"
        ],
        "description": ""
    },
    {
        "no": 22,
        "code": 1908322577,
        "images": "https://ldb-phinf.pstatic.net/20210511_34/1620726137592pDI3m_JPEG/b8uXLzLxl11VFgcS_dhQFzP4.jpg",
        "name": "또박식당",
        "adress": "서울 동대문구 장안동 430-14",
        "time": "매일 10:00~22:00",
        "phone": "02-3394-5657",
        "op": "undefined주차 /무선 인터넷 /남/녀 화장실 구분 /",
        "way": "",
        "booking": "",
        "category": "한식",
        "menus": [
            "숙성삼겹살180g",
            "14,000원"
        ],
        "description": ""
    },
    {
        "no": 23,
        "code": 18119095,
        "images": "https://ldb-phinf.pstatic.net/20220827_110/1661556829460TYdN0_JPEG/20220825_110128.jpg",
        "name": "영화장",
        "adress": "서울 동대문구 이문동 288-23",
        "time": "매일 11:00~21:30 브레이크 타임 전 라스트 오더 15:00/브레이크 타임 15:00~17:00/라스트 오더 21:00/명절 휴무",
        "phone": "02-967-9595",
        "op": "undefined예약 /",
        "way": "",
        "booking": "",
        "category": "중식",
        "menus": [
            "삼선짬뽕",
            "12,000원"
        ],
        "description": "한국외국어대학교 인근에서 50여년 이상 영업해 온 중식당입니다. 화교가 운영하는 곳으로 전가복, 해물 누룽지탕 등의 다양한 요리와 식사 메뉴가 준비되어 있는데요. 새콤달콤한 투명소스의 탕수육과 하얀 국물의 백짬뽕이 인기입니다.\n\n[예약안내]\n예약문의가 많은 관계로 코스 또는 요리 위주로 예약받고 있습니다. (자리가 한정되어 있어서 예약을 모두 받지 못 합니다.)\n식사위주로는 예약을 받지 못 하는점 많은 양해 부탁드립니다. 코스요리는 하루전 예약시 가능합니다."
    },
    {
        "no": 24,
        "code": 37749827,
        "images": "https://ldb-phinf.pstatic.net/20200502_149/1588401242406ChboF_JPEG/3UM8iOqrZ14x-UtRd75uVYnq.jpeg.jpg",
        "name": "은하곱창",
        "adress": "서울 동대문구 전농동 295-48 은하곱창",
        "time": "평일 10:30~22:00 오전마지막주문 12:30 / 오후 마지막주문 20:40점심시간 13:30~14;30 | 토요일 10:30~21:00 오후마지막주문 20:00 / 재료 소진시 조기마감",
        "phone": "0507-1403-0262",
        "op": "undefined포장 /제로페이 /",
        "way": "",
        "booking": "",
        "category": "한식",
        "menus": [
            "돼지곱창전골 (소)",
            "30,000원"
        ],
        "description": "점심시간 13:30~14:30입니다.\n전농2동 공영주차장"
    }
]