[
    {
        "no": 0,
        "code": 11678840,
        "images": "https://ldb-phinf.pstatic.net/20160223_50/1456194648851XGJm2_JPEG/_20151112_O2O___0001.jpg",
        "name": "메이필드호텔 봉래헌",
        "adress": "서울 강서구 외발산동 426 메이필드호텔 봉래헌",
        "time": "매일 12:00~21:30 break time 15:00 ~ 18:00 / 매주 월요일 휴무",
        "phone": "0507-1420-9020",
        "op": "undefined단체석 /주차 /예약 /남/녀 화장실 구분 /",
        "way": "주소 : 서울시 강서구 방화대로 94",
        "booking": "",
        "category": "한식",
        "menus": [
            "점심상차림",
            "65,000원"
        ],
        "description": "봉래헌은 단청이 아름다운 한국 전통 한옥에서 궁중 한정식을 맛볼 수 있는 곳입니다. 잔디와 나무가 가득한 정원과 뒷마당, 그리고 연못으로 구성된 한국 기와집의 형태를 띠고 6개의 별실과 2개의 넓은 홀을 갖추고 있습니다. 옛날 임금님 수라상에 오르던 전국 팔도의 귀한 식재료를 엄선해 전통 방식 그대로 맛을 낸 5가지 코스 메뉴와 계절별 정식을 선보입니다."
    },
    {
        "no": 1,
        "code": 13458726,
        "images": "https://ldb-phinf.pstatic.net/20210713_33/1626187963117oAyqJ_PNG/F90pf62PBYiHW9r-Tun4sYw4.png",
        "name": "꾸이꾸이 돼지촌 쭈꾸미 본점",
        "adress": "서울 강서구 방화동 247-10",
        "time": "토요일 11:30~23:00 11월 둘째주 까지의 영업시간 입니다 이후 변경 예정입니다. | 금요일 11:30~23:00 11월 둘째주 까지의 영업시간 입니다 이후 변경 예정입니다. | 목요일 11:30~23:00 11월 둘째주 까지의 영업시간 입니다 이후 변경 예정입니다. | 수요일 11:30~23:00 11월 둘째주 까지의 영업시간 입니다 이후 변경 예정입니다. | 화요일 11:30~23:00 11월 둘째주 까지의 영업시간 입니다 이후 변경 예정입니다. | 월요일 11:30~23:00 11월 둘째주 까지의 영업시간 입니다 이후 변경 예정입니다. | 일요일 11:30~22:00",
        "phone": "0507-1429-3451",
        "op": "undefined단체석 /주차 /포장 /배달 /무선 인터넷 /제로페이 /",
        "way": "9호선 신방화역 1번 출구로 나와 걸어서 150m, 2분 거리 입니다.\n주차 주차는 5대 가능하며, 주차장 만차시 근처 신방화역 환승 주차장 이용 바랍니다. 5분 170원 30분 1,020원 60분 2,040원\n\n※ 재료 소진으로 조기 마감 할 수 있으니 방문 전 전화 확인바랍니다.",
        "booking": "https://booking.naver.com/booking/6/bizes/559198",
        "category": "한식",
        "menus": [
            "부추꾸미",
            "15,000원"
        ],
        "description": "모든 식재료 및 소스는 가게에서 직접 손질하고 만듭니다.\n\n맵,단,짠의 맛이 아닌 건강해지고 슴슴한 맛!! 입니다.\n\n원하시는 맛이 있다면 사장님께서 최대한!! 맞춰서 조리해드립니다.\n\n국내산 쭈꾸미를 사용 합니다.\n수입산 쭈꾸미와의 식감의 차이를 느끼실 수 있습니다.\n일단!! 부드럽습니다.\n\n매일 준비하는 쭈꾸미 양이 한정적으로 조기 마감이 될 수 있습니다.\n\n매장에 오셔서 드시면 더욱 맛이 있습니다."
    },
    {
        "no": 2,
        "code": 11679557,
        "images": "https://ldb-phinf.pstatic.net/20230704_84/1688470879949peXko_JPEG/1.jpg",
        "name": "메이필드호텔 낙원",
        "adress": "서울 강서구 외발산동 426 메이필드호텔 낙원",
        "time": "평일 12:00~21:00 Break time 15:00~18:00 | 주말 12:00~21:00 Break time 없음",
        "phone": "0507-1432-9011",
        "op": "undefined단체석 /주차 /발렛파킹 /예약 /남/녀 화장실 구분 /",
        "way": "호텔 내 CU편의점 맞은편 한옥 건물 안쪽에 위치해 있습니다.",
        "booking": "",
        "category": "한식",
        "menus": [
            "1984 낙원 특생대갈비 270g",
            "150,000원"
        ],
        "description": "40여 년의 오랜 전통을 자랑하는 갈비 명가 낙원은 시그니처 메뉴인 한우 특생대갈비, 한우 양념갈비와 함께 식재료 본연의 맛을 살린 건강한 한식을 선보입니다. 사계절을 느낄 수 있는 너른 마당과 한국적 인테리어가 돋보이는 낙원은 넓은 홀과 프라이빗한 VIP룸이 있어 가족 및 비즈니스 모임을 위한 최적의 장소입니다."
    },
    {
        "no": 3,
        "code": 11687067,
        "images": "https://ldb-phinf.pstatic.net/20150831_106/144101983834920ruV_JPEG/11687067_0.jpg",
        "name": "등촌 최월선칼국수",
        "adress": "서울 강서구 등촌동 654-95",
        "time": "매일 11:30~21:30 연중무휴 | 매일 16:00~16:30 브레이크타임",
        "phone": "02-3661-2744",
        "op": "undefined주차 /예약 /",
        "way": "강서구 등촌동 김포공항 못미쳐 하이웨이주유소 건너편에 위치.",
        "booking": "",
        "category": "한식",
        "menus": [
            "버섯 매운탕(1인분)",
            "10,000원"
        ],
        "description": "버섯매운탕이 있는 집으로 버섯매운탕을 드시고 칼국수에다가 볶음밥까지 3코스로 푸짐하게 드실 수 있습니다.\n\n주말 토요일 일요일은 오후 4시 부터 5시까지는 직원 식사시간으로 주문을 받지 않습니다."
    },
    {
        "no": 4,
        "code": 19877546,
        "images": "https://ldb-phinf.pstatic.net/20190920_119/1568970828675WYcOB_JPEG/DKQM7WNpozuFpsBDYLnYJpyx.jpeg.jpg",
        "name": "공항칼국수",
        "adress": "서울 강서구 공항동 49-2 이스카이오피스텔 지하1층",
        "time": "매일 09:00~21:00",
        "phone": "02-2664-9748",
        "op": "undefined단체석 /주차 /포장 /",
        "way": "",
        "booking": "",
        "category": "음식점",
        "menus": [
            "버섯칼국수",
            "10,000원"
        ],
        "description": "{전국택배}개시  네이버쇼핑 공항칼국수검색\n전국가정에 주문후 다음날 배송해드립니다"
    },
    {
        "no": 5,
        "code": 19866704,
        "images": "https://ldb-phinf.pstatic.net/20210913_141/1631509883622KVwx3_JPEG/nEXMniq-S45QBe31fLd3CSgF.jpeg.jpg",
        "name": "유림 닭도리탕",
        "adress": "서울 강서구 염창동 280-6 유림",
        "time": "매일 11:30~22:00 주문마감  21:00                                           휴무: 추석연휴, 설날연휴",
        "phone": "02-3665-3930",
        "op": "undefined단체석 /주차 /포장 /배달 /남/녀 화장실 구분 /지역화폐 (모바일형) /제로페이 /",
        "way": "<9호선 염창역> 1번출구로 나오셔서 200미터 직진하시고 맥도날드염창점에서 우회전하시면 바로 옆건물입니다!!!",
        "booking": "",
        "category": "한식",
        "menus": [
            "토종닭도리탕 1마리",
            "50,000원"
        ],
        "description": "1996년부터 꾸준히 사랑받아온 닭도리탕 맛집!!!\n유림 입니다."
    },
    {
        "no": 6,
        "code": 19882158,
        "images": "https://ldb-phinf.pstatic.net/20230311_30/1678517454123rRlqF_JPEG/1652851321348.jpg",
        "name": "발산삼계탕",
        "adress": "서울 강서구 내발산동 657-1",
        "time": "매일 11:00~21:30",
        "phone": "02-3662-3930",
        "op": "undefined단체석 /주차 /포장 /예약 /무선 인터넷 /남/녀 화장실 구분 /",
        "way": "발산역 6번출구에서 300m 직진하시면\n위치해 있습니다^^",
        "booking": "",
        "category": "한식",
        "menus": [
            "발산삼계탕",
            "19,000원"
        ],
        "description": "담백하고 진한 잡곡과 5년근 인삼으로 국물을 낸 삼계탕 전문점입니다. 육질이 부드러운 영계를 사용하며, 잡곡에서 우러난 국물도 담백하고 깔끔한 맛을 냅니다.\n매장에서 직접 누른 찹쌀기장누룽지를 넣은 누룽지 삼계탕을 비롯해 80년된 산삼에서 추출한 배양근과 능이의 향을 품은 산삼배양근능이삼계탕, 아이들이 좋아하는 닭다리살로만 만든 발산 숯불구이도 인기가 많습니다"
    },
    {
        "no": 7,
        "code": 1963685798,
        "images": "https://ldb-phinf.pstatic.net/20230213_60/1676274398900uqmmy_JPEG/KakaoTalk_20230213_121859016.jpg",
        "name": "닭묵",
        "adress": "서울 강서구 마곡동 772-5 1층 127호",
        "time": null,
        "phone": "0507-1347-6030",
        "op": "undefined포장 /무선 인터넷 /",
        "way": "",
        "booking": "https://booking.naver.com/booking/6/bizes/858952",
        "category": "음식점",
        "menus": [
            "한우대창 묵은지 닭볶음탕(뼈/순살)",
            "45,000원"
        ],
        "description": "수원 웨이팅 맛집 여래암이 새이름 '닭묵'으로 오픈했습니다.\n행궁동에서 핫한 맛집! 마곡 상륙!!\n신선한 국내산 닭과 비법 양념 소스로 얼큰한 깊은 국물맛을 느낄 수 있는 닭도리탕, 닭요리 전문점 닭묵입니다.\n\n제대로 숙성된 묵은지가 들어간 닭도리탕!\n고소 담백한 대창이 듬뿍 들어간 닭볶음탕! 심지어 대창이 한우!\n진한 국물의 닭 한마리 칼국수와 맑고 시원한 국물인 닭 조개전골까지!\n함께 곁들어 즐길 수 있는 치즈 감자전, 건새우 부추전, 볶음밥은 든든한 식사뿐만 아니라 안주로도 딱입니다.\n\n닭묵 시그니처 솔의눈하이볼, 이색적인 복분자 하이볼도 직접 느껴보세요!\n\n편안하고 포차 느낌이 낭낭한 테라스는 밤 분위기를 더욱 영롱하게 만들어 드립니다. 실내의 빈티지스러운 벽지와 소품들로 아늑하고 레트로한 분위기로 각종 모임, 특별한날, 데이트, 친구와 연인들끼리 편안하게 즐길 수 있습니다.\n\n닭묵은 항상 정성과 최선을 다하여 음식을 준비하고 있습니다. 감사합니다."
    },
    {
        "no": 8,
        "code": 1089612061,
        "images": "https://ldb-phinf.pstatic.net/20220426_12/1650968911374cf6lX_JPEG/IMG_20210323_171510_147.jpg",
        "name": "띠아낭",
        "adress": "서울 강서구 등촌동 654-5 1층 띠아낭",
        "time": "매일 11:00~21:00 (재료소진시 조기마감), 브레이크타임 없음 | 일요일 휴무",
        "phone": "070-4300-0707",
        "op": "undefined포장 /예약 /무선 인터넷 /제로페이 /",
        "way": "증미역 도보 7분\n강서홈플러스 도보2분",
        "booking": "",
        "category": "음식점",
        "menus": [
            "양지 가득 쌀국수",
            "11,000원"
        ],
        "description": "베트남쌀국수 전문           "
    },
    {
        "no": 9,
        "code": 1186211801,
        "images": "https://ldb-phinf.pstatic.net/20211220_193/1639932850471wFfHg_JPEG/KakaoTalk_20211219_232942583_02.jpg",
        "name": "케렌시아",
        "adress": "서울 강서구 마곡동 759-1 두산더랜드타워 B동 220호",
        "time": "일요일 휴무 | 평일 11:30~22:00 브레이크타임 : 15:00~17:00 | 공휴일 12:00~22:00 | 토요일 12:00~22:00",
        "phone": "0507-1324-9336",
        "op": "undefined단체석 /주차 /예약 /무선 인터넷 /남/녀 화장실 구분 /제로페이 /",
        "way": "9호선 마곡나루역 1번 출구에서 우측으로 1분(에머이 건물 2층)\n에 위치하고 있습니다.\n마곡나루역맛집 케렌시아 많이 찾아주세요.\n감사합니다!",
        "booking": "https://booking.naver.com/booking/6/bizes/207867",
        "category": "음식점",
        "menus": [
            "평일런치특가할인",
            "10,000~13,000원"
        ],
        "description": "마곡나루 맛집 케렌시아는 이베리코 스테이크, 핸드 메이드 파스타와 와인을 편안한 분위기에서 저렴하게 즐길 수 캐주얼 레스토랑입니다. 파스타 등의 소스를 모두 직접 만들고 있으며, 초록 빛 플랜트 인테리어의 편안한 분위기와 정성껏 요리한 음식은 케렌시아의 의미처럼 일상생활에 지친 사람들에게 휴식과 안식을 얻을 수 있는 공간이 될 것입니다.\n\n세상에서 제일 앗있는 돼지고기인 이베리코는 스페인에서 직접 공수해 오는 최상등급인 베요타를 사용하고 있습니다.\n\n건강하고 맛있는 음식과 조용하고 편안한 분위기의 케렌시아는 여러분께서 함께하는 소중하고 좋은 분들과의 시간을 더욱 아름답게 할 멋진 추억의 공간이 되기를 희망합니다.\n\n마곡나루 맛집 케렌시아 드림-"
    },
    {
        "no": 10,
        "code": 1834273464,
        "images": "https://ldb-phinf.pstatic.net/20230609_181/1686299931180jUJw4_JPEG/%B9%D9_%BB%E7%C1%F8.jpg",
        "name": "하이바 마곡점",
        "adress": "서울 강서구 마곡동 797-9 108, 109호",
        "time": null,
        "phone": "0507-1473-3315",
        "way": "",
        "booking": "",
        "category": "술집",
        "menus": [
            "살얼음하이볼",
            "7,000원"
        ],
        "description": "'하이볼 단 하나만 생각합니다'\n\n오직 하이볼만을 생각하고 고민하여 만든\n하이바(Haiba)만의 감성과 철학을 담아\n하이볼 바라기가 만든 하이볼 전문점, 하이바입니다."
    },
    {
        "no": 11,
        "code": 1816250962,
        "images": "https://ldb-phinf.pstatic.net/20230117_72/1673929998569dNEnP_JPEG/IMG_9822.JPG",
        "name": "쿠마데 마곡점",
        "adress": "서울 강서구 마곡동 797-11 인터시티호텔1층 104~105호",
        "time": "매일 17:00~04:30 연중무휴",
        "phone": "0507-1346-2771",
        "op": "undefined단체석 /주차 /예약 /무선 인터넷 /남/녀 화장실 구분 /",
        "way": "",
        "booking": "",
        "category": "술집",
        "menus": [
            "사시미모리아와세",
            "45,000원"
        ],
        "description": "마곡 발산에서 고객분들의 과분한 사랑을 받고있는\n프리미엄 이자카야 쿠마데는 식재료를 엄별하게 선정해\n일본 요리를 고객분들에게 전문적으로 제공해드리고 있습니다.\n\n또한 오픈키친으로 더욱 더 청결하고 맛있게 요리를 하고 있습니다.\n\n입구부터 천장에 있는 커다란 물고기가 반겨주며 쿠마데는 시작됩니다.\n\n은은한 원목과 어우러지는 쿠마데는 따뜻한 이미지를 연상시키며 고급스러운 이자카야입니다.\n\n고급스러운 식기류 하나하나까지 일본분위기를 느끼기에 제격입니다.\n또한 룸이 구비돼있어 고객 여러분들의 편안한 식사자리를 위해서 항상 최선을 다하고 있습니다.\n\n싱싱한 활어부터 시작해 일본의 다양한 요리가 20여가지 준비돼있으며, 다양한 요리를 퀄리티있게 맛 볼 수 있습니다.\n젊은층부터 중장년층까지 와서 편안하고 맛있는 다이닝을 즐길 수 있도록 최선을 다하겠습니다."
    },
    {
        "no": 12,
        "code": 1955498325,
        "images": "https://ldb-phinf.pstatic.net/20220130_264/16435407489296tr3H_JPEG/1561478091508.jpg",
        "name": "오늘의 일기",
        "adress": "서울 강서구 화곡동 24-252 1층",
        "time": "매일 11:00~01:00 낮메뉴 11:00~17:59 / 밤메뉴  18:00~01:00 | 월요일 휴무 | 화요일 18:00~01:00 화요일은 밤메뉴만 가능",
        "phone": "0507-1356-0612",
        "op": "undefined포장 /무선 인터넷 /남/녀 화장실 구분 /",
        "way": "우체국 사이 골목으로 들어오시면 바로 위치해 있습니다.\n※주차공간은 따로 없습니다.\n\n매장 번호 : 02-6368-0612",
        "booking": "",
        "category": "술집",
        "menus": [
            "제임슨 하이볼",
            "8,000원"
        ],
        "description": "02-6368-0612\n\n커피 및 음료만 >> Take Out\n\n[화수목금토일 : 17:00~01:00 ]\n\n※ 23:50까지는 술과 안주를 드시는 테이블에 한해서 커피도 함께 즐기실수 있어요~\n( 커피 및 음료만 주문시, Take Out 만 가능)\n\n※단체는 8명까지만 가능합니다.\n\n※No Kids Zone 노키즈존 입니다.(8세미만 출입불가)"
    },
    {
        "no": 13,
        "code": 1823416549,
        "images": "https://ldb-phinf.pstatic.net/20230508_106/1683542038331iVnH2_JPEG/%B8%DE%C0%CE.jpg",
        "name": "무닌",
        "adress": "서울 강서구 마곡동 796-6 1층 112호",
        "time": null,
        "phone": "0507-1391-8853",
        "op": "undefined주차 /무선 인터넷 /반려동물 동반 /남/녀 화장실 구분 /",
        "way": "발산역 1번출구에서 도보 5분정도 소요됩니다.\nG2프라자 1층 공원라인에 위치해 있습니다 :)",
        "booking": "",
        "category": "음식점",
        "menus": [
            "아롱사태 삼합",
            "23,000원"
        ],
        "description": "마곡에 위치한 무국적 술집 무닌 입니다 :)\n\n분위기 좋은 술집 무닌은\n다양한 음식과 이색주류가 가득합니다!\n강쇠,청명주,금설 등 생소하지만 맛 좋은\n여러종류의 주류들이 준비되어 있으며,\n산토리 생맥주와 빼놓을수 없는 소주도 있습니다!\n\n마곡 무닌의 시그니쳐 메뉴인 아롱사태삼합과\n신선한 냉장 한우로 만든 무닌육회가 인기 좋습니다 :)\n또한 남녀노소 모두가 좋아하는 사이드메뉴들로\n준비되어있는 공간 무닌입니다!\n\n마곡 무닌에서 좋은사람들과 평안한 시간을 보내길 바라며,\n이 공간에서 따듯한 기억들을 듬뿍 가지고 가시길 바랍니다 :)"
    },
    {
        "no": 14,
        "code": 1230357078,
        "images": "https://ldb-phinf.pstatic.net/20230526_227/1685106983567PMHFi_JPEG/IMG_2774.JPG",
        "name": "여비",
        "adress": "서울 강서구 마곡동 757 두산더랜드파크 D동 201호",
        "time": null,
        "phone": "0507-1339-4809",
        "op": "undefined단체석 /주차 /예약 /무선 인터넷 /남/녀 화장실 구분 /",
        "way": "두산더랜드파크 가운데 광장에 파란색 짝짜꿍 동상 옆쪽에 에스컬레이터를 이용하시면 편리하십니다.\n자차 이용시 A동 앞쪽에 주차하신 후 엘리베이터를 이용, 2층으로 오신 후 우측 출구로 나오시면 사카바 여비를 만나실 수 있습니다",
        "booking": "https://booking.naver.com/booking/6/bizes/788930",
        "category": "술집",
        "menus": [
            "사시미 모리아와세 (1인)",
            "24,000원"
        ],
        "description": "술과 즐거움을 파는곳, 사카바 여비입니다"
    },
    {
        "no": 15,
        "code": 38498275,
        "images": "https://ldb-phinf.pstatic.net/20171116_227/1510794873704jSfWo_JPEG/7mQx0oW6zc1MG8r_l4mKK6W4.jpg",
        "name": "안주공방",
        "adress": "서울 강서구 화곡동 911-2 삼우빌딩 1층 안주공방",
        "time": "월요일 휴무 | 화요일 17:00~02:00 | 수요일 17:00~02:00 | 목요일 17:00~02:00 | 금요일 17:00~03:00 | 토요일 17:00~03:00 | 일요일 17:00~02:00",
        "phone": "0507-1361-0947",
        "op": "undefined포장 /예약 /무선 인터넷 /",
        "way": "-대중교통을 이용하시는경우\n\n까치산역 3번출구를 나와서 고가다리 옆길이 나올때까지 걷다보면 복개천먹자골목초입이 나옵니다.\n그러면 우측으로 꺽으신다음에 영산강숯불민물장어까지 올라오시면 그 장어집 골목에 위치하고있습니다.\n\n-자차이용시 네비게이션에 화곡동911-2 검색하셔서 오시면됩니다. 주차는 가게앞 노상공영주차장에 주차하시면됩니다. 20:00까지만 비용이 발생하고 그후로는 무료이니 참고하시면 되겠습니다.\n\n이렇게 험난한길을 뚫고 안주공방을 방문하시는분들께는 동네에서 뻔하지않은요리와 서비스를 제공하도록 최대한 노력할것이며, 방문하신손님들을 꼭 다시만나뵐수있도록 최선을 다할것을 약속드립니다.",
        "booking": "",
        "category": "술집",
        "menus": [
            "연어사시미",
            "18,000원"
        ],
        "description": "까치산역 화곡동 복개천 골목에서 7년째 운영하고있는 안주공방입니다. 항상 밝고 건강한 에너지로 맛있고 기분좋은 음식을 만들어 손님들을 기쁘게하는데 온힘을 다하고있습니다. 오시는길 힘드시더라도 방문하시면 절대 실망시키지않는 음식, 서비스 제공하도록 노력하겠습니다. 앞으로도 많은 사랑과 관심 부탁드립니다."
    },
    {
        "no": 16,
        "code": 1530436519,
        "images": "https://ldb-phinf.pstatic.net/20230717_103/1689553456062TGaWz_JPEG/IMG_0664.JPEG",
        "name": "단토리",
        "adress": "서울 강서구 마곡동 797-1 1층 , 단토리",
        "time": null,
        "phone": "02-6421-9252",
        "op": "undefined단체석 /주차 /무선 인터넷 /남/녀 화장실 구분 /",
        "way": "1) 도보 이용시(1분)\n- 발산역 9번 출구에서 도보 1분 거리\n\n2) 자가용 이용시\n- 도로명 : 서울 강서구 공항대로 247 1층 , 단토리\n- 지번 : 마곡동 797-1\n\n[주차정보]\n- 인근 유료 주차장 이용 부탁드립니다",
        "booking": "",
        "category": "술집",
        "menus": [
            "토리껍질꼬치",
            "900원"
        ],
        "description": "아사히 생맥주 1900원, 단토리 하이볼 3900원으로 즐길 수 있는 오사카 감성 이자카야\n\n1. 꼬치류 900원부터 갓성비 넘치는 안주 메뉴\n2. 단토리 만의 특별한 메뉴 : 일본 전통식 계란꼬치와 토마토 절임\n3. 넓은 매장 규모와 테이블 多 !! 단체모임, 회식장소로 추천\n\n단토리는 발산역 9번 출구에서 1분 거리에 위치한 일본 현지 감성을 느낄 수 있는 이자카야입니다.\n\n가성비 좋은 이자카야 '단토리'에서 일본 오사카 현지감성을 경험해보세요 !"
    },
    {
        "no": 17,
        "code": 1326869975,
        "images": "https://ldb-phinf.pstatic.net/20230613_46/1686656978335WU4zR_JPEG/KakaoTalk_20230613_204853155_02.jpg",
        "name": "목로주점1987",
        "adress": "서울 강서구 마곡동 760-1 A동 107호",
        "time": "매일 18:00~05:00",
        "phone": "010-9188-1987",
        "op": "undefined단체석 /주차 /포장 /무선 인터넷 /남/녀 화장실 구분 /",
        "way": "마곡나루역 1번, 2번 출구 도보 3분거리",
        "booking": "",
        "category": "술집",
        "menus": [
            "압력 솥 닭도리탕",
            "33,000원"
        ],
        "description": "마곡나루 1세대 감성주점술집\n목로주점1987\n\n다국적 주점으로 다양하게 즐기게 해드리겠습니다.\n마곡나루를 굳건하게 지키는 1등 주점이 되도록 하겠습니다\n\n영업시간 (마곡나루역)\n평일: 17:00~02:00\n주말: 16:00~02:00\n\n주차문의\n네비게이션 힐스테이트에코(라마다 앙코르호텔) 검색\n2대 최대 2시간씩 가능 합니다."
    },
    {
        "no": 18,
        "code": 1152475273,
        "images": "https://ldb-phinf.pstatic.net/20220313_207/1647149473862cV9S4_JPEG/KakaoTalk_20220301_005348203.jpg",
        "name": "RD42",
        "adress": "서울 강서구 마곡동 774-9 3층 303호",
        "time": "월요일 17:00~01:00 | 화요일 17:00~01:00 | 수요일 17:00~01:00 | 목요일 17:00~01:00 | 금요일 17:00~02:00 | 토요일 17:00~02:00 | 일요일 17:00~00:00",
        "phone": "0507-1422-5444",
        "op": "undefined단체석 /주차 /포장 /예약 /무선 인터넷 /남/녀 화장실 구분 /",
        "way": "발산역과 마곡역 중간쯤 위치해 있습니다.\n처음 방문하시는 분은 RD42를 검색후 지도를 참고하여 찾아오시길 추천드립니다.\n(주소) 서울 강서구 마곡동 774-9 사이언스타 3층\n\n발산역 9번출구 500m (7분 소요)\n마곡역 3번출구 400m (6분 소요)",
        "booking": "https://booking.naver.com/booking/6/bizes/360559",
        "category": "술집",
        "menus": [
            "감바스 알 아히요",
            "22,800원"
        ],
        "description": "RD42는 특별한날 소중한 사람, 사랑하는 연인과 함께 하기 좋은\n마곡의 핫플레이스 입니다.\n\n또한 내가 좋아하는 노래를 신청할수 있는 뮤직이 함께 하는\n공간 입니다.\n\n언제나 이곳을 찾아오신 분들 모두가 행복한 추억의 하루를 보내시길\n바라는 마음으로 준비하고 있습니다.\n\n* 영화 엑시트 촬영지 (2019.07월) 개봉\n* SBS 생방송 투데이 (감바스맛집 / 2020.11.30) 방영\n* 드라마 당신의 운명을 쓰고 있습니다 (2021.03.26) 방영\n* KBS 연애의참견 161회 (2023.01.31) 방영"
    },
    {
        "no": 19,
        "code": 1664113802,
        "images": "https://ldb-phinf.pstatic.net/20230525_142/16850171490070YSzv_JPEG/545FD7B7-5BF3-4E83-B97C-46E869699350.jpeg",
        "name": "변두리 로바타",
        "adress": "서울 강서구 마곡동 797-7 201호",
        "time": "월요일 16:00~01:00 | 화요일 16:00~01:00 | 수요일 16:00~01:00 | 목요일 16:00~01:00 | 금요일 16:00~01:00 | 평일 16:00~01:00 | 토요일 16:00~01:00",
        "phone": "0507-1369-4376",
        "op": "undefined단체석 /주차 /예약 /무선 인터넷 /남/녀 화장실 구분 /제로페이 /",
        "way": "* 발산역 1번 출구 도보 5~6분 거리 혹은 마곡역 3번 출구 도보 3분 거리에 위치해 있습니다\n\n* 네이버 지도를 이용하시면 더욱 쉽게 찾아오실 수 있습니다\n\n* 주차는 지하에 최대 4시간까지 가능하며, 자리가 있다면, 총 2대를 주차할 수 있습니다",
        "booking": "https://booking.naver.com/booking/6/bizes/536810",
        "category": "술집",
        "menus": [
            "갑오징어구이",
            "25,000원"
        ],
        "description": "변두리 로바타\n마곡에 위치한 변두리 로바타.\n로바타야끼, 비스트로 & 와인.\n변두리 비스트로 - 신사동 1호점\n변두리 로바타 - 마곡 2호점\n강서구 마곡중앙6로 66 (퀸즈파크텐), 2층 201호\n예약문의 010-9363-5969"
    },
    {
        "no": 20,
        "code": 1926479987,
        "images": "https://ldb-phinf.pstatic.net/20230630_199/1688129806184tAo9f_JPEG/1686294948107.jpg",
        "name": "루트205",
        "adress": "서울 강서구 내발산동 755-4 1, 2층",
        "time": null,
        "phone": "0507-1484-9296",
        "way": "자가용 이용 시\n수명산7단지 후문을 검색!\n(강서면허시험장 근처에 있어요!)\n\n버스 이용시\n수명산파크7단지상가\n서울자동차학원\n외발산신광명마을\n정류장을 이용하실 수 있어요:)",
        "booking": "",
        "category": "카페,디저트",
        "menus": [
            "205명품3종세트",
            "3,800원"
        ],
        "description": "서울 강서구에 위치한 대형 베이커리 카페로 1,2층으로 마련되어 있습니다.\n\n유기농 밀 사용, 천연발효종으로\n안전한 먹거리 속이 편안한 빵을 만들고 있습니다.\n\n화학 첨가제를 배제한 자연발효를 고집하여\n다소 늦더라도\n유산균 발효종과 유기농 밀 등 천연 식재료를\n엄선하여\n당일생산, 당일판매를 원칙으로 안심하고\n건강하게\n먹으면 먹을수록 속이 편안한 빵을\n만듭니다.\n\n삼남매의 엄마,아빠가\n아이들을 위해 마련하고, 만들고 있는\n부모의 마음이 느껴지는 베이커리카페입니다."
    },
    {
        "no": 21,
        "code": 1981120863,
        "images": "https://ldb-phinf.pstatic.net/20221113_147/1668316017629CvQe4_PNG/%C0%DA%BB%EA_5xxxhdpi.png",
        "name": "빈컾",
        "adress": "서울 강서구 공항동 1355-9 1층 카페 빈컾",
        "time": null,
        "phone": "0507-1368-1119",
        "op": "undefined단체석 /주차 /포장 /배달 /무선 인터넷 /반려동물 동반 /",
        "way": "마곡 13단지 힐스테이트 후문에서 쭉 직진하시다 보면 칼스토랑 맞은편에 있습니다.",
        "booking": "",
        "category": "음식점",
        "menus": [
            "토마토바질에이드",
            "5,500원"
        ],
        "description": "기분 좋은 한 잔의 커피와 짧은 시 한편을 함께 나누는 카페 빈컾입니다.\n\n한적한 동네 골목에서 맛있는 커피와 함께 즐거운 시간을 제공하는 것에서 행복을 느끼는 카페입니다.\n\n오늘도 좋은 하루 보내세요 :)\n\nLet's BE IN CUP!"
    },
    {
        "no": 22,
        "code": 1947965723,
        "images": "https://ldb-phinf.pstatic.net/20221231_215/1672464544457uhcI9_JPEG/6A0A7DC9-C035-4516-BDD3-240FA6371D80.jpeg",
        "name": "라니크",
        "adress": "서울 강서구 공항동 1353-6 2층",
        "time": null,
        "phone": "010-8244-2122",
        "op": "undefined주차 /포장 /배달 /예약 /무선 인터넷 /제로페이 /",
        "way": "1] 마곡 13단지 후문 맞은 편 이주단지의 한사랑교회 골목으로 100m정도 쭉 걸어오시다보면, 좌측에 보이는 빨간 벽돌 건물의 바로 옆 건물 2층입니다.(1층에 나나서비스)\n\n2] 버스 이용시,\n05-1번의 종점인 다솔마을 정거장에서는 도보 1분미만,\n6647번의 송정중학교 후문 정거장에서 도보 3분미만에 위치하고 있습니다.\n-> 큰 사거리쪽에 위치한 세븐일레븐 편의점을 끼고 골목 안으로 들어오시면, 바로 한 블록 뒤!! 우측편 빨간 벽돌 건물의 옆 건물 2층입니다.",
        "booking": "",
        "category": "음식점",
        "menus": [
            "황치즈 테린느",
            "4,800원"
        ],
        "description": "유명한 망원 로스팅카페에서 공급받아\n고소하면서 향이 좋은 커피로 제공되며\n수많은 레시피 연구를 통하여 탄생한\n구움과자류(스콘 쿠키 휘낭시에), 파운드케이크, 테린느 등 매일 반죽과 숙성을 통해서 최상의 맛을 고객님들께 제공합니다."
    },
    {
        "no": 23,
        "code": 38704809,
        "images": "https://ldb-phinf.pstatic.net/20230518_120/1684380357106Br9j7_JPEG/IMG_2906.jpeg",
        "name": "순수커피",
        "adress": "서울 강서구 마곡동 746-1 1201동 상가106호",
        "time": "매일 08:00~20:00 연중무휴, 매일 아침 8시 오픈합니다💛",
        "phone": "0507-1437-2999",
        "op": "undefined단체석 /주차 /포장 /배달 /예약 /무선 인터넷 /남/녀 화장실 구분 /",
        "way": "마곡역 7번 출구로 나와 홈앤쇼핑 앞 마곡엠밸리 12단지 1201동 상가 1층에 위치하고 있습니다.\n공진초등학교 바로 앞 로터리 코너입니다 !\n주차는 12단지 아파트 정문 주차장 입구로 들어가시면 왼쪽으로 상가 주차장이 있습니다.\n10분 무료회차이며, 매장에서 만원이상 구매시 30분 무료주차권을 지급해드립니다!",
        "booking": "https://booking.naver.com/booking/6/bizes/354551",
        "category": "음식점",
        "menus": [
            "아메리카노",
            "3,000원"
        ],
        "description": "마곡엠밸리 12단지 상가 1층에 위치한 순수커피입니다!\n매일 아침 좋은재료로 샌드위치를 만들고, 직접 반죽한 과자를 굽고, 신선한 원두로 커피를 내려드립니다."
    },
    {
        "no": 24,
        "code": 552040453,
        "images": "https://ldb-phinf.pstatic.net/20191031_249/1572476217336IhR8S_JPEG/rPZZenZ4K6ewHCjWZ3DBmgcU.jpeg.jpg",
        "name": "뷰투베이커리",
        "adress": "서울 강서구 마곡동 746-1 108호",
        "time": "평일 09:00~21:00 | 토요일 09:00~21:00",
        "phone": "02-2663-1206",
        "op": "undefined주차 /포장 /배달 /예약 /남/녀 화장실 구분 /",
        "way": "마곡역7번 출구 마곡엠벨리12단지",
        "booking": "",
        "category": "카페,디저트",
        "menus": [
            "우유식빵",
            "4,800원"
        ],
        "description": "1.뷰투 케익은 동물성생크림(100%우유) 착한생크림으로 3일전에 주문해주시면 만들어드립니다.\r\n2.뷰투베이커리 식빵은 화학첨가물을 넣지않고 유기농밀가루100%,무항생제 계란,천일염 소금,국내산특급 밤등 좋은 재료를 매일매일 따뜻하게 구워냅니다."
    }
]