[
    {
        "no": 0,
        "code": 33875857,
        "images": "https://ldb-phinf.pstatic.net/20230307_203/1678167150452rmynI_JPEG/KakaoTalk_20230307_134709826.jpg",
        "name": "옥류헌릴렉스",
        "adress": "서울 강북구 우이동 236 옥류정",
        "time": "매일 11:30~21:30",
        "phone": "0507-1334-1829",
        "op": "undefined단체석 /주차 /포장 /무선 인터넷 /남/녀 화장실 구분 /제로페이 /",
        "way": "북한산우이역 1번출구에서 나와서 우측길로 800m 걸어오시면 우이공원 유원지 앞에 위치해있습니다\n\n파라스파라 서울 입구에서 좌측으로 약 750m 올라오시면 우이공원 유원지 앞에 위치해있습니다",
        "booking": "",
        "category": "음식점",
        "menus": [
            "아메리카노",
            "6,000원"
        ],
        "description": "북한산 파라스파라 근처 옥류헌릴렉스는 도심 속에서 잠시 벗어나 계곡을 벗삼은 자연이 주는 여유를 만끽할 수 있는 공간으로서 직접 만든 음료와 건강한 베이커리와 음식을 느껴볼수 있습니다"
    },
    {
        "no": 1,
        "code": 1530597017,
        "images": "https://ldb-phinf.pstatic.net/20221121_96/1669027695690Dc6RO_JPEG/74B0B0CD-5893-4A2D-966B-58443D75CCF0.jpeg",
        "name": "무너미",
        "adress": "서울 강북구 수유동 222-78 1층",
        "time": "토요일 12:00~21:00 | 금요일 12:00~21:00 | 목요일 12:00~21:00 | 수요일 12:00~21:00 | 월요일 12:00~21:00 | 화요일 12:00~21:00 | 일요일 12:00~21:00",
        "phone": "0507-1320-5058",
        "way": "수유역 7번출구 도보3분 (328m)",
        "booking": "https://booking.naver.com/booking/6/bizes/941814",
        "category": "음식점",
        "menus": [
            "americano",
            "4,500원"
        ],
        "description": "수유역에 위치한 디저트 맛집 ' 무너미 ' 입니다!\n\n무너미:\n' 물이 넘친다 ' 라는 뜻을 가진 수유의 순 우리말을 지명하여\n무너미 커피의 브랜딩을 진행했습니다!\n\n저희 무너미가 선보이는 빵과,케이크 등 디저트들을\n같이 즐겼으면 하는 마음을 담은 표어\n'When Bread Delights'와 흐르는 물에서 영감을 받아 제작된 로고가 패키징에 적용되었습니다.\n\n'When Bread Delights'\n\nInspired by the town's traditional name 'Suyu' .which stands for overflowing water, Munumi has been relentlessly striving to provide something customers would want to see. buy. eat. and gift with a variety of eye-catching textures.\n\n[ 운영시간 ]\n월 - 일 : 12:00 ~ 21:00"
    },
    {
        "no": 2,
        "code": 1825147899,
        "images": "https://ldb-phinf.pstatic.net/20220830_142/1661837990922lGocI_JPEG/KakaoTalk_20220830_143835663.jpg",
        "name": "아카데미하우스",
        "adress": "서울 강북구 수유동 산76 아카데미하우스",
        "time": null,
        "phone": "02-6949-4860",
        "op": "undefined단체석 /주차 /포장 /예약 /남/녀 화장실 구분 /",
        "way": "수유역 4번출구 앞에서 강북01번을 타시고 종점 아카데미하우스 역에서 내리시면 됩니다.",
        "booking": "https://booking.naver.com/booking/6/bizes/755349",
        "category": "음식점",
        "menus": [
            "아메리카노",
            "6,500원"
        ],
        "description": "수유동에 새롭게 오픈한 대한민국 최대 규모 카페 [아카데미 하우스] 입니다. 높은 지대에 위치하여 한눈에 내려다 보이는 서울 시티뷰, 마운틴 뷰를 즐기실 수 있습니다.\n\n찾아주신 분들을 위해 최상의 베이커리와 음식을 제공하도록 노력하고 있습니다."
    },
    {
        "no": 3,
        "code": 21082552,
        "images": "https://ldb-phinf.pstatic.net/20201001_290/1601489642642Cjj7l_JPEG/uFlGwVsrab_S9bumrAC1YSGt.jpeg.jpg",
        "name": "수유리조트",
        "adress": "서울 강북구 수유동 221-18",
        "time": "매일 08:00~00:00 연중무휴",
        "phone": "02-990-9882",
        "op": "undefined단체석 /포장 /배달 /무선 인터넷 /반려동물 동반 /남/녀 화장실 구분 /제로페이 /",
        "way": "",
        "booking": "",
        "category": "음식점",
        "menus": [
            "아인슈페너",
            "6,000원"
        ],
        "description": "가까운 도심 속에서도 누릴 수 있는 리조트 같은 휴식"
    },
    {
        "no": 4,
        "code": 1068275528,
        "images": "https://ldb-phinf.pstatic.net/20220604_132/16543372291338vtbk_JPEG/KakaoTalk_20220604_190631223.jpg",
        "name": "몽브루",
        "adress": "서울 강북구 수유동 535-73 몽브루",
        "time": "매일 11:00~22:00",
        "phone": "0507-1382-1094",
        "op": "undefined주차 /포장 /무선 인터넷 /반려동물 동반 /남/녀 화장실 구분 /제로페이 /",
        "way": "",
        "booking": "",
        "category": "음식점",
        "menus": [
            "아메리카노",
            "5,500원"
        ],
        "description": "북한산의 좋은 공기, 4.19카페거리 중 가장 멋진 뷰와 힐링하기 좋은 곳.\n직접 로스팅해서 신선하고 맛있는 커피와 달콤한 디저트가 준비되어있습니다.\n매주 스페셜티 원두가 새로 입고됩니다!"
    },
    {
        "no": 5,
        "code": 1042791907,
        "images": "https://ldb-phinf.pstatic.net/20220315_42/1647337365733lavpd_JPEG/KakaoTalk_20220315_183726200.jpg",
        "name": "수유 대세",
        "adress": "서울 강북구 수유동 222-45 1,2층",
        "time": "목요일 17:00~02:00 | 수요일 17:00~02:00 | 화요일 17:00~02:00 | 월요일 17:00~02:00 | 일요일 17:00~02:00 | 토요일 17:00~03:00 | 금요일 17:00~03:00",
        "phone": "0507-1495-3483",
        "op": "undefined단체석 /예약 /무선 인터넷 /남/녀 화장실 구분 /",
        "way": "수유역 7번 출구로 나와서 우회전 후 직진, 66곱창에서 우회전하고 우측에 보입니다.",
        "booking": "https://booking.naver.com/booking/6/bizes/666981",
        "category": "술집",
        "menus": [
            "부타노 카쿠니",
            "24,000원"
        ],
        "description": "안녕하세요. 수유역 조용한 골목에 위치한 하이볼 맛집 수유 대세입니다.\n\n수유 대세에서 보내는 여러분들의 시간이 단순한 술자리가 아닌 오랜 추억으로 남도록 최선을 다하겠습니다.\n\n코로나로 인해 잃어버린 모임의 즐거움을 다시 찾아보세요!\n여러명이서 온전히 즐기길 수 있게 테라스석, 1~2층에 단체 좌석도 마련하였습니다.\n\n친구들과의 생일파티, 여러 모임에 어울리는 공간과 음식들이 준비되어있으니 미리 예약하고 편하게 이용해주세요!\n\n벽이나 조명에서도 보고 즐길 수 있는 재밌는 소품들도 배치해뒀으니 누구와 오든 어느 자리에 앉으셔도 새로운 분위기를 느끼실 수 있습니다.\n\n대세의 메뉴는 직접 만드는 수작요리를 지향하고 있습니다.\n특히 일반적으로 알고있는 메뉴를 다른 방식으로 풀어내서 색다른 맛과 경험을 즐길 수 있습니다.\n\n저희 대세에서 보내는 시간이 충분히 가치있도록 최선을 다하겠습니다.\n\n감사합니다."
    },
    {
        "no": 6,
        "code": 37854938,
        "images": "https://ldb-phinf.pstatic.net/20230522_258/1684688336987SMQcz_JPEG/KakaoTalk_20230521_212621119_02.jpg",
        "name": "이씨부엌",
        "adress": "서울 강북구 수유동 222-73",
        "time": "목요일 16:30~03:00 | 수요일 16:30~03:00 | 화요일 16:30~03:00 | 월요일 16:30~03:00 | 일요일 16:30~03:00 | 평일 16:30~03:00 | 토요일 16:30~05:00 금토 | 금요일 16:30~05:00 금토 | 주말 16:30~05:00 금토",
        "phone": "02-993-3155",
        "op": "undefined포장 /예약 /무선 인터넷 /남/녀 화장실 구분 /제로페이 /",
        "way": "전철/버스\n수유역 7번 출구 앞 더페이스샾 골목으로 들어오셔서 50미터가량오시면 오른쪽에 육육곱창이있습니다.\n육육곱창으로 우회전 하시면 바로 보입니다.",
        "booking": "",
        "category": "술집",
        "menus": [
            "후토마끼",
            "22,000원"
        ],
        "description": "안녕하세요. 이씨부엌입니다.\n수유 이씨부엌은 체인점이 아닙니다.\n\n이씨부엌의 모든 음식들은 수제이며 냉동 기성식품을 사용하지 않습니다. 건강한 음식을 위해 천연 조미료 위주로 음식을 하고있습니다.\n\n이씨부엌의 시그니쳐는 사시미 모리아와세이며 주인장이 직접 노량진 새벽 경매시장에서 경매사를 통해 물건을 받아옵니다. 직접보고 고른 물건들의 퀄리티는 일반적인 차량배송과는 차원이 다릅니다. 경매를 받은 물건들은 일정시간 각각의 고유 숙성시간을 거친 후 손님상에 내어드립니다.\n\n2016년3월 매장을 오픈한지 벌써 7년이 넘었습니다. 꾸준한 사랑에 감사하며 앞으로도 꾸준히 노력하고 발전하는 이씨부엌이 되겠습니다. 늘 감사합니다."
    },
    {
        "no": 7,
        "code": 1734245472,
        "images": "https://ldb-phinf.pstatic.net/20191118_145/15740809187077ETy9_JPEG/4_lN7XRf35CxnFYo5v4PKkFo.jpg",
        "name": "단풍관",
        "adress": "서울 강북구 수유동 192-14 1층",
        "time": "평일 16:00~01:00 | 주말 16:00~02:00",
        "phone": "02-6013-3928",
        "op": "undefined단체석 /무선 인터넷 /남/녀 화장실 구분 /제로페이 /",
        "way": "",
        "booking": "",
        "category": "술집",
        "menus": [
            "초리조파스타",
            "18,000원"
        ],
        "description": ""
    },
    {
        "no": 8,
        "code": 1356202921,
        "images": "https://ldb-phinf.pstatic.net/20230326_43/1679826076292Oxeob_JPEG/539631AA-A8FD-47BE-9440-189BAF20BFDF.jpeg",
        "name": "OX하이볼",
        "adress": "서울 강북구 수유동 222-1 1층",
        "time": "매일 18:00~02:00 매주 월요일 휴무",
        "phone": "02-904-6777",
        "way": "수유역 7번 출구에서 네이쳐컬렉션을 끼고 들어오셔서 200m 직진 후에 66곱창 골목쪽으로 50m직진하시면 됩니다",
        "booking": "",
        "category": "술집",
        "menus": [
            "신청곡",
            "무료"
        ],
        "description": "신청곡 들으며 한잔하기 좋은 하이볼포차\n\n하이볼을 메인으로 소주, 맥주, 위스키, 와인등 다양한 술이 있는 퓨전 주점입니다.\n\n다같이 국물에 소주 한잔, 퇴근후 혼술로 간단한 스낵에 하이볼 등 그날의 분위기에 따라 편히 방문할 수 있는 아지트 같은 공간이 되길 희망합니다.\n\n수유역에서 도보 10분 거리에있는 한적한 골목에 있는 작지만 아늑한 가게입니다."
    },
    {
        "no": 9,
        "code": 1151677776,
        "images": "https://ldb-phinf.pstatic.net/20220225_269/1645787313615byro3_JPEG/1644826987431.jpg",
        "name": "와라이",
        "adress": "서울 강북구 미아동 54-51 1층 와라이",
        "time": "일요일 17:00~03:00 연중무휴 | 금요일 17:00~03:00 연중무휴 | 토요일 17:00~03:00 연중무휴 | 매일 17:00~03:00 연중무휴 | 목요일 17:00~03:00 연중무휴 | 수요일 17:00~03:00 연중무휴 | 화요일 17:00~03:00 연중무휴 | 월요일 17:00~03:00 연중무휴",
        "phone": "0507-1361-6671",
        "op": "undefined단체석 /포장 /배달 /예약 /무선 인터넷 /반려동물 동반 /지역화폐 (지류형) /지역화폐 (카드형) /지역화폐 (모바일형) /제로페이 /",
        "way": "미아사거리역 1번출구 와이스퀘어 뒤,\n엔젤리너스 왼쪽 골목 직진 후 왕코등갈비 주차장옆에 있습니다\n역2분거리 간판 ㅇㄹㅇ",
        "booking": "",
        "category": "술집",
        "menus": [
            "미소모츠나베",
            "33,000원"
        ],
        "description": "다양한 메뉴와 신선한 재료들로 맛있는 술자리와\n식사 및 모임을 가지실수 있습니다"
    },
    {
        "no": 10,
        "code": 1272971962,
        "images": "https://ldb-phinf.pstatic.net/20230604_112/1685861936403LBVyr_JPEG/01.jpg",
        "name": "호랑이흥취",
        "adress": "서울 강북구 번동 417-16 1층, 2층",
        "time": null,
        "phone": "02-6953-0009",
        "op": "undefined단체석 /예약 /무선 인터넷 /",
        "way": "수유역 1번출구 1분이내 / 교보문고 뒤편 / 세븐일레븐과 수유라멘 사잇골목으로 들어오세요 !! (노브랜드버거 우측 효성인텔리안 건물출입구를 통해 가로질러 오시면 가장 빠릅니다.) 찾기 어려우시면 매장으로 전화주세요 !",
        "booking": "https://booking.naver.com/booking/6/bizes/845223",
        "category": "술집",
        "menus": [
            "사태수육찜",
            "21,000원"
        ],
        "description": "** 호랑이흥취는 우리 술의 다양한 매력을 즐길 수 있는 한식 기반 펍입니다. 예부터 이어져 온 전통주를 비롯, 현대적으로 해석한 전통주 베이스 하이볼과 로컬맥주 그리고 다양한 막걸리를 만나보실 수 있으며, 일반 주류도 전부 취급하고 있습니다.\n\n** 80가지 이상의 다양한 전통주를 보유하고 있습니다.\n\n** 이미 트렌디한 한.식.주.점이 수유에 처음 상륙했습니다. 우리 술 전통주 기반의 술들과 한식베이스의 다양한 퓨전 메뉴들을 맛보시러 오세요.\n\n** 시그니처메뉴인 사태수육찜은 직접삶은 사태와 신선한 야채를 손질하여 준비합니다. 국내산 닭다리살만 발라내어 직접 손질하며 곁들임으로 특제소스를 선보입니다. 그 외에도 문어 참나물 카르파치오, 만두 아란치니 훈제굴플래터등 쉽게 접해볼 수 없는 다양한 한식기반의 퓨전 음식들도 준비되어 있습니다.\n\n** 2월에 오픈한 신상술집입니다. 전체 리모델링을 통해 아늑하고 술 마실 분위기 나는 매장으로 조성해 보았습니다. 실내 화장실도 리모델링하여 청결하게 이용가능합니다.\n\n** 수유역에서 혼술할 장소를 찾으시나요 ? 바테이블도 마련되어 있어 편안한 혼.술. 언제나 가능합니다. 편안하게 방문해주세요.\n\n** 수유역에서 조용한 술집을 찾으시나요 ? 시끌벅적한 먹자골목이 아닌 1번출구 뒤 쪽 주택가에 위치한 흥취네는 보다 도란도란 이야기 나눌 수 있고 아늑한 분위기의 술집입니다.\n\n** 수유역에서 데이트할 만한 술집을 찾으시나요 ? 다양한 퓨전한식과 전통주 베이스의 매력적인 색감과 맛의 하이볼을 준비해 놓았습니다.\n\n** 수유역에서 1차로 배부르게 드실 술집을 찾으시나요 ? 또는 2차로 가볍게 드실 술집을 찾으시나요 ? 모든메뉴에 Heavy함과 light 함을 정리해 두었습니다. 배부르게 드실 수 있는 안주와 가볍게 드실 수 있는 안주 모두를 준비해 두었습니다.\n\n** 2인-8인까지의 예약은 네이버 예약을 통해 부탁드리며, 그 이상 인원의 예약은 매장으로 전화 부탁 드립니다.\n\n** 주중에 방문하시면 보다 조용하고 편안한 전통주 경험이 가능합니다."
    },
    {
        "no": 11,
        "code": 1966304761,
        "images": "https://ldb-phinf.pstatic.net/20210427_208/1619484889598hjufu_JPEG/uhvAUaDC_tGUyh2gY7r0nrXu.jpg",
        "name": "주당일기",
        "adress": "서울 강북구 수유동 224-19",
        "time": "매일 16:00~04:00",
        "phone": "02-6052-7734",
        "op": "undefined단체석 /예약 /무선 인터넷 /남/녀 화장실 구분 /",
        "way": "",
        "booking": "",
        "category": "술집",
        "menus": [
            "매콤치즈불닭",
            "14,900원"
        ],
        "description": ""
    },
    {
        "no": 12,
        "code": 1005220957,
        "images": "https://ldb-phinf.pstatic.net/20230308_285/1678267230134W9f2y_JPEG/EB2E4698-503B-462A-8762-E4D69AB669F7.jpeg",
        "name": "술희야",
        "adress": "서울 강북구 수유동 174-35 2층",
        "time": "평일 17:00~22:00 | 토요일 17:00~22:00 | 금요일 17:00~22:00 | 일요일 휴무",
        "phone": "070-7576-2505",
        "op": "undefined단체석 /예약 /무선 인터넷 /반려동물 동반 /남/녀 화장실 구분 /",
        "way": "수유역 8번출구 5분거리\n강북구청 도보 2분\n수유 CGV,우이천과 근접합니다.",
        "booking": "",
        "category": "술집",
        "menus": [
            "한우대창곱도리탕",
            "27,000원"
        ],
        "description": "애견동반 방문 손님께서는\n문의 누르셔서 예약 해주세요\n방문시에는 매너벨트 착용해주세요!\n펫티켓 꼭 부탁드립니다. 감사합니다."
    },
    {
        "no": 13,
        "code": 1413750839,
        "images": "https://ldb-phinf.pstatic.net/20221002_22/1664717266477FSQ6P_JPEG/18437FDE-6663-4422-BCE1-7243B0797725.jpeg",
        "name": "물망초",
        "adress": "서울 강북구 수유동 194-20 1층",
        "time": null,
        "phone": "0507-1354-4662",
        "op": "undefined무선 인터넷 /",
        "way": "",
        "booking": "",
        "category": "술집",
        "menus": [
            "모듬사시미",
            "34,000원"
        ],
        "description": "아늑하고 조용한 수유역 이자카야 술집 - 계절 사시미부터 따뜻하지만 깔끔한 나베와 스키야끼까지."
    },
    {
        "no": 14,
        "code": 1517476660,
        "images": "https://ldb-phinf.pstatic.net/20220928_196/1664376230260ALdEN_JPEG/1664177530163.jpg",
        "name": "97도",
        "adress": "서울 강북구 수유동 229-49 109호",
        "time": null,
        "phone": "0507-1386-4744",
        "op": "undefined단체석 /주차 /예약 /무선 인터넷 /남/녀 화장실 구분 /",
        "way": "수유역 6번출구로 나와 앞 골목으로 들어오면 60계치킨옆, 형제집(고기집) 맞은 편에 있습니다.",
        "booking": "",
        "category": "술집",
        "menus": [
            "이 스끼야끼 부리지마",
            "19,900원"
        ],
        "description": "월~토\n오픈 17:00\n마감 03:00\n\n당일 재료소진을 원칙으로 신선하고 맛있는 요리주점\n97도"
    },
    {
        "no": 15,
        "code": 17931910,
        "images": "https://ldb-phinf.pstatic.net/20200519_264/1589881821210npYtQ_JPEG/Jv3DPPV-E7RkUQiQjHfhhfmS.jpg",
        "name": "왕가",
        "adress": "서울 강북구 우이동 4-8 왕가빌딩",
        "time": "매일 11:30~22:00",
        "phone": "02-908-9277",
        "way": "",
        "booking": "",
        "category": "음식점",
        "menus": [
            "한우모듬세트 600g",
            "140,000원"
        ],
        "description": ""
    },
    {
        "no": 16,
        "code": 17916854,
        "images": "https://ldb-phinf.pstatic.net/20210713_134/16261747027541KT6G_JPEG/gOpNHhTAxR5BbtoZpsb3mDga.jpg",
        "name": "섬진강민물장어",
        "adress": "서울 강북구 수유동 273-11",
        "time": "매일 11:30~22:00 오후3시~5시 브레이크타임",
        "phone": "0507-1443-9545",
        "op": "undefined단체석 /주차 /발렛파킹 /포장 /배달 /예약 /무선 인터넷 /남/녀 화장실 구분 /지역화폐 (카드형) /제로페이 /",
        "way": "강북구 수유동 4.19사거리와 우이시장 사이에 있습니다.\n\n버스정류장으로는 '북부성모의원' 정류장에서 하차하시면 바로 연결되어 있습니다.\n[버스 노선 : 120번, 153번, 1119번, 1126번, 1165번, 1218번)\n\n지하철 4호선 수유역에서 하차하셔서 위 버스 노선을 이용하시면 편리합니다.",
        "booking": "",
        "category": "한식",
        "menus": [
            "민물장어 1인분(대1마리)",
            "43,000원"
        ],
        "description": "100년가게로 선정된 섬진강1984 민물장어는 1984년부터 가장 맛있는 민물장어 요리점을 되기 위해 노력하며 지금까지 영업해왔습니다.\n\n100% 국내산 자포니카종 장어와 10시간 동안 17가지 재료로 우려낸 특제 소스는 지금까지 경험하지 못한 맛을 보여 드립니다.\n\n40여년 동안 모든 요리는 정성을 다해 직접 만들어 왔으며, 항상 신선한 식자재만 고집해 왔습니다.\n\n가장 맛있는 민물장어 요리를 만나보세요."
    },
    {
        "no": 17,
        "code": 17916909,
        "images": "https://ldb-phinf.pstatic.net/20191120_67/1574247468565VLAi6_JPEG/gHBtqx8DNflunrfkUcWFQvCr.jpg",
        "name": "삼천포식당",
        "adress": "서울 강북구 수유동 177-39",
        "time": "매일 12:00~23:00",
        "phone": "02-998-3447",
        "way": "",
        "booking": "",
        "category": "음식점",
        "menus": [
            "삼겹살",
            "12,000원"
        ],
        "description": ""
    },
    {
        "no": 18,
        "code": 10984131,
        "images": "https://ldb-phinf.pstatic.net/20230528_89/1685245789163cNSu1_JPEG/20200512_130656.jpg",
        "name": "미림산장",
        "adress": "서울 강북구 우이동 292 우이동 미림산장",
        "time": "매일 10:30~22:30 연중무휴",
        "phone": "0507-1483-3334",
        "way": "우이동 숲속문화마을 간판 방향으로 진행하여 끝까지 진행.",
        "booking": "",
        "category": "음식점",
        "menus": [
            "스페셜세트-능이오리백숙, 소불고기, 골뱅이무침, 더덕무침, 도토리묵, 부추전",
            "260,000원"
        ],
        "description": "우이동에 위치한 미림산장 입니다\n365일 연중무휴 입니다 업업하냐고 절대로 문의하지 마세요\n언제든 편안한 마음으로 하루의 피로를 풀 수 있은 곳이며, 항상 최선의 서비스로 여러분을 모시며, 잠깐 한 수 읊을 수 있은 시인이 될 수 있은 곳, 최고의 음식 맛으로 모시며, 항상 여러 손님이 주인인 곳으로 만들고 싶습니다.\n,흙염소전골 . 수육 . 무침 탕 왕갈비,능이오리백숙 오리로스, 능이백숙, 버섯불고기"
    },
    {
        "no": 19,
        "code": 1394275306,
        "images": "https://ldb-phinf.pstatic.net/20230622_221/1687406305974uOrBS_JPEG/D1E85D5B-2EF7-4D71-8CFA-FA131AA7CD46.jpeg",
        "name": "강북끝집",
        "adress": "서울 강북구 미아동 860-21 1층 강북끝집",
        "time": "매일 11:30~02:00",
        "phone": "0507-1356-7781",
        "op": "undefined단체석 /포장 /배달 /예약 /무선 인터넷 /",
        "way": "미아사거리 2번출구에서 빕스쪽으로 쭉 ~ 직진해서 걸어오시면 됩니다!!",
        "booking": "",
        "category": "한식",
        "menus": [
            "소곱창전골(사리무제한)",
            "16,000원"
        ],
        "description": "당일도축한 곱창을 마장동에서 퀵으로 받아\n신선하고 냄새가 나지않는 곱창전골 !\n인분 수 대로 주문시 사리무한리필!!"
    },
    {
        "no": 20,
        "code": 1607209304,
        "images": "https://ldb-phinf.pstatic.net/20220902_221/1662093875650TNEX0_JPEG/20210731_181925.jpg",
        "name": "미아리 곰장어 아나고",
        "adress": "서울 강북구 미아동 54-207 1층",
        "time": "공휴일 16:00~02:00 ☆매월 둘째 넷째 월요일휴무☆ | 주말 16:00~02:00 ☆매월 둘째 넷째 월요일휴무☆ | 평일 16:00~02:00 ☆매월 둘째 넷째 월요일휴무☆",
        "phone": "0507-1489-0010",
        "op": "undefined단체석 /포장 /배달 /예약 /무선 인터넷 /반려동물 동반 /남/녀 화장실 구분 /지역화폐 (지류형) /지역화폐 (카드형) /지역화폐 (모바일형) /제로페이 /",
        "way": "미아사리 롯데백화점 5분거리입니다\n\n미아사거리역 2번출구 직진후 80미터 오시면\n왼쬑 세븐일레븐 골목으로 들어와 오른쪽 길로 오시면 됩니다!\n\n방천시장 입구 100미터 이내 입니다\n\n편하게 전화주세요",
        "booking": "https://booking.naver.com/booking/6/bizes/578767",
        "category": "한식",
        "menus": [
            "아나고소금구이1인분",
            "16,000원"
        ],
        "description": "저희는 미사어거리역 근처\n롯데백화점 근처\n한옥의 분위기 좋은 밥집,술집 입니다\n\n주메뉴는 숯불에 구워먹는 장어와 곰장어 소고기 닭발이고\n저희만의 프리미엄 소스와 숙성법으로 풍미를 더했습니다\n\n또한 장어는 양식이 불가한 바다 장어로 100%자연산 장어이며 민물장어와는 다르게 단백함을 느끼실수 있습니다!!\n\n 메뉴 특성상 신선함을 가장 중요시 하게 생각하며\n위생에 철저한 업체입니다\n\n연말 연초 모임하시는 분들 회식자리을 위해 미리 전화주시면\n단체석도 환영입니다"
    },
    {
        "no": 21,
        "code": 13027042,
        "images": "https://ldb-phinf.pstatic.net/20211004_129/1633286541671u5wjQ_JPEG/4TaAGwSwjHZQGP0ecI-BjZUy.jpg",
        "name": "엘림들깨수제비칼국수",
        "adress": "서울 강북구 수유동 521-20",
        "time": "금요일 11:30~21:00 브레이크타임: 3:30~5:00pm | 목요일 11:30~21:00 브레이크타임: 3:30~5:00pm | 수요일 11:30~21:00 브레이크타임: 3:30~5:00pm | 화요일 11:30~21:00 브레이크타임: 3:30~5:00pm | 월요일 11:30~21:00 브레이크타임: 3:30~5:00pm | 일요일 휴무 | 토요일 11:30~21:00 쉬는시간 없어요",
        "phone": "02-996-2583",
        "op": "undefined주차 /포장 /예약 /",
        "way": "서울 강북구 국립재활원 사거리에 있습니다.",
        "booking": "",
        "category": "음식점",
        "menus": [
            "칼국수",
            "10,000원"
        ],
        "description": "서울 수제비 들깨칼국수 맛집 강북구 맛집. 들깨수제비로 유명한 집입니다. \n\n북한산 맛집으로 알려져있으며 보리밥 수육 만두 칼제비 들깨칼국수 생포장도 판매합니다."
    },
    {
        "no": 22,
        "code": 1646263725,
        "images": "",
        "name": "제일분식",
        "adress": "서울 강북구 수유동 39-54",
        "time": "매일 11:30~22:00",
        "phone": "02-999-7333",
        "way": "",
        "booking": "",
        "category": "분식",
        "menus": [
            "떡볶이",
            "5,000원"
        ],
        "description": "배달포장전문 제일분식입니다."
    },
    {
        "no": 23,
        "code": 1871134864,
        "images": "https://ldb-phinf.pstatic.net/20220724_29/1658644870067osy47_JPEG/9871230A-CC0E-424B-980D-F2847CC03035.jpeg",
        "name": "호조참치",
        "adress": "서울 강북구 수유동 178-19",
        "time": "매일 15:00~01:00 연중무휴 | 일요일 15:00~24:00 일요일 12시까지영업",
        "phone": "0507-1414-3470",
        "op": "undefined단체석 /주차 /포장 /예약 /남/녀 화장실 구분 /제로페이 /",
        "way": "차량-지하철 4호선 수유역에서 강북구청사거리방면으로 오시다가 좌회전하셔서 300m 정도 직진하시면 됩니다.\n\n대중교통- 지하철 4호선 수유역 8번출구로 나오신후 150m정도 오셔서 강북구청사거리에서 좌회전하셔서 도보300m 정도 오시면 됩니다.",
        "booking": "https://booking.naver.com/booking/6/bizes/336496",
        "category": "한식",
        "menus": [
            "실장추천",
            "45,000원"
        ],
        "description": "신선한 참치를 제공하기위해 최선을 다하고있습니다\n가격대비 최고의 구성으로 고객들의 만족을 최고로 모시기위해 최선을 다하고있습니다"
    },
    {
        "no": 24,
        "code": 1898093858,
        "images": "https://ldb-phinf.pstatic.net/20230406_177/1680763383296ExIhk_PNG/%B9%CC%BC%BA%B9%DD%C1%A11_230406.png",
        "name": "미성반점",
        "adress": "서울 강북구 수유동 569-64 1층",
        "time": "매일 11:30~21:00",
        "phone": "02-990-5388",
        "op": "undefined단체석 /주차 /포장 /배달 /예약 /제로페이 /",
        "way": "-도보이용시 : 4.19민주묘지역 2번 출구에서 582m 걸어오시면 됩니다.\n-자차이용시 : 가게앞에 4대정도 가능하고, 419탑 공원 주차장에 2시간까지 무료주차 가능합니다.",
        "booking": "",
        "category": "중식",
        "menus": [
            "숙성 등심 탕수육",
            "17,000원"
        ],
        "description": "강북구 수유동에 위치한 중국집 중식당인 저희 미성반점은 청와대 중식수석셰프 그리고 대한민국 대통령실 중식수석셰프를 역임한 서정균 셰프가 직접 운영하는 매장입니다. (대한민국 대통령실 첫번째 요리사)\n\n프랜차이즈 매장이 아닌 하나부터 열까지 모든걸 매장에서 직접 준비합니다. 당일 사용할 신선하고 좋은 식재료를 엄선하여, 진하게 끓인 육수를 기본으로 한 식사와 인기있는 요리류를 저렴한 가격에 준비하여 주류와 곁들일 수 있도록 준비 했습니다.\n\n최상의 식재료가 최고의 주방장이다 라는 생각으로, 좋은재료를 사용한 건강한 중식을 추구합니다. 기본에 충실하고 늘 내가족이 먹는다는 생각으로 조리하고 있습니다.\n\n419맛집, 419탑 맛집, 수유중국집에서 더 최고로 인정받을 수 있도록 노력하겠습니다.\n\n항상 감사하는 마음으로 운영하겠습니다."
    }
]