[
    {
        "no": 0,
        "code": 1721530874,
        "images": "https://ldb-phinf.pstatic.net/20190723_271/1563874754346Xtell_JPEG/zVeop7AC22c5o_CufqyyFyLe.jpg",
        "name": "스시효무역센터점",
        "adress": "서울 강남구 삼성동 159-7 현대백화점 무역센터점 10층",
        "time": "매일 11:30~21:00 Last order 20:00",
        "phone": "02-3467-8610",
        "way": "",
        "booking": "",
        "category": "일식",
        "menus": [
            "런치",
            "38,000원"
        ],
        "description": ""
    },
    {
        "no": 1,
        "code": 31564605,
        "images": "https://ldb-phinf.pstatic.net/20200806_219/1596685432897fkIkG_JPEG/AJH6hSFGz4YLbU30rNBx2Mav.jpeg.jpg",
        "name": "언노운다이너",
        "adress": "서울 강남구 도곡동 423-7 2층 언노운다이너",
        "time": "일요일 휴무 Break time 15:00~17:30 | 매일 휴무 Break time 15:00~17:30",
        "phone": "0507-1485-6674",
        "op": "undefined단체석 /주차 /발렛파킹 /포장 /배달 /예약 /무선 인터넷 /지역화폐 (지류형) /지역화폐 (카드형) /지역화폐 (모바일형) /제로페이 /",
        "way": "매봉역 4번출구에서 직진후 작은횡단보도에서 좌회전 합니다. 200미터정도 걸어오시면 세븐일레븐 편의점이 있는 삼거리에서 우회전합니다. 50미터 정도 걸어오시면 왼쪽에 효미역이라는 미역국전문점이 보입니다. 해당 건물 2층에 위치해 있습니다.",
        "booking": "",
        "category": "음식점",
        "menus": [
            "티본스테이크 100g당",
            "30,000원"
        ],
        "description": "33일 드라이에이징 티본 스테이크를 메인으로 다양한 이탈리안 요리를 선보이는 언노운다이너 입니다.\n이용 전 아래 안내 사항 반드시 확인 부탁드립니다.\n\n- 휴무일: 일요일\n- 룸 예약: 단독룸 사용 시 콜키지를 제외한 최소 주문 금액 40만원 이상\n- 와인&콜키지 안내\n  > 금요일, 토요일 저녁 와인 또는 인당 1음료 주문 필수\n  > 와인 반입은 2인당 1병, 3-4인당 2병, 5인이상 최대 3병까지 가능\n  > 와인 반입 시 콜키지 비용 병당 3만원, 6인 이상일 경우 콜키지 병당 5만원\n- 예약시 알러지 및 와인지참 여부와 스테이크 주문의 경우 미리 알려주시면 원활한 서비스 가능\n\n15년동안 보내주신 변함없는 사랑에 보답하도록 늘 노력하겠습니다. 감사합니다."
    },
    {
        "no": 2,
        "code": 11717437,
        "images": "https://ldb-phinf.pstatic.net/20150831_287/1441027924407rA88P_JPEG/156155408250999_0.jpg",
        "name": "현대낙지집",
        "adress": "서울 강남구 신사동 550-3",
        "time": "매일 12:00~21:30 | 일요일 휴무 첫째주, 셋째주, 다섯째주",
        "phone": "02-544-8020",
        "op": "undefined주차 /",
        "way": "",
        "booking": "https://booking.naver.com/booking/6/bizes/482799",
        "category": "한식",
        "menus": [
            "낙지볶음",
            "33,000원"
        ],
        "description": "휴무일 : 매주 일요일 영업휴무\n\n35년 정통의 낙지전문점입니다.\n매일매일 아침마다 산낙지를 공급받아 최상의 맛과 서비스를 제공하고있습니다."
    },
    {
        "no": 3,
        "code": 13321644,
        "images": "https://ldb-phinf.pstatic.net/20221213_186/1670893099959JJLgs_JPEG/KakaoTalk_20221213_084852795_13.jpg",
        "name": "메리고라운드 스테이크",
        "adress": "서울 강남구 신사동 550-1 원영빌딩 1층",
        "time": "평일 11:30~22:00 Break time 15:00~16:30 / 15:00주문고객  브레이크타임에 식사가능 / 디너 Last order 21:00  (주말break time15:00~16:30)",
        "phone": "0507-1384-9141",
        "op": "undefined단체석 /주차 /포장 /배달 /방문접수/출장 /예약 /무선 인터넷 /남/녀 화장실 구분 /지역화폐 (카드형) /제로페이 /",
        "way": "지하철 3호선 신사역 8번 출구 나오셔서 직진하시면 단풍 가로등이 있는 2차선 작은 도로가 가로수길입니다. 내비게이션에 메리고라운드 스테이크 검색하시면 가로수길 애플스토어를 지나고, 자라ZARA가로수길점을 지나시며, 토미힐피거 매장과 커피빈 매장이 있는 건널목에서 길건너 맞은편에 A랜드(에이랜드)매장 골목으로 건너오셔서 50미터 앞에 권홍헤어와 CU편의점이 보이고, 바로 옆 검은색 천막지붕과 화분이 많은 노천 카페 느낌의 매장이 메리고라운드 스테이크입니다. 원목의 높은 벽면에 메리고라운드라고 간판이 보이실겁니다. 지하철 3호선 압구정역에서 내리실 때는 5번출구로 나오시며, 국민은행 압구정역 지점과 현대오일 새서울 주유소를 지나, 신구초교 공영주차장 이정표 보시고 골목 들어오시면 메리고라운드가 보이실겁니다.",
        "booking": "https://booking.naver.com/booking/6/bizes/68577",
        "category": "음식점",
        "menus": [
            "트러플채끝스테이크",
            "24,000원"
        ],
        "description": "서울시 강남 신사역 가로수길에 오픈한 지 14년된 가로수길 맛집 메리고라운드 스테이크입니다. 2008년에 오픈한 메리고라운드 스테이크 (구) 킹콩스테이크는 1989년 프랑스paris에서 탄생한 스테이크 양식 레스토랑입니다. 프랑스의 브런치 카페와 같은 캐주얼한 외관과 데이트하기 좋은. 분위기 좋은 인테리어에 트러플 채끝스테이크, 킹콩스테이크, 티본스테이크, 토마호크 스테이크 등 퀄리티 있는 다양한 스테이크 메뉴들을 가성비의 가격(스테이크 메뉴 19,000원부터)에서 즐기실 수 있는 가로수길 맛집 명소입니다.\n가로수길 원조 맛집으로 토크앤시티, 식신원정대, 미식아이돌, 미식클럽 등 14년동안 다수의 TV에 방영 소개된 대표적 가로수길 맛집으로 수많은 연예인들이 방문했어도 연예인 사진 하나 내걸지 않는 맛집 부심 스테이크 레스토랑입니다.\n스테이크와 곁들여 드실 수 있는 매일 신선한 리코타치즈 샐러드, 연어샐러드, 치킨샐러드, 비프샐러드, 안심스테이크로 구워주는 비프 크림파스타, 해산물이 듬뿍 들어간 사천 파스타, 소고기 미트볼 볼로네제 소스의 팬네 로제파스타, 최고급 오일 봉골레파스타,직접 스테이크 고기로 만든 100% 수제 쇠고기 함박스테이크, 스테이크 라이스, 부담없이 즐길 수 있는 스테이크 브런치, 프랑스 전통 발효종으로 만든 고르곤졸라피자, 살라미피자 등 캐주얼한 메뉴들과 부드러운 와인 안심스테이크와 꽃등심, 치마살 스테이크, 오픈 당시 상호와 같은 안심과 치마살 두가지 부위가 같이 나오는 킹콩스테이크가 가장 메인 메뉴로 지금도 사랑받고 있으며, 왕새우와 가리비 관자, 랍스터가 함께 나오는 콤보스테이크들, 채끝등심과 안심을 같이 즐기실 수 있는 티본스테이크, 포터하우스, 엘본스테이크, 토마호크 스테이크 등 프리미엄 스테이크들을 편안한 분위기에서 즐기실 수 있습니다.\n젊고 캐주얼한, 데이트하기 좋은, 가성비 좋은 와인, 맛있는 식사와 함께 특별한 날, 사랑하는 연인과 함께 하기 좋으며,\n방문하시는 고객 중에 몇 년전, 혹은 그 이전 자신이 초등학교때부터 왔다는 20~30대의 고객님들, 아이가 먼저 메리고라운드(킹콩스테이크) 가자고 한다는 고객님들이 많은, 찾아주시는 프리미엄 스테이크 하우스입니다.\n최고의 셰프들이 직접 육가공과 숙성(Aging)을 거쳐, 안전하고 건강한 고급 식자재로 스테이크 메뉴별 특제 소스 및 마리네이드 등 차별화된 스테이크를 준비합니다. 그릴과 오븐에서 직접 직화하여 10여가지 프리미엄 스테이크를 준비하고 있습니다.\n신사역 8번 출구로 나와 직진하시면, 단풍모양 가로등과 노란 단풍잎 가로수가 늘어선 가로수길에서 내비게이션 T맵에 메리고라운드 스테이크 검색하시면, 가로수길 애플스토어와 자라ZARA 가로수길점을 지나 60~70미터 걸어오시면 타미힐피거 매장과 커피빈 건널목이 있으며, 길건너 맞은편 A랜드(에이랜드)매장 골목 50미터 앞에 권홍헤어와 편의점 CU가 보이면, 그 옆 검정색 천막지붕과 많은 화분이 놓인 브라운톤의 메리고라운드 스테이크 매장이 보이실겁니다.\n원목 긴 벽면에 Merry go Round 간판이 붙어있으며, 주차는 매장앞과 옆의 주차라인이 있어 바로 주차 가능합니다."
    },
    {
        "no": 4,
        "code": 19877674,
        "images": "https://ldb-phinf.pstatic.net/20230715_272/1689399228035WYEhr_JPEG/KakaoTalk_20230715_140459085_07.jpg",
        "name": "리베르떼",
        "adress": "서울 강남구 도곡동 422-6 1층 - 리베르떼, 2층 - 브띠끄",
        "time": "매일 12:00~15:00 런치 | 매일 18:00~22:00 디너 | 매일 15:00~18:00 브레이크타임",
        "phone": "02-577-1044",
        "op": "undefined단체석 /주차 /발렛파킹 /예약 /무선 인터넷 /남/녀 화장실 구분 /",
        "way": "매봉역 4번 출구 도보 5~10분 거리 내외 입니다",
        "booking": "https://booking.naver.com/booking/6/bizes/152561",
        "category": "음식점",
        "menus": [
            "디너 코스 (1F)",
            "95,000원"
        ],
        "description": "리베르떼(1층) & 리베르떼 브띠끄(2층)\n특별한 날을 더 특별하게, 파인다이닝을 조금 더 부담 없이 즐길 수 있게 준비했습니다.\n항상 좋은 재료와 맛있는 음식, 편안한 서비스로 모시겠습니다.\n(창가 및 룸 예약은 메모 및 유선연락 부탁드립니다.)\n\n알레르기 관련\n유무선 예약시 메모 부탁드립니다. 사전 요청 없이 방문 후 현장 요청의 경우 메뉴 교체가 불가할 수 도 있습니다.\n\n발렛&주차 관련\n발렛주차 항시 준비되어있습니다. 단! 발렛 주차장 만차이거나 큰 차량일 경우 주변 유료주차장으로 안내해 드리고 있습니다.\n\n1층, 2층 개별 예약을 받고 있습니다\n2층 - 리베르떼 브띠끄는 모던함과 세련된 분위기로 창가자리와 룸(4인, 8인)이 준비되어 있는 프리미엄 플레이스 입니다. (L 6.0, D 11.0)\n\n1층 - 리베르떼는 엔틱하며 클래식한 분위기로 홀 테이블로 만 준비되어있습니다.(L 4.5, D 9.5 - 브띠끄 메뉴에서 한코스 작은 메뉴로 구성)\n\n예약시 메모에 적어주시거나, 전화로 사전확인 후 예약해주시면 더욱 원활한 예약진행이 가능 합니다.\n감사합니다.!!"
    },
    {
        "no": 5,
        "code": 20839590,
        "images": "https://ldb-phinf.pstatic.net/20200530_61/15908212638772AslY_JPEG/4rn-ZEE53y7yFIbAvjrOLEyL.jpeg.jpg",
        "name": "길손",
        "adress": "서울 강남구 신사동 574-8",
        "time": "매일 18:00~01:00 명절 휴무 | 일요일 휴무 첫째주, 셋째주",
        "phone": "02-546-1247",
        "op": "undefined단체석 /",
        "way": "",
        "booking": "",
        "category": "일식",
        "menus": [
            "주먹밥",
            "7,000원"
        ],
        "description": "가지, 꽈리고추, 마늘, 은행, 베이컨말이 등 다양한 소재의 꼬치구이가 유명한 로바다야키 주점입니다. 테이블 서너 개의 아담한 규모로, 영업시간도 길지 않아 언제나 손님들로 붐비는 곳인데요, 화려함 없는 정감어린 실내 분위기가 편안함을 안겨주지요. 한 자리에서 20년 이상 영업해오고 있다고 하는데요, 주문 즉시 꼬치에 구워주는 다양한 안주들과 복어 지느러미 구운 것을 넣은 히레사케가 인기입니다."
    },
    {
        "no": 6,
        "code": 13161161,
        "images": "https://ldb-phinf.pstatic.net/20150831_228/1441000069122xvBnt_JPEG/106576457134531_0.jpg",
        "name": "설매네",
        "adress": "서울 강남구 신사동 609-1 미승빌딩 지하 1층",
        "time": "매일 11:30~21:30 명절 휴무, 휴식시간 15:00~17:00",
        "phone": "0507-1351-0117",
        "op": "undefined단체석 /주차 /포장 /예약 /",
        "way": "압구정역 3번 출구로 올라오자마자 우측으로 돌아서 10m 가량 직진하시면 됩니다.",
        "booking": "",
        "category": "음식점",
        "menus": [
            "시골국밥",
            "9,000원"
        ],
        "description": "칼국수, 만두국 제외 전 메뉴 포장 가능합니다."
    },
    {
        "no": 7,
        "code": 11708527,
        "images": "https://ldb-phinf.pstatic.net/20220603_48/1654222243997sQx5q_JPEG/38C63C4E-5FDB-4AB2-9459-07E2F380FB5E.jpeg",
        "name": "동경전통육개장",
        "adress": "서울 강남구 역삼동 635-2 동경전통육개장 설곰탕",
        "time": "매일 09:00~21:00 (브레이크타임 15~17시) | 토요일 09:00~15:00 명절 당일 휴무",
        "phone": "02-566-9779",
        "way": "국기원 올라가는 언덕 허바허바빌딩 옆에 위치.",
        "booking": "",
        "category": "음식점",
        "menus": [
            "전통육개장",
            "10,000원"
        ],
        "description": "테헤란로7길22 과학기술회관"
    },
    {
        "no": 8,
        "code": 11623816,
        "images": "https://ldb-phinf.pstatic.net/20200526_1/1590447132401zp5Jg_JPEG/wO8atTAFx3jMf0sy7DyLFdBi.jpg",
        "name": "압구정서서갈비",
        "adress": "서울 강남구 신사동",
        "time": "평일 16:00~06:00 연중무휴",
        "phone": "02-516-4482",
        "way": "압구정 로데오 메인 거리 MLB 건너편, 허름한 철물점 옆 위치.",
        "booking": "",
        "category": "한식",
        "menus": [
            "옛날서서갈비",
            "21,000원"
        ],
        "description": "손바닥만한 협소한식당, 연탄불갈비를 드셔보세요. 인기연예인들과 함께 토속적인 맛과 멋을 즐기실 수 있는 곳입니다. 처음에는 의자 없이 서서 먹었던 압구정서서갈비 연탄불갈비 전문식당입니다. 저렴한 가격의 환상적인 맛의 연탄불갈비, 구수한 된장찌게, 토속적인 투가리 계란찜, 푸짐하게 단골고객님들의 무료서비스를 기대하셔도됩니다. 초저녁 시간에 기다려 먹는 만큼 서비스를 요구하세요."
    },
    {
        "no": 9,
        "code": 12064600,
        "images": "https://ldb-phinf.pstatic.net/20211227_152/1640584702843QOrMh_JPEG/1640584683554.jpg",
        "name": "오엔",
        "adress": "서울 강남구 압구정동 380-2",
        "time": "매일 11:00~05:00 BAR&DINING 06:00~",
        "phone": "0507-1400-1582",
        "op": "undefined단체석 /주차 /포장 /예약 /남/녀 화장실 구분 /제로페이 /",
        "way": "l 지하철: 3호선 압구정역 6번출구에서 한남대교 방향으로 직진 후, 신사중학교와 현대고등학교\n사잇길(우회전)로 150m 직진 후 한강공원 진입하는 신사나들목 터널로 들어오셔서\n주차부스를 끼고 좌회전, 주차장이 보이고 한강 위에 떠있는 오엔(ON)\nl 버 스: 미성아파트 정류장 하차 후, 신사중학교와 현대고등학교 사잇길로 진입(이하 상동)\n파란색버스(143, 240,342, 362, 472), 녹색버스(3011, 4318, 4412, 4419)빨간버스 (9407,9507),",
        "booking": "",
        "category": "음식점",
        "menus": [
            "T-bone Set (2인)",
            "219,000원"
        ],
        "description": "한남대교와 동호대교 사이 압구정동 한강변에 위치한 오엔(ON)은, 서울의 상징인 남산타워를 바로 보며, 맨하탄의 리버사이드를 연상시키는 강변북로에 일렬로 불을 밝힌 가로등 불빛들이 한남동의 UN Village 빌라들과 어우러져 만드는 야경이 일품이며, 흐린날 특유의 감상적인 분위기도 그만인 공간으로 한강에서 유일하게 품격 있는 이국적인 조망이 있는 수상공간입니다.\n\n1층 Dining 은 삼면이 탁트인 투명한 유리를 활용하여 최고의 전망이 있는 로맨틱 감성공간으로 발옆에서 찬란한 빛으로 출렁이는 물결속에 와인, 칵테일, 샴페인, 양주등 다양한 음주류와 입맛을 돋구는 여러가지 먹거리를 함께 즐기실 수 있는 식음료 공간입니다.\n\n2층 Cafe & Restaurant 은 통창으로 들어오는 사방의 멋진 경관과 함께 다채로운 요리의 향연을 만끽할 수 있습니다. Cafe는 안락한 소파로 다양한 식사와 디저트가 아침11시부터 새벽5시까지 시간에 구애 받지 않고 다양하게 제공 되며 Restaurant에서는 신선한 재료를 사용해 조리하는 트렌디한 요리를 코스로 즐기실 수 있습니다,\n\n3층 Party Hall은 House Wedding, Banquet, 1st Birthday 등의 특별한 기념일 파티를 즐기실수 있는 독립적인 파티홀로 탁트인 전경으로 사계절 변화하는 한강과 함께 선상에서의 영화속 한 장면 같은 파티를 경험하실 수 있습니다.\n\n기업 행사 : 세미나, 고객초청파티, 창립기념파티, 송년회.\n가족 모임 : 하우스웨딩, 피로연, 돌파티, 프라이빗파티."
    },
    {
        "no": 10,
        "code": 1328337783,
        "images": "https://ldb-phinf.pstatic.net/20230422_133/1682158207720rpHuN_JPEG/FB5FA27B-E4CB-4D0B-BD82-177F8F241A99.jpeg",
        "name": "숨스",
        "adress": "서울 강남구 논현동 6-5 1층",
        "time": null,
        "phone": "0507-1420-0732",
        "op": "undefined단체석 /예약 /반려동물 동반 /남/녀 화장실 구분 /",
        "way": "신사역1번출구에서 을지병원사거리 방향으로 5분거리\n은화계 지나고바로 오른쪽 작은골목 위치.",
        "booking": "",
        "category": "술집",
        "menus": [
            "고급 중식 유린기",
            "26,000원"
        ],
        "description": "숨스는 편안하고 즐거운 공간에서 만들어내는\n맛있는 요리와 술이 있는 요리주점 입니다.\n요리 경험이 많은 오너셰프가 직접 요리하는 만큼 믿고\n찾아오셔도 됩니다\n\n매장이 넓지 않기 때문에 다른 손님들을 위해서\n2시간 이용시간을 기본적으로 적용하고 있습니다.\n조금 불편하시더라도 참고 부탁드립니다!!"
    },
    {
        "no": 11,
        "code": 1079905695,
        "images": "https://ldb-phinf.pstatic.net/20210608_222/1623147385028xvOYc_JPEG/ioPq-CJeo6E-G4b9toTeV5IH.jpg",
        "name": "영지네포장마차",
        "adress": "서울 강남구 청담동 126-3 1층 102호",
        "time": null,
        "phone": "0507-1363-0169",
        "way": "",
        "booking": "",
        "category": "술집",
        "menus": [
            "탕류",
            "25,000원"
        ],
        "description": ""
    },
    {
        "no": 12,
        "code": 13113902,
        "images": "https://ldb-phinf.pstatic.net/20160517_150/1463462396445qkHpz_JPEG/NaverBlog_20150909_203523_00.jpg",
        "name": "55도 와인앤다인",
        "adress": "서울 강남구 청담동 83-1 지하 1층",
        "time": "매일 18:00~02:00 | 일요일 휴무",
        "phone": "02-518-5578",
        "op": "undefined단체석 /",
        "way": "",
        "booking": "",
        "category": "술집",
        "menus": [
            "포르치니 버섯 크림 리조또",
            "25,000원"
        ],
        "description": "와인을 보관하기 위한 최적의 온도인 화씨 55도를 타이틀로 한 유러피안 레스토랑입니다. 신선한 제철 재료를 최대한 활용하여 와인과 어울리는 유러피안 요리를 준비해드리며, 800종이 넘는 잘 숙성된 와인과 함께 미리 예약을 주시면 보다 수준 높은 와인앤다인을 즐기실 수 있습니다.\n\n12월 25일 일요일은 정상 운영합니다."
    },
    {
        "no": 13,
        "code": 12788575,
        "images": "https://ldb-phinf.pstatic.net/20200708_73/1594219947667KpzYg_JPEG/UGk9MZgATn6m5zXzx79SPk4P.jpg",
        "name": "텀블러비어 역삼직영점",
        "adress": "서울 강남구 역삼동 736-22 메이플라워멤버스빌오피스텔",
        "time": "매일 11:30~02:00 | 주말 휴무",
        "phone": "02-538-6665",
        "op": "undefined단체석 /예약 /무선 인터넷 /남/녀 화장실 구분 /",
        "way": "2호선 역삼역 3번 출구로 나와 강남역 방면으로 30m 내려오시다가 포스틸빌딩 사잇길로 50m 정도 들어오시면 왼쪽에 있습니다.",
        "booking": "",
        "category": "술집",
        "menus": [
            "Pizza",
            "22,000원"
        ],
        "description": "비어팩토리 역삼직영점은 라이스 볼에 직접 운영하는 유럽풍 프리미엄 펍 레스토랑으로, 최상의 맥주 품질과 50여 가지의 고품격 메뉴를 유럽식 테라스가 돋보이는 편안하고 이국적인 인테리어 속에서 즐기실 수 있는 신개념 펍 레스토랑입니다. 220석의 넓고 편안한 자리가 준비되어 각종 동호회 가족모임에도 제격입니다."
    },
    {
        "no": 14,
        "code": 13358436,
        "images": "https://ldb-phinf.pstatic.net/20200418_224/1587220460095GXDPA_JPEG/oCJwGKvw4sZpUhYtL6-dfF4R.jpeg.jpg",
        "name": "한추",
        "adress": "서울 강남구 신사동 549-9",
        "time": "평일 15:00~24:00 주방마감:23:00 | 금요일 15:00~01:00 주방마감:24:00 | 토요일 15:00~01:00 주방마감:24:00 | 일요일 휴무",
        "phone": "02-541-0969",
        "way": "가로수길 현대고등학교 건너편 신사동주민센터를 끼고 들어와 직진하다 좌회전.",
        "booking": "",
        "category": "술집",
        "menus": [
            "후라이드치킨",
            "21,000원"
        ],
        "description": ""
    },
    {
        "no": 15,
        "code": 1555782691,
        "images": "https://ldb-phinf.pstatic.net/20220610_260/1654794348225qJ29e_JPEG/376A4C44-C1F5-4BBD-919D-D1DC78A0939F.jpeg",
        "name": "식스나잇",
        "adress": "서울 강남구 신사동 638-9 지하1층",
        "time": null,
        "phone": "010-5089-5855",
        "op": "undefined단체석 /예약 /남/녀 화장실 구분 /",
        "way": "도산공원에서 도보10분 거리",
        "booking": "",
        "category": "술집",
        "menus": [
            "Food",
            "10,000~27,000원"
        ],
        "description": ""
    },
    {
        "no": 16,
        "code": 1467277531,
        "images": "https://ldb-phinf.pstatic.net/20230310_178/16784496527958V36W_JPEG/066E9BD6-705D-4951-A647-EC97B30BB81F.jpeg",
        "name": "획",
        "adress": "서울 강남구 신사동 517-10",
        "time": "일요일 17:00~23:00 | 토요일 17:00~23:00 | 금요일 17:00~23:00 | 목요일 17:00~23:00 | 수요일 17:00~23:00 | 화요일 17:00~23:00 | 월요일 휴무",
        "phone": "0507-1382-8332",
        "op": "undefined단체석 /남/녀 화장실 구분 /",
        "way": "신사역 8번 출구에서 300m\n강남시장 맞은편 골목에 위치해있습니다.\n주변 유료주차장은 신사동 515번지 이용(도보 3분거리)",
        "booking": "",
        "category": "술집",
        "menus": [
            "문어콩피",
            "24,000원"
        ],
        "description": "안녕하세요 획 입니다.\n저희는 무국적 메뉴와 그에 어울리는 전통주 & 와인을 제공하는 즐거운 공간 입니다.\n\n저희가 준비한 모둔 메뉴눈 전통주와 와인에 맞게 구성되어 있으며 한식, 양식, 일식, 중식을 기반으로 맛있게 재해석한 무국적 메뉴들로 구성되어 있습니다.\n꾸준한 메뉴 개발을 통해 다양한 맛과 즐거움을 드리겠습니다.\n\n획이 여러분에게 즐겁고 편안한 공간이 되길 바랍니다.\n감사합니다.\n\n주차가 안되오니 주변 공영주차장 이용부탁드려요.\n주변 유료주차장은 신사동 515번지 이용(도보 3분거리)\n\n신사동 8번 출구에서 300m 거리에 위치해 있습니다."
    },
    {
        "no": 17,
        "code": 1809466236,
        "images": "https://ldb-phinf.pstatic.net/20230204_53/1675498837512H43Dg_JPEG/KakaoTalk_20230125_193728748.jpg",
        "name": "우기식당",
        "adress": "서울 강남구 논현동 144-8",
        "time": "평일 17:00~03:00 평일 (월. 화. 수. 목. 금 ) | 주말 16:00~04:00 주말( 토, 일)",
        "phone": "0507-1318-8981",
        "op": "undefined포장 /배달 /예약 /무선 인터넷 /",
        "way": "",
        "booking": "https://booking.naver.com/booking/6/bizes/311985",
        "category": "술집",
        "menus": [
            "껍데기항정",
            "24,000원"
        ],
        "description": "우기만의 맛과 분위기로 특별한 행복을 전하는 특별한 식당입니다.\n양념 된 구이 메뉴들은 다 익혀 제공되며, 유니크한 반주를 즐길 수 있는 메뉴들로 구성 되어있습니다. 껍데기항정 구이와 이와 곁들여 먹는 강쇠주가 저희의 시그니쳐 입니다.\n이곳에 오신 모든 손님과 직원들이 행복했으면 좋겠습니다.\n더 만족스러운 경험을 위해 항상 노력하는 우기식당이 되겠습니다."
    },
    {
        "no": 18,
        "code": 1616327776,
        "images": "https://ldb-phinf.pstatic.net/20220825_59/16613880201059x1Hc_JPEG/KakaoTalk_20220825_090626145.jpg",
        "name": "뉴아게",
        "adress": "서울 강남구 신사동 657-41 1층 뉴아게",
        "time": null,
        "phone": "02-511-1060",
        "way": "",
        "booking": "",
        "category": "술집",
        "menus": [
            "쿠시카츠 세트[5종]",
            "15,000원"
        ],
        "description": "압구정 핫플 연예인들이 가장 많이 다녀간 뉴아게"
    },
    {
        "no": 19,
        "code": 1389858469,
        "images": "https://ldb-phinf.pstatic.net/20210816_117/16290986598013yogn_JPEG/U7AQS5sxJEHCdLiIMsNEUmoa.jpg",
        "name": "진도켄 이자카야",
        "adress": "서울 강남구 신사동 541-13 지하 1층",
        "time": "화요일 17:00~02:00 | 수요일 17:00~02:00 | 목요일 17:00~02:00 | 금요일 17:00~02:00 | 토요일 17:00~02:00 | 일요일 17:00~02:00",
        "phone": "0507-1330-5614",
        "op": "undefined발렛파킹 /예약 /무선 인터넷 /남/녀 화장실 구분 /",
        "way": "브루클린 버거 맞은면 효도치킨 지하1층 입니다.\n분홍색 진도개를 찾아주세요",
        "booking": "",
        "category": "술집",
        "menus": [
            "모듬사시미",
            "39,000원"
        ],
        "description": "가로수길의 새로운 이자카야 입니다.\n단순한 일본식 이자카야가 아닌 펍형식의 새로운 이자카야 에요~!\n개성있는 음식들과 사케, 와인, 위스키, 국산 전통주 등\n다양한 주류를 판매하고 있습니다.\n\n-월요일 영업 시작을 하였습니다-\n(기존 : 월요일 정기휴무)\n많은 관심과 사랑 부탁드립니다.\n\n-발렛 파킹-\n옆건물 세븐일레븐 발렛 부스 이용하시면 됩니다!!\n\n-예약-\n캐치테이블 또는 전화(6인이상)\n\n예약 방문시 '사케, 와인, 위스키, 소츄, 전통주' 중에 바틀 주문 필수입니다~ 다양한 이벤트로 저렴하게 이용할 실수있으니 참고 부탁드립니다.\n\n-기타 전화문의-\n02-6956-5609\n(문의 가능시간: 16:00~24:00)"
    },
    {
        "no": 20,
        "code": 11679450,
        "images": "https://ldb-phinf.pstatic.net/20190130_158/15488244793962v2yy_JPEG/1a3Gq-Vp24ArIblW3sGADXzj.jpeg.jpg",
        "name": "허형만의 압구정커피집",
        "adress": "서울 강남구 압구정동 426 신현대상가 2동 107호",
        "time": "평일 08:00~19:00 | 공휴일 휴무 | 일요일 휴무 | 수요일 10:00~12:00 허형만의 커피스쿨(기본반) | 화요일 10:00~12:00 허형만의 커피스쿨(중급반) | 토요일 08:00~18:00",
        "phone": "0507-1367-5078",
        "op": "undefined주차 /포장 /예약 /무선 인터넷 /남/녀 화장실 구분 /제로페이 /",
        "way": "지하철 3호선 압구정역 6번 출구에서 200m에 위치.",
        "booking": "",
        "category": "카페,디저트",
        "menus": [
            "압구정커피",
            "5,000원"
        ],
        "description": "압구정 터줏대감, 허형만의 압구정 커피집에서 매일 볶아 맑고 향기로운 커피를 즐길 수 있습니다.\n명인 허형만의 커피 기술을 맛보고 즐기며 배울 수 있는 명소.\n직접 생두를 고르고 절묘하게 볶아서 정교하게 추출하여 마실 수 있는 곳.\n\n매주 화,수 허형만의 커피스쿨 (오전 10시~12시) 2시간\n허형만의 커피스쿨은 커피 이론은 보다 쉽게, 커피의 맛과 향의 분별력은 정확하게, 최고의 커피를 위한 추출기술은 명쾌하게 알려드립니다."
    },
    {
        "no": 21,
        "code": 1285186695,
        "images": "https://ldb-phinf.pstatic.net/20230302_259/1677758007406bGjem_JPEG/KakaoTalk_20230302_205216923.jpg",
        "name": "트리오드",
        "adress": "서울 강남구 역삼동 649 유니언타운 L층",
        "time": "매일 11:00~22:30 Last Order 21:30",
        "phone": "0507-1337-9427",
        "op": "undefined단체석 /포장 /배달 /무선 인터넷 /남/녀 화장실 구분 /제로페이 /",
        "way": "<지하철>\n강남역 도보 3분 (94m)\n신논현역 도보 10분 (295m) \n\n<버스정류장>\n강남역 12번출구, 강남역,역삼세무서, 강남역,서초초교앞, 강남역,뉴욕제과,신논현역",
        "booking": "",
        "category": "음식점",
        "menus": [
            "페어링 세트",
            "17,000원"
        ],
        "description": "강남 카페 트리오드는 라디오의 주파수를 맞춰 원하는 채널을 들을 수 있게 해주는 장치입니다.\n라디오 주파수를 맛추듯 고객에게 딱 맞는 취향을 찾아주는 카페입니다.\n\n트리오드는 파티셰와 셰프, 그리고 그 사이에서 중심을 잡아주는 바리스타가 함께 공명하여 빛나는 경험을 만들어주는 공간입니다."
    },
    {
        "no": 22,
        "code": 1026184715,
        "images": "https://ldb-phinf.pstatic.net/20230202_76/1675322937967EdubY_PNG/%B3%D7%C0%CC%B9%F6_%B4%EB%C1%F6_1.png",
        "name": "글루글루",
        "adress": "서울 강남구 삼성동 129-4 1층 101호",
        "time": null,
        "phone": "0507-1407-9098",
        "op": "undefined포장 /무선 인터넷 /",
        "way": "삼성중앙역 7번 출구 첫 번째 골목으로 들어와 400m 가량 직진하시면 코너 1층에 위치해 있습니다.",
        "booking": "",
        "category": "음식점",
        "menus": [
            "츄러스",
            "6,000원"
        ],
        "description": "글루글루 (GLUU GLUU)는 기존 한국에서 볼 수 없던 스페인 남부식 츄러스인 뽀라스를 선보이고, 스페인 전통 커피와 에스프레소 메뉴로 음료를 구성하고 있는 츄레리아 & 에스프레소 바 입니다.\n\n** 츄러스 & 뽀라스는\n    11:30 ~ 19:00 주문 가능합니다.\n\n** 뽀라스는 당일 제조이며 한정 수량으로 조기 소진될 수 있습니다."
    },
    {
        "no": 23,
        "code": 34016603,
        "images": "https://ldb-phinf.pstatic.net/20210509_87/1620541361661OMRUl_JPEG/tEEdIzEFLcIhVftLCEiahq2b.jpeg.jpg",
        "name": "알베르",
        "adress": "서울 강남구 역삼동 618-11",
        "time": "매일 10:00~23:00",
        "phone": "02-566-6181",
        "op": "undefined단체석 /무선 인터넷 /남/녀 화장실 구분 /",
        "way": "",
        "booking": "",
        "category": "카페,디저트",
        "menus": [
            "에스프레소",
            "5,000원"
        ],
        "description": "넓은 실내 공간으로 쾌적하며 정원의 나무들 덕분에 자연속에 있는 느낌입니다"
    },
    {
        "no": 24,
        "code": 20307979,
        "images": "https://ldb-phinf.pstatic.net/20150901_294/14410427304395OmrO_JPEG/SUBMIT_1373972484789_20307979.jpg",
        "name": "워너커피 가로수길점",
        "adress": "서울 강남구 신사동  515",
        "time": "평일 07:00~00:00 | 주말 08:00~00:00",
        "phone": "02-512-2285",
        "op": "undefined포장 /배달 /예약 /무선 인터넷 /",
        "way": "",
        "booking": "",
        "category": "카페,디저트",
        "menus": [
            "아메리카노",
            "2,500원"
        ],
        "description": "저렴한 가격에 커피를 마실 수 있는 곳. 가격대비 진하고 부드러운 커피를 마실 수 있다. 실내가 아담하여 편안히 오랜 시간 앉아 있기 보다는 테이크아웃을 많이 한다."
    },
    {
        "no": 25,
        "code": 1967647240,
        "images": "https://ldb-phinf.pstatic.net/20221013_238/1665629671160QMvrk_JPEG/%B5%B5%BB%EA1.jpg",
        "name": "런던 베이글 뮤지엄 도산점",
        "adress": "서울 강남구 신사동 642-25 1, 2층",
        "time": null,
        "phone": "",
        "op": "undefined주차 /발렛파킹 /포장 /무선 인터넷 /",
        "way": "*발렛주차 안내\n\n발렛주차는 옆건물 '스플렌디노'에서 관리하고 있습니다.\n- 주소 : 서울 강남구 언주로 168길 31 (검은색 부스)\n- 오전 10시부터 가능\n\n발렛주차 자리가 만석이거나, 보험이 되지 않는 차량.\n(포르쉐, 롤스로이스, 벤틀리 등 고가 차량)을 가지고\n오실 경우에는 주변 유료주차장 이용을 부탁드립니다.\n\n*가장 가까운 유료주차장\n1. 대성 유료주차장 : 서울 강남구 언주로 168길 6-9\n2. 도산공원 노상공영주차장 : 서울 강남구 도산대로 45길 10",
        "booking": "",
        "category": "카페,디저트",
        "menus": [
            "더블 베이컨 감자 샌드위치",
            "14,800원"
        ],
        "description": "다정한 스텝과 방금 나온 베이글.\n그리고 따뜻한 수프가 기다리는\n가장 가까운 런던 속 베이글 뮤지엄,\n\n국내 어디에서도 맛볼 수 없었던\n베이글의 식감과 무드를 선보입니다."
    }
]