[
    {
        "no": 0,
        "code": 11719795,
        "images": "https://ldb-phinf.pstatic.net//20170629_155/1498741733372afcIf_JPEG/IMG_3461.JPG",
        "name": "초롱이고모부대찌개",
        "adress": "서울 강동구 암사동 496-17 암사시장 1문",
        "time": "매일 11:00~22:00 1월1일, 명절, 매주 화요일 휴무",
        "phone": "02-442-3546",
        "op": "undefined주차 /포장 /무선 인터넷 /지역화폐 (지류형) /지역화폐 (카드형) /지역화폐 (모바일형) /제로페이 /",
        "way": "암사역 1번 출구 암사종합시장내 있습니다. 시장 1문 들어오면 바로 보입니다\n\n주차 안내\n 1. 암사역 부근 동양덱스빌(백두산사우나) 2만원 이상 결제시 주차확인\n 2. 암사시장 중간(반달길) 노상공영 주차 공휴일은 무료 평일은 30분 주차 쿠폰",
        "booking": "",
        "category": "한식",
        "menus": [
            "부대찌개 1인",
            "9,000원"
        ],
        "description": "초롱이고모부대찌개는 강동구 암사동에서 30년 넘게 2대 운영되는 부대찌개 맛집입니다.\n국산 배추와 고추가루 새우젖으로 김장하여 묵은지로 만들어 저온 냉장 저장하여 사용하고 있으며 100% 한우 사골육수를 우려내어 묵은지와 어울려 시원하고 깊은 맛을 더 합니다!\n또한 최상의 햄 소시지를 선별하여 사용하고 다른 부대찌개에서 볼수 없는 미나리 부추 숙주 등 다양한 채소를 넣어 건강함을 담은 먹거리를 제공하고 있습니다."
    },
    {
        "no": 1,
        "code": 11598207,
        "images": "https://ldb-phinf.pstatic.net/20230712_111/1689127395433RIGve_JPEG/IMG_3317.jpeg",
        "name": "고모네원조콩탕황태탕",
        "adress": "서울 강동구 성내동 413-13",
        "time": "매일 11:00~21:00 콩국수 사계절합니다 | 매일 11:30~21:00 주차안됨 | 매일 15:00~17:00 브레이크타임(마지막주문 오전 14:30, 오후 20:20) | 월요일 00:00~23:59 매주 월요일 휴무",
        "phone": "02-485-4675",
        "op": "undefined단체석 /포장 /무선 인터넷 /남/녀 화장실 구분 /지역화폐 (지류형) /제로페이 /",
        "way": "둔촌역 4번 출구 도보 5분 거리, 우리은행 뒤에 위치.",
        "booking": "https://booking.naver.com/booking/6/bizes/437746",
        "category": "한식",
        "menus": [
            "콩국수 (사계절)",
            "13,000원"
        ],
        "description": "<수요미식회 125회 방영>\n이현우씨가 콩국수 드시고\n<이건 성인 이유식이야>\n라고 설명해 주셨습니다\n\n(정기휴무안내)\n첫째 셋째 월요일 휴무\n둘째 넷째 일요일 월요일 (이틀 휴무)\n\n파주 장단콩 100%로 음식을 만들고 있습니다\n사계절 오전 오후로 국산콩 정성껏 삶아서\n콩국수 콩탕 콩비지 청국장 만들고 있습니다\n언제든지 방문하셔서 맛있는 콩요리 맛보세요\n주차불가능 .대중교통 이용바랍니다\n\n매장 위치는 서울 강동구 둔촌역에\n위치해 있습니다"
    },
    {
        "no": 2,
        "code": 1317180031,
        "images": "https://ldb-phinf.pstatic.net/20230427_236/1682570746456slzjo_JPEG/IMG_1943.JPG",
        "name": "성내굼터",
        "adress": "서울 강동구 성내동 563 대경빌딩",
        "time": null,
        "phone": "02-484-9200",
        "op": "undefined단체석 /예약 /남/녀 화장실 구분 /",
        "way": "강동구청 2번 출구 도보 9분\n강동보건소 건너 도보 2분",
        "booking": "",
        "category": "한식",
        "menus": [
            "통삼겹살",
            "17,000원"
        ],
        "description": "가성비 최강 맛집 참숯구이 전문점 성내굼터입니다\n착한 가격에 좋은 고기 그리고 아낌없는 구성으로 한번 오신 분들은 무조건 단골이 되는 고기집입니다\n많은 사랑 부탁드립니다 : )"
    },
    {
        "no": 3,
        "code": 1308917048,
        "images": "https://ldb-phinf.pstatic.net/20200728_294/1595930318802iA7uE_JPEG/paltzm4_Zbh0rhwG0r7lTsRr.jpg",
        "name": "우양우",
        "adress": "서울 강동구 성내동 29-7 1층 우양우",
        "time": "매일 17:00~00:00",
        "phone": "0507-1366-8986",
        "op": "undefined무선 인터넷 /남/녀 화장실 구분 /제로페이 /",
        "way": "대중교통 이용시\n천호역 6번출구로 나와 100m 삼거리에서 우회전하시고 롯데시네마 맞은편 골목으로 200m거리에 있습니다. 도보 5분거리입니다.\n\n자가용 이용시\n네이버 네비게이션 천호동공영주차장 치고 오시면 저렴하게 이용가능하십니다. 주차장 5번출구로 나오셔서 도보 3분거리에 있습니다.",
        "booking": "",
        "category": "한식",
        "menus": [
            "한우손말이",
            "29,000원"
        ],
        "description": "안녕하세요. 강동구 천호역 한우전문 구이 맛집 우양우 입니다.\n10년간 육류 외식업 경험을 토대로 최고등급 한우 원육퀄리티를 준비합니다.\n우양우는 한우구이 전문점으로 살치살,새우살,등심,안심,갈빗살,차돌박이,한우손말이\n를 최상의 숙성 상태를 만들어 제공하며 제철식재료를 이용한 곁들임 또한 일품입니다.\n\n숯,원육,서비스 삼박자를 만족스러운 식사시간이 될수있도록 노력하겠습니다\n천호역맛집 성내동맛집 강동구 대표 맛집을 지향하며\n최고의 한우전문점이 되도록 하겠습니다.\n\n우양우 만의 특별한 한우손말이 와 좋은자리를 즐겨보세요\n\n<콜키지 프리>\n위스키, 와인, 사케등 좋은술과 한우의 페어링을 즐기세요\n잔은 구비되어 있지 않습니다.\n\n<교통안내>\n자차이용시\n네이버에 우양우 검색후 네이버 길찾기 이용하시는게 가장 정확합니다.\n주차 불가\n천호동공영주차장 이용바랍니다. (도보 3분)\n\n대중교통이용시\n지하철 5호선 천호역 6번출구\n롯데시네마 맞은편 골목 200m"
    },
    {
        "no": 4,
        "code": 1946145720,
        "images": "https://ldb-phinf.pstatic.net/20221207_254/1670398851265ECUJ6_JPEG/IMG_4703.jpg",
        "name": "달청",
        "adress": "서울 강동구 성내동 557-4 2층",
        "time": null,
        "phone": "02-477-6686",
        "op": "undefined단체석 /포장 /배달 /예약 /무선 인터넷 /남/녀 화장실 구분 /지역화폐 (카드형) /제로페이 /",
        "way": "강동구청 맞은편 스타벅스 골목으로 쭉 올라오시면 미주부동산 건물 2층 입니다.",
        "booking": "",
        "category": "음식점",
        "menus": [
            "달청한상",
            "15,000원"
        ],
        "description": "30년 노하우가 담긴 깊은 맛의\n100% 국내산 청국장,\n직화로 볶아낸 불 향 가득 제육볶음 전문점\n달청 입니다."
    },
    {
        "no": 5,
        "code": 36295191,
        "images": "https://ldb-phinf.pstatic.net/20171218_174/1513562493100UN2X2_JPEG/3-sgreGn2jFb6EZOOuae-Uyn.jpg",
        "name": "푸지미곱창",
        "adress": "서울 강동구 성내동 42-5",
        "time": "매일 16:00~22:00 홀 마지막 주문: 21시 30분",
        "phone": "0507-1339-3463",
        "op": "undefined포장 /지역화폐 (지류형) /지역화폐 (카드형) /",
        "way": "",
        "booking": "",
        "category": "한식",
        "menus": [
            "야채곱창",
            "12,000원"
        ],
        "description": "죄송하지만 전화 연결이 어렵습니다\n매장으로 찾아주시면 감사하겠습니다!"
    },
    {
        "no": 6,
        "code": 1637966123,
        "images": "https://ldb-phinf.pstatic.net/20230103_183/1672735527730m2bSf_JPEG/IMG_20221220_091838_327.jpg",
        "name": "멘야세븐",
        "adress": "서울 강동구 길동 396-13 1층",
        "time": "매일 11:30~20:30 BREAK TIME 14:00-17:00 | 일요일 휴무",
        "phone": "0507-1357-7807",
        "op": "undefined포장 /배달 /남/녀 화장실 구분 /",
        "way": "강동우체국 근처",
        "booking": "",
        "category": "일식",
        "menus": [
            "세븐 마제소바",
            "11,000원"
        ],
        "description": "멘야세븐 가맹모집 중 010-8788-8195\n                   www.menyaseven.co.kr\n\n강동구 유일의 마제소바 전문점 멘야세븐 입니다.\n현재 단일메뉴(세븐 마제소바,카라이 마제소바)로\n운영중에 있습니다.\n맛있는 한끼 식사로 (마제소바) 멘야세븐\n많은 방문 부탁드립니다\n\n-참고사항-\n비 상업지역 및 주택밀집 지역이라 주차가\n불가한점 양해부탁 드립니다."
    },
    {
        "no": 7,
        "code": 33928362,
        "images": "https://ldb-phinf.pstatic.net/20210214_27/1613294401889nW0SW_JPEG/uuUWazNTQEb8Cfi2WiGs4xdq.jpeg.jpg",
        "name": "송월냉면",
        "adress": "서울 강동구 천호동 401-7 송월냉면",
        "time": "매일 09:00~21:00 명절 (설날.추석) 당일만 휴무입니다.",
        "phone": "02-484-1910",
        "op": "undefined주차 /포장 /남/녀 화장실 구분 /제로페이 /",
        "way": "",
        "booking": "",
        "category": "한식",
        "menus": [
            "물냉면",
            "7,000원"
        ],
        "description": "Since 1988년\n2대째 운영중인 사골(육수)냉면 입니다."
    },
    {
        "no": 8,
        "code": 37202817,
        "images": "https://ldb-phinf.pstatic.net/20190131_227/15489093368147kzOF_JPEG/qSGL2ReJ0oMaebcwkztZx8_Z.jpeg.jpg",
        "name": "풍년상회",
        "adress": "서울 강동구 성내동 12-39",
        "time": "매일 16:00~23:00 Last order 22:00",
        "phone": "02-478-0555",
        "way": "",
        "booking": "",
        "category": "한식",
        "menus": [
            "양념쪽갈비",
            "17,000원"
        ],
        "description": ""
    },
    {
        "no": 9,
        "code": 36538463,
        "images": "https://ldb-phinf.pstatic.net/20210826_152/1629907559477Tl5vY_JPEG/HubcV2C0wr7JF1mYOEnw8zuL.jpeg.jpg",
        "name": "시집그릴하우스",
        "adress": "서울 강동구 성내동 42-12 지하 1층, 1층",
        "time": "매일 17:00~00:00",
        "phone": "0507-1370-8986",
        "op": "undefined단체석 /예약 /무선 인터넷 /남/녀 화장실 구분 /",
        "way": "대중교통 이용시\n지하철 5호선 천호역 6번출구 이용후 약 100m 전방에 쭈꾸미골목길로\n들어오셔서 길따라 첫번째 샛길로 들어오시면 시집그릴하우스 입니다. 출구기준 5분정도 거리에 위치하고 있습니다.\n\n자가용 이용시\n네이버 네비게이션 시집그릴하우스 검색하시고 오시면 됩니다.\n주차장이 없으니 천호역공영주차장 또는 롯데시네마강동에 주차하시면 됩니다.\n출구기준 3분정도 거리에 위치하고 있습니다.",
        "booking": "",
        "category": "한식",
        "menus": [
            "육즙목살",
            "15,000원"
        ],
        "description": "안녕하세요 강동구 천호역 돼지고기 구이 맛집 시집그릴하우스 입니다.\n천호역 10년간의 고기집 운영노하우를 가지고 원육을 최우선으로 운영하겠습니다.\n\n시집그릴하우스는 돼지고기 구이 전문점으로 삼겹살,목살,뼈등심,꼬들살,돼지껍데기 를 주력으로 제공하고있으며 제철식재료를 이용하여 정성스런 곁들임들을 제공합니다.\n\n천호역 맛집, 성내동 맛집, 강동구 맛집으로 거듭나도록 열심히 노력하겠습니다.\n\n여러분이 있기에 시집그릴하우스가 있습니다."
    },
    {
        "no": 10,
        "code": 20780387,
        "images": "https://ldb-phinf.pstatic.net/20171008_73/1507397017285ko7Rc_JPEG/5DlZDM5pFA4fs2LfCWrImrLg.jpg",
        "name": "헤븐스키",
        "adress": "서울 강동구 천호동 453-8 원방빌딩 지하1층 헤븐스키",
        "time": "평일 18:00~05:00 | 주말 18:00~06:00",
        "phone": "02-474-9633",
        "op": "undefined단체석 /주차 /예약 /무선 인터넷 /남/녀 화장실 구분 /",
        "way": "천호로데오 나비 옆\n천호동 453-8 원방빌딩 지하1층",
        "booking": "",
        "category": "술집",
        "menus": [
            "A Menu",
            "17,800원"
        ],
        "description": "+ 조선호텔 / 공군참모총장 공관 메인 출신 쉐프 사장님의 맛있는 요리\n\n+ 예약 및 대관 가능"
    },
    {
        "no": 11,
        "code": 1470551566,
        "images": "https://ldb-phinf.pstatic.net/20230712_266/16891506563505zi77_JPEG/IMG_20230619_184533_779.jpg",
        "name": "와카노키친",
        "adress": "서울 강동구 암사동 469-19",
        "time": "매일 13:00~01:00",
        "phone": "0507-1344-0512",
        "op": "undefined포장 /배달 /예약 /무선 인터넷 /제로페이 /",
        "way": "암사역1번출구에서 5분거리위치\n암사동 469-19",
        "booking": "https://booking.naver.com/booking/6/bizes/818663",
        "category": "술집",
        "menus": [
            "모둠사시미",
            "47,000원"
        ],
        "description": "와카노키친은 노키즈존으로 운영중입니다.\n저희 매장은 숙성생연어 한우타다키 묵은지삼합을 필두로 여러 수제요리로 강동구의 유일무이한 숙성연어/한우육사시미전문점으로써 자리매김 중입니다 ^^ 많은성원부탁드립니다^^"
    },
    {
        "no": 12,
        "code": 1971408303,
        "images": "https://ldb-phinf.pstatic.net/20220906_29/16624697809829GTL7_JPEG/KakaoTalk_20220829_204522072_06.jpg",
        "name": "연풍민락",
        "adress": "서울 강동구 천호동 453-8 2층 연풍민락",
        "time": "매일 16:00~03:00",
        "phone": "0507-1376-9688",
        "op": "undefined단체석 /주차 /포장 /배달 /예약 /무선 인터넷 /남/녀 화장실 구분 /지역화폐 (카드형) /지역화폐 (모바일형) /제로페이 /",
        "way": "- 쉬운길안내 : 로데오거리 나비쇼핑몰 옆건물 2층에 위치\n\n- 주차주소 : 건물뒷편 '원방빌딩주차장'\n(테이블당 1대차 2시간무료)",
        "booking": "https://booking.naver.com/booking/6/bizes/266742",
        "category": "술집",
        "menus": [
            "홍백커튼샤브샤브",
            "25,000원"
        ],
        "description": "연풍민락은 개화기 시대의 맛과 분위기를 재해석한 레트로 이자카야입니다\n\n혼재된 시대적 배경에 맞게 한식을 기반으로 일식,서양식을 표현했습니다\n한식 베이스의 특제간장소스를 개발하여 직접 끓여 낸 육수로 깊은맛을 낸 샤브샤브와 나베. 초강탄 머신에서 뽑아낸 탄산수로 만든 하이볼은 연간판매량 30,000잔 이상 판매되고 있는\n나베&하이볼 전문 이자카야입니다\n\n연풍민락은 '한해의 풍년이 들어 백성이 즐겁다' 라는 뜻으로\n지치고 힘든하루지만 저희 연풍민락에서 맛있는 음식과 한잔의 술로\n고단함을 달래줄 수 있는 공간을 만들고 싶었습니다\n항상 고객님들의 즐거운 술자리를 위해 더 나은 음식과 서비스로 보답하도록 항상 노력하겠습니다"
    },
    {
        "no": 13,
        "code": 1634131752,
        "images": "https://ldb-phinf.pstatic.net/20230530_91/1685440536693z0uFQ_JPEG/12.jpg",
        "name": "조앤글라스",
        "adress": "서울 강동구 성내동 45-1 2층",
        "time": null,
        "phone": "0507-1394-7831",
        "op": "undefined단체석 /예약 /남/녀 화장실 구분 /",
        "way": "네이버 검색 '조앤글라스' 클릭하셔서 길 찾기 버튼을 눌러서 오시면 매우 편리하게 매장방문 가능!\n\n[지하철,버스 이용시]\n천호역(5,8호선)에 하차 하신뒤, 6번출구에서 직진130m 첫골목이 나오면 롯데시네마 방향으로 직진100m후 길건너 피자마루 건물 2층에 위치해 있습니다.\n\n[주차장/요금]\n서울 강동구 천호대로 1026-1 주차장(24시간)(기본요금5분260원,추가요금5분260원) 도보2분 거리\n\n천호역, 성내동, 근처 오시면 많은 방문 부탁 드리겠습니다!\n소개팅OR연인과 천호CGV 데이트 후 분위기 코스로 제격인 '조앤글라스'\n천호쭈꾸미골목 먹고 2차 방문하기 좋은 '조앤글라스'\n단체회식 예약은 스마트콜로 전화주세요\n\n특별한 메뉴에 생과일하이볼 거기에 무료 쿠폰까지 !!\n무료쿠폰은 첫 화면 확인",
        "booking": "",
        "category": "술집",
        "menus": [
            "한우 육회 & 조앤글라스 스프레드치즈",
            "24,900원"
        ],
        "description": "호텔셰프의 특별한 메뉴와 제철 생과일 하이볼을 경험하고 싶다면 요리주점 조앤글라스(JOE ANDGLASS) 로 오세요. 더알고 싶다면 클릭\n\n1. 하이볼의 첫번째 필수요소 단단한 얼음\n저희는 하이볼에 특화 된 단단한 얼음을 사용하여 프레시한 맛의 하이볼을 여유롭게 즐길 수 있습니다.\n\n2. 제철 생과일 하이볼과 탄산수\n시그니처 리얼 하이볼 시리즈는 계절에 과일을 엄선해서 과즙과 과육을 직접 넣어 과일의 향과 맛을 그대로 살려서 하이볼을 제조합니다.\n\n3. 술의 종류가 다양한 성내동 술집\n술에 대한 지식이 풍부한 사장님이 여러 주류를 테스트해보면서 엄선한 하이볼, 위스키, 와인, 소주, 맥주 심지어 전통주까지 모두 만나보실수 있습니다.\n\n4. 저희는 음식이 메인인 요리주점입니다.\n저희 대표메뉴인 투뿔한우에 직접 튀긴 김부각을 곁들여 먹는 메뉴부터 직화로구운 배추와 우삼겹구이,파스타, 바질꿀토마토, 치즈플레이팅 과일까지 다양한 구성으로 준비되어 있습니다.\n\n5. 롯데시네마에서 영화보고 데이트 코스로 좋은 천호 근처 술집\n바로 앞 마주보는 위치에 천호의 랜드마크 롯데시네마가 있습니다. 영화한편 보고 맛집을 찾고싶다면 간단한 식사와 하이볼 한잔 분위기를 내고 싶다면 와인과 위스키를 시켜서 한잔하면 만족스러운 데이트로 마무리를 할수 있습니다.\n\n6. 회사의 전체 인원을 감당할수 있는 70석의 넓은 포차 느낌\n저희는 단체 손님을 환영합니다. 미리 연락을 주시고 예약을 해주시면 20명이상의 단체손님도 함꼐 즐기실 수 있는 넓은 공간을 보유하고 있고 음식도 모든 연령층을 만족시킬 수 있습니다. 상담 문의는 바로 전화 주세요\n\n7. 손님과의 간격이 넓어서 방해 받지 않고 이야기가 가능하다.\n너무 좁은 술집에서 옆에 손님이 붙어있어서 불편하지 않았나요\n저희 매장에 방문하시면 테이블 간 간격이 넓어 우리만의 이야기를 편하게 하실 수 있습니다.\n\n8. 혼술이 가능한 바 좌석과 밖 풍경을 바라볼 수 있는 좌석의 감성술집 와인바\n친절하고 정감 가는 사장님이 있어서 언제나 편하게 방문해서 바자리에서 이야기를 하면서 먹어도 되고 아니면 혼자서 조용히 즐기고 싶다면 밖 풍경을 보면서 편하게 드셔도 됩니다.\n\n9. 쭈꾸미골목에서 한잔하고 2차술집으로 추천\n쭈꾸미 골목 에서 한잔하고 분위기 좋게 와인한잔 하면서 모임을 즐기고 싶다면 조앤글라스로 방문해 주세요\n\n천호에서 전문 생과일 하이볼과 맛있는 음식을 드시고 싶다면 조앤글라스로 방문해주세요 처음 오는 손님도 단골손님도 좋은 추억과 행복을 심어드리는 가게가 되도록 노력하는 가게가 되겠습니다."
    },
    {
        "no": 14,
        "code": 13159693,
        "images": "https://ldb-phinf.pstatic.net/20220226_6/1645857272661H3yHm_JPEG/%BA%FC%B3%D7%C4%A1%C5%B2.jpg",
        "name": "8번가",
        "adress": "서울 강동구 천호동 453-8",
        "time": "매일 17:00~04:00 연중무휴",
        "phone": "0507-1405-9488",
        "op": "undefined단체석 /주차 /포장 /배달 /예약 /무선 인터넷 /남/녀 화장실 구분 /",
        "way": "천호동 로데오거리 나비쇼핑몰 옆 원방빌딩 3층 8번가\n주차장안내- 내비게이션 '원방빌딩 주차장' 으로 검색하시면 본 건물 주차장으로 안내합니다",
        "booking": "https://booking.naver.com/booking/6/bizes/139988",
        "category": "술집",
        "menus": [
            "8번가빠네치킨",
            "21,800원"
        ],
        "description": "2003년부터 지금까지 운영중인 8번가입니다\n편안하고 독립된 룸에서 즐길 수 있는 술집이며,\n저희 8번가의 대표메뉴인\n빠네치킨과 직화차돌떡볶이는\n제품이 아닌 직접 개발한 특제 소스를 이용해 주문즉시 수제로 만들어집니다\n항상 고객님들의 즐거운 술자리를 위해 음식에 집중하고 있으며 편안하고 깨끗한 이용을 위해 인테리어에 투자합니다\n오랜 역사만큼 더 나은 음식과 서비스로 보답하기 위해 항상 노력하겠습니다!"
    },
    {
        "no": 15,
        "code": 1177899827,
        "images": "https://ldb-phinf.pstatic.net/20230316_76/16789122697002oxWT_JPEG/Screenshot_20230316_052614_Gallery.jpg",
        "name": "월요일",
        "adress": "서울 강동구 성내동 37-44 1층",
        "time": "일요일 휴무 | 평일 17:00~02:00 | 주말 17:00~02:00",
        "phone": "0507-1357-9008",
        "op": "undefined단체석 /예약 /무선 인터넷 /남/녀 화장실 구분 /제로페이 /",
        "way": "천호 월요일입니다.\n 성내동 쭈구미골목 하이몬드 맞은편 골목에 위치 하고있습니다.\n 천호역6번출구 도보5분",
        "booking": "",
        "category": "술집",
        "menus": [
            "월요일제철사시미",
            "38,000원"
        ],
        "description": "안녕하세요. 천호 월요일입니다.\n한적한 골목 속 반전감성이 가득한 공간에서 소주부터 와인, 하이볼 등 다양한 주류와 어울리는 맛있는 음식들까지 함께즐길 수 있는 '골목다이닝술집' 입니다."
    },
    {
        "no": 16,
        "code": 1910442688,
        "images": "https://ldb-phinf.pstatic.net/20200223_228/1582415562822IMnBu_JPEG/xlW9KGvSdAn4Dkv1u2aTfOVM.jpeg.jpg",
        "name": "한주",
        "adress": "서울 강동구 길동 415-16 1층",
        "time": "매일 17:00~03:00 매주 일요일 휴무",
        "phone": "0507-1365-0811",
        "op": "undefined포장 /무선 인터넷 /남/녀 화장실 구분 /지역화폐 (카드형) /제로페이 /",
        "way": "",
        "booking": "",
        "category": "술집",
        "menus": [
            "소고기 스지 수육",
            "25,000원"
        ],
        "description": "소고기 스지 수육이 맛있는\n스지 전문점 <한주> 입니다.\n\n저희 매장은 주차장이 없어\n인근 유료주차장 이용 안내드립니다.\n - 길동 458-3 (매장과의 거리 200m)"
    },
    {
        "no": 17,
        "code": 1385144269,
        "images": "https://ldb-phinf.pstatic.net/20220425_160/1650892872773LXKK2_JPEG/E7232A55-203A-4D37-A946-0EBABFACDC08.jpeg",
        "name": "퍼플",
        "adress": "서울 강동구 천호동 410-6 1층",
        "time": null,
        "phone": "0507-1364-5943",
        "op": "undefined예약 /",
        "way": "천호시장 사거리에 있는 김가네김밥 우측에 있는 골목끼고 쭉 들어오시면 있습니다",
        "booking": "",
        "category": "술집",
        "menus": [
            "우니 육사시미",
            "42,000원"
        ],
        "description": "저희 퍼플은 한식, 양식, 일식 다양한 식자재로 만든 다양한 음식과 술 그리고 분위기 모두 갇힌 천호의 데이트 코스!!\n주말 금, 토 이용 시에만 매장이 협소한 관계로 이용 시간 3시간 제한하고 있습니다 많은 양해 부탁드립니다"
    },
    {
        "no": 18,
        "code": 1060284362,
        "images": "https://ldb-phinf.pstatic.net/20210709_143/1625805207883Ig2Pg_JPEG/HcbCBIkqm75mZZ114wmvGloo.jpeg.jpg",
        "name": "어흥",
        "adress": "서울 강동구 길동 321-1 2층",
        "time": "목요일 17:00~01:00 | 수요일 17:00~01:00 | 월요일 17:00~01:00 | 화요일 휴무 | 토요일 16:00~02:00 | 금요일 17:00~02:00 | 일요일 16:00~01:00",
        "phone": "02-479-1485",
        "way": "",
        "booking": "",
        "category": "술집",
        "menus": [
            "어흥 사시미",
            "38,000원"
        ],
        "description": ""
    },
    {
        "no": 19,
        "code": 1026385097,
        "images": "https://ldb-phinf.pstatic.net/20220102_16/1641096094448hjyzu_JPEG/FE46E98D-9B58-4F08-A922-B53D893F4D3F.jpeg",
        "name": "풍자네부엌",
        "adress": "서울 강동구 성내동 429-2 1층 22, 23호",
        "time": null,
        "phone": "0507-1395-0396",
        "op": "undefined단체석 /주차 /예약 /무선 인터넷 /반려동물 동반 /남/녀 화장실 구분 /지역화폐 (지류형) /지역화폐 (카드형) /지역화폐 (모바일형) /제로페이 /",
        "way": "둔촌역 3번 출구로 나오셔서 200m오시면 삼오빌딩내에 있습니다",
        "booking": "",
        "category": "술집",
        "menus": [
            "와규 스테이크",
            "25,000원"
        ],
        "description": "성내동 핫플레이스!\n\n풍자네부엌 주인장이자 마스코트\n보더콜리 풍자가 기다리는 풍자네부엌!\n\n매주 금,토요일은 밤마다 재즈,\n인디밴드, 락밴드 등 다양한 장르의\n많은 뮤지션들의 공연을 보며\n맛있는 안주를 곁들일 수 있는 곳입니다.\n\n음악감상이 가능한 강동구혼술집을 찾으시나요?\n풍자네부엌 바에서는 가능합니다!\n\n성내동에서 모임 예정이신가요?\n풍자네부엌은 별도로 구분된 홀이 있기 때문에\n40명 정도 수용 가능합니다!\n\n음악과 술,\n맛있는 음식 그리고 낭만이 공존하는 곳\n풍자네부엌에서 행복한 추억을\n만들어보시는 건 어떠신가요?\n\n음악과 술을 좋아하는 분들의 공간!\n우리들의 문화를 만들어가는 곳!\n\n풍자네부엌으로 힐링하러 오세요~~\n\n- 여러분을 기다리눈 풍자가 -\n- 풍자는 손님들과 친하게 지내며\n  대부분 상주해있습니다 :)"
    },
    {
        "no": 20,
        "code": 19873491,
        "images": "https://ldb-phinf.pstatic.net/20190822_137/1566440777402zGTnx_JPEG/2Be8WFDonNXCiYqkS0s22v5s.jpg",
        "name": "브랜뉴하이몬드",
        "adress": "서울 강동구 성내동 43-1 브랜뉴하이몬드 1, 2층",
        "time": "매일 09:00~23:00",
        "phone": "02-478-2402",
        "op": "undefined단체석 /주차 /포장 /배달 /예약 /무선 인터넷 /남/녀 화장실 구분 /장애인 편의시설 /제로페이 /",
        "way": "롯데시네마 강동점 맞은편 KFC 옆 건물 입니다",
        "booking": "https://booking.naver.com/booking/6/bizes/462522",
        "category": "카페,디저트",
        "menus": [
            "산딸기바게트",
            "5,600원"
        ],
        "description": "천호동 쭈꾸미 먹자골목 안에 위치한 베이커리 카페입니다. 건물 하나 사이로 롯데시네마 강동점이 위치하고 있습니다.\n\n1979년 몽블랑 베이커리로 시작하여 2004년 카페드하이몬드로 사명을 변경하였고, 2019년 7월에 '브랜뉴하이몬드'라는 새로운 브랜드로 현재 위치에 자리잡았습니다.\n\n1층/2층으로 운영되며 식사대용 샌드위치, 조리빵과 케익, 빵, 디저트 그리고 빙수와 카페 음료 등 다양한 메뉴와 넓은 공간, 좌석이 준비되어있습니다."
    },
    {
        "no": 21,
        "code": 1015528233,
        "images": "https://ldb-phinf.pstatic.net/20201027_158/1603805055945Gjy8e_JPEG/omg5MoaZBCj-5RXuwfiypI-7.jpeg.jpg",
        "name": "스윗솔트",
        "adress": "서울 강동구 명일동 222-3",
        "time": "토요일 09:00~23:00 | 금요일 09:00~23:00 | 월요일 09:00~23:00 | 화요일 09:00~23:00 | 수요일 09:00~23:00 | 목요일 09:00~23:00 | 일요일 09:00~23:00",
        "phone": "0507-1390-1004",
        "op": "undefined단체석 /주차 /포장 /배달 /무선 인터넷 /반려동물 동반 /남/녀 화장실 구분 /장애인 편의시설 /",
        "way": "1. 굽은다리역 3번출구로 나와 뒤돌아 사거리에서 우회전 후 도보 12분거리( 대명 초등학교 건너편 )\n\n2. 대명초교입구 교차로에서 굽은다리역 방향으로 진행하다 왼편 꽃집 끝나는 지점\n\n3. 한영외고에서 길동생태공원 방향으로 진행 중 방아다리 sk주유소 보면서 우회전",
        "booking": "",
        "category": "음식점",
        "menus": [
            "아메리카노 숲",
            "5,500원"
        ],
        "description": "안녕하세요 도심속에서 숲속 뷰를 보며\n여유로운 커피 한잔과 맛있는 브런치, 디너까지\n그리고 달콤한 디저트와 부드러운 베이커리를\n즐길 수 있는 스윗솔트 입니다\n\n* 브런치 운영시간\n - 오전 9시 ~ 오후 5시\n* 디너 운영시간\n - 오후 5시 ~ 오후 8시\n\n* 예약정보(평일 가능 / 주말 및 공휴일 불가능)\n - 가능시간 : 평일 오전 9시~11시 / 오후 4시~6시\n - 인원 : 6명 이상\n - 예약시에는 1인 1 브런치+1음료\n\n* 주차 공간은 90대 정도가 수용 가능한 넓은 주차장이 있으니 맘편히 주차하시고 숲속에서 힐링을 즐기시기 바랍니다 (강동구 주차가능 카페)\n\n* 유모차는 안전사고를 방지위하여 내부반입은 금지되어있습니다. 내부에서는 유아용 의자를 이용 해주시거나 1층 외부 테라스 이용을 부탁드립니다\n\n* 애견동반을 하시는 고객님들께서은 1층 야외테라스를 이용해주시기 바랍니다. 애견가방을 챙겨오셔도 내부에는 반려동물 입장이 불가합니다."
    },
    {
        "no": 22,
        "code": 1729688148,
        "images": "https://ldb-phinf.pstatic.net/20221222_96/1671710399093Fj3M3_JPEG/%B8%DE%B4%BA%C0%FC%C3%BC_%BB%E7%C1%F82.jpg",
        "name": "그릭하임",
        "adress": "서울 강동구 고덕동 694 B1층 그릭하임",
        "time": null,
        "phone": "0507-1856-7283",
        "op": "undefined주차 /포장 /배달 /무선 인터넷 /남/녀 화장실 구분 /",
        "way": "상일동역 4번출구로 나오셔서 좌회전하시면 들어오는 입구가 있습니다. (베스킨라빈스옆)",
        "booking": "https://booking.naver.com/booking/6/bizes/834357",
        "category": "음식점",
        "menus": [
            "대파그릭 베이글",
            "6,000원"
        ],
        "description": "그릭하임\n\n<시작은 다이어트였습니다>\n\n나이가 들면서 조금만 먹어도 살이 찌는 것 같고, 또 한 번 찐 살은 다시 빼기 어렵고. 그래서 레몬디톡스로 굶어도 보고, 샐러드로 저칼로리 식단을 해 보기도 했습니다. 그런데 굶어서 살을 뺐으나 이제 주름이 보이고 얼굴에 탄력을 잃었습니다. 샐러드로 저칼로리 식단을 했더니 배가 고파서 밤에 야식을 하게 되더라구요.\n\n이제 다이어트를 하면서도 걱정이 많아 집니다. 영양 불균형이 오면 어떡하지, 몸의 대사가 변해서 요요가 오면 어떡하지, 얼굴 살만 너무 빠지고 주름이 더 생기면 어떡하지? 그래서 요거트에서 유청을 뺀 그릭요거트를 만들어 먹기 시작했습니다. 단백질이 많아 포만감도 오래가고 저녁대신 먹으면 밤에 야식을 하지 않게 되더라구요. 그래서 어느 저도 체중 감량에 성공할 수 있었습니다. 요알못도 그릭요거트는 만들 수 있더라구요.\n\n<그릭요거트 : 탄단지의 균형 잡힌 영양소에 유산균으로 화룡정점>\n그릭하임을 시작하면서 음식, 식품에 대해, 건강에 대해 더 공부를 하게 되었습니다. 어떤 음식을먹어야 하고 어떤 음식들을 피해야하고 등등.\n그릭릭요거트는 제가 안심하고 먹을 수 있고 또 다른 사람들에게 권해도 좋을 것 같았습니다. 일단 단백질, 지방, 탄수화물이 골고루 갖춰져 영양 불균형은 없으며, 또 면역력, 비만, 기타 다양한 질병과 연관 있는, 제2의 몸이라고 하는 장내 마이크로바이옴을 좋은 환경으로 만들어 주는 발효 유산균도 들어있으니 맛, 영양, 건강까지 일석삼조의 완전한 푸드였습니다.\n\n<발라먹는 요거트>\n이 좋은 그릭요거트를 다양하게 즐길 수 있는 레시피를 생각해 보고, 또 더 맛있게 즐길 수 있는 레시피를 생각하게 되었습니다. 떠먹는 요거트 뿐만이나 빵이나 크래커에 발라먹을 수 있는 스프레드를 생각해 보았습니다. 그러면 크림치즈 대비 칼로리를 줄일 수 있고, 그냥 잼을 바르는 것 보다는 영양과 당분에서 더 건강하게 먹을 수 있지 않을까? 대파크림치즈 대신 대파그릭요거트를, 딸기잼 대신 딸기그릭요거트를 베이글에, 통밀빵에 발라먹는 메뉴를 선보였습니다. 그랬더니 많은 분들이 크림치즈처럼 부드럽고 고소하다고 좋아해 주십니다. 너무 감사하죠.\n\n<절제의 미덕: 칼로리 및 당분을 줄이자>\n\n그런데 걱정도 있습니다. 좀더 푸짐하게, 좀더 달콤하게 만들어야 사람들이 좋아한다고\n그릭하임의 메뉴들은 소박합니다. 그다지 달콤하지도 않습니다. 그냥 자연 그대로의 재료들이 내는 플래버와 절제된 당분으로 칼로리를 조절했습니다. 베이글 샌드위치는 400칼로리대로, 그릭볼은 200칼로리대로 유지하려고 노력합니다. 음료도 당분과 가공 익스트랙을 많이 써야 하는 에이드나 스무디 보다는 커피와 티 위주로 절제하고 있습니다.\n\n<핸드메이드, 천연 재료>\n그릭하임의 요거트는 모두 수제로 만들어지며, 플래버도 추출액이 아닌 수제 콩포트를 만들어 사용하여, 가급적 가공 식품은 최소화하려고 노력하고 있습니다. 가공 과정에서 몸에 염증을 유발하는 살균제/인공/화학 성분들이 들어갈 수밖에 없으니까요.\n우유도 체세포수 1등급의 건강한 소에서 만든 서울우유 나 100% 우유만 사용하여 최고의 맛과 품질로 만들고 있습니다. 마시는 수제 드링킹 요거트와 깔라만시웨이 부스터는 유산균과 영양을 고루 갖춘 그릭하임 만의 시그니처 음료입니다.\n\n<쉬운 건강 레시피 : 그릭요거트, 지중해식, 수퍼푸드 레시피>\n지금까지 요거트는 시큼한 맛, 마시거나, 떠먹는 요거트로 익숙해져 왔고, 요리보다는 아이들을 위한 간식이나 음료로 여겨졌습니다. 그러나 우리는 그릭요거트나 드링킹 요거트를 활용한 다양한 레시피를 제안함으로써 집에서도 고객분들이 다양한 요리에 활용할 수 있게, 건강한 한끼를 드실 수 있기를 바랍니다. 특히 건강 식단으로 유명한 지중해식 요리법과 다양한 수퍼 푸드를 활용한 메뉴 개발에도 노력하고 있습니다. 익숙하지 않아서 시도하지 않았지만 막상 만들어 보면 맛있고 건강한 그리고 쉬운 그런 레시피로 제안하고 싶습니다."
    },
    {
        "no": 23,
        "code": 1067105922,
        "images": "https://ldb-phinf.pstatic.net/20220816_108/1660634472847bhJ7Q_JPEG/82A4E8BA-C603-49AF-B587-A49FEA00C55A.jpeg",
        "name": "미드데이썬",
        "adress": "서울 강동구 성내동 432-4",
        "time": "월요일 휴무 매주 월요일 휴무 / 매월 첫째주 월,화 휴무 | 화요일 11:00~22:00 매주 월요일 휴무 / 매월 첫째주 월,화 휴무 | 토요일 11:00~22:00 매주 월요일 휴무 / 매월 첫째주 월,화 휴무 | 금요일 11:00~22:00 매주 월요일 휴무 / 매월 첫째주 월,화 휴무 | 목요일 11:00~22:00 매주 월요일 휴무 / 매월 첫째주 월,화 휴무 | 수요일 11:00~22:00 매주 월요일 휴무 / 매월 첫째주 월,화 휴무 | 일요일 11:00~22:00 매주 월요일 휴무 / 매월 첫째주 월,화 휴무",
        "phone": "0507-1369-1308",
        "op": "undefined반려동물 동반 /",
        "way": "",
        "booking": "",
        "category": "카페,디저트",
        "menus": [
            "딸기수플레팬케이크",
            "17,000원"
        ],
        "description": "- 수플레에 올라가는 모든 크림과 시럽은 100% 동물성생크림과 수제로 직접 만듭니다. 주문 즉시 머랭을 치고 낮은 온도로 몽글하게 굽기때문에 부드럽고 탱글 통통한 3단 수플레를 맛보실 수 있습니다.\n\n- 수플레팬케이크는 기본 30분 이상 시간이 소요됩니다. 시간적 여유가 있으실 때 방문 부탁드립니다:)\n\n- 만석, 웨이팅 있을 시 이용시간은 최대 2시간입니다. (테이블수가 적은 관계로 양해부탁드립니다.)\n\n- 주말, 공휴일에 음료만 주문시 take out만 가능합니다.\n\n- 준비된 반죽과 재료 소진시 일찍 마감될 수 있습니다."
    },
    {
        "no": 24,
        "code": 1993900101,
        "images": "https://ldb-phinf.pstatic.net/20210721_241/1626873075566mEgwD_JPEG/6pelV-XuT91JcIy_Ts9BOXp8.jpeg.jpg",
        "name": "우드멜로우",
        "adress": "서울 강동구 고덕동 482",
        "time": "매일 09:30~22:00",
        "phone": "02-3427-2235",
        "op": "undefined단체석 /주차 /포장 /배달 /무선 인터넷 /남/녀 화장실 구분 /",
        "way": "",
        "booking": "",
        "category": "음식점",
        "menus": [
            "아메리카노",
            "6,000원"
        ],
        "description": ""
    }
]