[
    {
        "no": 0,
        "code": 37778826,
        "images": "https://ldb-phinf.pstatic.net/20191011_207/1570748118249jM9wn_JPEG/3xU2FJreB2-bFpsZG91gadBP.jpg",
        "name": "오월의김밥",
        "adress": "서울 관악구 봉천동 1657-21 102호",
        "time": "월요일 00:00~24:00 월요일은 쉽니다 | 토요일 08:00~14:00 재료소진시 마감 | 금요일 08:00~14:00 재료소진시 마감 | 목요일 08:00~14:00 재료소진시 마감 | 수요일 08:00~14:00 재료소진시 마감 | 화요일 08:00~14:00 재료소진시 마감 | 일요일 08:00~14:00 재료소진시 마감",
        "phone": "02-876-7792",
        "op": "undefined포장 /예약 /무선 인터넷 /남/녀 화장실 구분 /",
        "way": "낙성대역1번출구로 나오셔서 직진후 신한은행 일방통행 골목으로 내려오시면 사거리 왼쪽건물 1층에 위치해 있습니다.",
        "booking": "",
        "category": "분식",
        "menus": [
            "참치김밥",
            "5,200원"
        ],
        "description": "간단하게 먹을수 있는 김밥과 주먹밥을 판매하는 분식집입니다. 재료하나하나 직접 손질하고 준비해서 정성을 담아 음식을 만들고 있습니다.  한번 맛보시고 느껴보세요."
    },
    {
        "no": 1,
        "code": 1588568877,
        "images": "https://ldb-phinf.pstatic.net/20180806_10/15335278593238V1pg_JPEG/cauRN3-qV576ECcl4KhKLxI7.jpg",
        "name": "동경산책",
        "adress": "서울 관악구 봉천동 1604-8 2층",
        "time": "매일 11:30~22:00",
        "phone": "0507-1343-0666",
        "op": "undefined단체석 /무선 인터넷 /제로페이 /",
        "way": "",
        "booking": "",
        "category": "일식",
        "menus": [
            "사케롤 정식",
            "변동가격(업주문의)"
        ],
        "description": "태국으로 진출한 첫 대한민국 브랜드 일본가정식 전문점 동경산책입니다!\n\n석촌호수점, 성신여대점, 서울대입구점, 롯데백화점동탄점, 태국방콕 아이콘시암점, 태국방콕 실롬컴플렉스점 모두 직영점으로 운영중입니다~\n\n항상 열심히 하는 동경산책이 되겠습니다!\n\n동경산책은 예약을 받지 않습니다 ㅠ"
    },
    {
        "no": 2,
        "code": 1999378240,
        "images": "https://ldb-phinf.pstatic.net/20210610_252/1623290719872veap9_JPEG/pVpOy5xP-bxnOnWzpWKagEsk.jpg",
        "name": "쭈앤쭈",
        "adress": "서울 관악구 봉천동 854-13 1층, 쭈앤쭈",
        "time": "매일 11:00~23:00 | 월요일 휴무",
        "phone": "0507-1487-7998",
        "op": "undefined단체석 /주차 /포장 /배달 /무선 인터넷 /남/녀 화장실 구분 /지역화폐 (지류형) /지역화폐 (카드형) /지역화폐 (모바일형) /제로페이 /",
        "way": "1, 서울대입구역 2번출구 나오셔서 직진,\n   샤로수길 게이트A 직진하시면\n   쭈앤쭈 서울대본점이 보입니다.\n\n2, 서울대입구역 1번출구 나오셔서 직진,\n    샤로수길 게이트C 직진하시면\n    쭈앤쭈 서울대본점이 보입니다.",
        "booking": "",
        "category": "한식",
        "menus": [
            "석삼이세트",
            "34,000원"
        ],
        "description": "10년의 노하우로 방송출연 6회 ! ! !\n\n2TV생생정보 632회,\n\nSBS생방송투데이 2919회,3271회\n\nKBS김영철의 동네한바퀴,\n\nMBC찾아라! 맛있는TV,\n\njtbc이츠마이라이프 7회 ! ! !\n\n각종 sns에 핫한\n\n'석쇠쭈꾸미 전문점'\n\n쭈앤쭈 서울대본점! ! !\n\n불맛가득한 쭈꾸미에 고소한 눈꽃치즈의조합~\n\n불맛가득한 쭈꾸미에 화덕에 구운 고소달짝한\n\n고르곤졸라피자에 한입~~~~~\n\n깻잎에 쌈무올리고~ 두입~~~~~\n\n치즈퐁듀에 찍어서 세입~~~~~\n\n서울대입구 샤로수길에 위치한\n\n'석쇠쭈꾸미 전문점 쭈앤쭈'입니다^^\n\n(방송내용)\nhttps://naver.me/GSi4oRJm\n\nhttps://naver.me/GUuE8Lal"
    },
    {
        "no": 3,
        "code": 38460514,
        "images": "https://ldb-phinf.pstatic.net/20160813_64/1471084693615JjrcY_JPEG/176763596832322_1.jpeg",
        "name": "텐동요츠야",
        "adress": "서울 관악구 봉천동 1603-19 1층",
        "time": "매일 12:00~21:00 Break time 14:30~17:00 | 월요일 휴무",
        "phone": "0507-1409-7974",
        "op": "undefined무선 인터넷 /",
        "way": "서울대입구역과 낙성대역 중간위치",
        "booking": "",
        "category": "일식",
        "menus": [
            "텐동요츠야",
            "9,500원"
        ],
        "description": "신선한 재료 본연의 맛과 깨끗한 기름으로 튀겨 자극적이지않은 담백한 튀김덮밥 한그릇"
    },
    {
        "no": 4,
        "code": 13046039,
        "images": "https://ldb-phinf.pstatic.net/20150901_133/1441073426732bzPeE_JPEG/166851514041028_9.jpg",
        "name": "미가할매집",
        "adress": "서울 관악구 신림동 1428-21",
        "time": "평일 11:30~22:00 | 주말 11:30~22:00",
        "phone": "02-888-6940",
        "op": "undefined단체석 /주차 /예약 /남/녀 화장실 구분 /",
        "way": "2호선 신림역 7번 출구 보라매병원 방향 300m 지점.",
        "booking": "",
        "category": "한식",
        "menus": [
            "미가정식",
            "32,000원"
        ],
        "description": "신림  숯불구이 한정식 코스요리 전문점"
    },
    {
        "no": 5,
        "code": 1218049409,
        "images": "https://ldb-phinf.pstatic.net/20190702_79/1562051764640ibolr_JPEG/JPUI77-6y3QA33HYZsjFVpnH.jpg",
        "name": "킷사서울",
        "adress": "서울 관악구 봉천동 1603-3 2층 킷사서울",
        "time": "매일 11:30~22:00 Break time 15:00~17:00",
        "phone": "02-878-7444",
        "op": "undefined단체석 /무선 인터넷 /",
        "way": "서울대입구역 2번 출구로 나와 200m 직진 후 \n올리브영 골목으로 100m 걸으면 '킷사서울'이 나옵니다",
        "booking": "",
        "category": "일식",
        "menus": [
            "부타동",
            "12,000원"
        ],
        "description": "안녕하세요^^\n샤로수길맛집 킷사서울입니다.\n\n'킷사서울'은 교토의 오반자이에서 영감을 받아 다양한 일본 한상차림을 준비하였습니다."
    },
    {
        "no": 6,
        "code": 35125303,
        "images": "https://ldb-phinf.pstatic.net/20210713_80/1626184316589e3wH0_JPEG/eMa-nWcd8gADSXQ9Zq0mvnVV.JPG.jpg",
        "name": "신림황소곱창",
        "adress": "서울 관악구 신림동 1434-14",
        "time": "매일 14:00~21:00",
        "phone": "0507-1420-7819",
        "op": "undefined단체석 /포장 /배달 /예약 /무선 인터넷 /",
        "way": "신림역(도보3분)5번 출구100m직진 태평양약국 편의점 사이길",
        "booking": "https://booking.naver.com/booking/6/bizes/731383",
        "category": "한식",
        "menus": [
            "한우곱창",
            "22,000원"
        ],
        "description": "신림동 맛집 곱창전문점 신림황소곱창입니다.\n100명씩 줄서서 먹을만큼 맛있는 신림황소곱창이 신림역5번출구 앞에서\n100m직진 태평양 온누리약국.편의점 사이길로 오시면 됩니다.이전했어요\n\n맛과분위기 그대로 손님을 기다리고 있습니다\n코로나 방역도 철저히하고 있습니다."
    },
    {
        "no": 7,
        "code": 1926971458,
        "images": "https://ldb-phinf.pstatic.net/20200806_139/1596721521482GtF4b_JPEG/V03SngzRo3PtZBvG9kEC2P5I.JPG.jpg",
        "name": "문득",
        "adress": "서울 관악구 봉천동 855-3",
        "time": "매일 11:30~22:00 .평일,주말 : 오전 11시30분 부터 10시까지. **(브레이크타임 없음)**",
        "phone": "0507-1363-2186",
        "op": "undefined포장 /",
        "way": "서울대입구역 2번출구로 나와서 직진 후 스타벅스,올리브영 사이골목으로 조금만 들어오시면 '문득'이 기다리고 있습니다.",
        "booking": "",
        "category": "음식점",
        "menus": [
            "깨크러스트 돈마호크 스테이크",
            "31,000원"
        ],
        "description": "오랜시간 고민과 경험 끝에 '문득'을 오픈하였습니다 .\n'아, 그 집은 참 좋았지!' 라는 생각이 문득 들 수 있게끔, 떨리는 맘으로 최선을 다해 다가가겠습니다."
    },
    {
        "no": 8,
        "code": 38009643,
        "images": "https://ldb-phinf.pstatic.net/20230428_270/1682666064058RU4Ck_JPEG/1%BC%F8%C0%A7%283%B9%F8%29.jpg",
        "name": "부뚜막",
        "adress": "서울 관악구 신림동 1433-74",
        "time": "평일 16:00~00:00 | 주말 13:00~00:00",
        "phone": "0507-1342-3692",
        "op": "undefined단체석 /주차 /포장 /예약 /",
        "way": "신림역 5번출구로 나오셔서 직진하여 파리바게뜨 지나 핸드폰가게와 농협하나로마트 골목으로 들어오시면 100미터앞 왼쪽 1층에 부뚜막 간판이 보입니다.",
        "booking": "",
        "category": "한식",
        "menus": [
            "와규500g 모듬",
            "65,000원"
        ],
        "description": "저희는 2007년 떡쌈시대, 2009년 엉터리생고기 체인점을 운영하다가 2014년 8월 신림역에 오픈해서 지금까지 영업하고 있습니다.\n\n체인점의 단점이었던 고비용 구조를 개인가게로\n손님들에게 질좋은 고기(한돈은 국내산암돼지1등급,와규는 MB9고마블)를 착한가격(대한민국에서 가장 싼 가격)으로 제공하고자 노력하고 있습니다.\n\n첫째,최고품질의 와규 고마블을 명이나물,생와사비,히말라야 핑크소금과 함께 드시고\n\n둘째,최고품질의 한돈(국내산암돼지1등급)을 특히 두께가 3cm인 칼집넣은 삼겹살,목살,항정살,가브리살을 멜젓과 함께 드셔보세요!\n\nservice1 고기와 함께 드시면 좋은 된장찌개!\nsevice 2 음주전후 숙취해소를 위해 헛개물 제공!\n\n그동안 손님들 덕분으로 지금까지 운영하고 있어서\n정말 감사드립니다. 처음 가게할때 마음으로\n좋은 고기를 저렴하게,\n유행보다는 한끼 집밥처럼 맛있게,\n앞으로도 직원도 일하기 좋고,\n손님도 행복하고 즐겁게 식사하고 가실수 있는 가게가 될 수 있도록 노력하겠습니다."
    },
    {
        "no": 9,
        "code": 13416229,
        "images": "https://ldb-phinf.pstatic.net/20200121_230/15796137770683IoLM_JPEG/jQKDyXRlpaIcqJVRGridVEGB.jpeg.jpg",
        "name": "청송산오징어",
        "adress": "서울 관악구 남현동 1065-1 경도빌딩",
        "time": "매일 15:00~01:00 명절 휴무 | 일요일 휴무",
        "phone": "02-584-5286",
        "way": "",
        "booking": "",
        "category": "한식",
        "menus": [
            "바지락번데기탕",
            "10,000원"
        ],
        "description": "* 주차불가\n예약불가"
    },
    {
        "no": 10,
        "code": 1889394732,
        "images": "https://ldb-phinf.pstatic.net/20221016_223/1665904024719bWO8T_JPEG/2D1D1221-9A0C-46D8-90C6-3409E20265B0.jpeg",
        "name": "바깥",
        "adress": "서울 관악구 봉천동 854-5 CS빌딩 201호",
        "time": null,
        "phone": "02-877-5430",
        "op": "undefined단체석 /예약 /",
        "way": "서울대입구역 1번출구에서 나와서 20m직진 후 세븐일레븐에서 오른쪽 방향 100m직진하면 왼쪽 CS오피스텔 2층입니다.\n건물 정문을 이용해주세요!",
        "booking": "",
        "category": "술집",
        "menus": [
            "피칸테 오일 파스타",
            "16,000원"
        ],
        "description": "-1층에서 201+초인종 누르시고 들어오실수있습니다\n\n-다이닝&와인\n*1인 1잔 주류 주문 필수입니다.(논알콜 가능)\n\n화수목 17:00 ~ 24:00\n금 17:00 ~ 02:00\n토 14:00 ~ 02:00\n일 14:00 ~ 24:00\n*토,일요일은 브레이크 타임없이 2시부터 오픈입니다."
    },
    {
        "no": 11,
        "code": 1410716788,
        "images": "https://ldb-phinf.pstatic.net/20220925_150/1664111232460qQgia_JPEG/1663873833948.jpg",
        "name": "낙성아주",
        "adress": "서울 관악구 봉천동 1620-33 2층",
        "time": null,
        "phone": "0507-1340-7673",
        "op": "undefined단체석 /예약 /무선 인터넷 /",
        "way": "샤로수길 미분당 건물 2층에 위치하고 있습니다.\n건물 옆 철계단으로 올라오시면 2층 홀과 테라스 3층 루프탑공간으로 이어집니다 :)",
        "booking": "",
        "category": "술집",
        "menus": [
            "아주냉육회",
            "25,000원"
        ],
        "description": "샤로수길에 위치한 루프탑과 테라스가 있는 '아주' 시원하고 멋진 공간입니다. 안전하고 신선한 재료를 사용하며 합리적인 가격에 소중한 사람과 함께 맛있는 식사와 술 한 잔 하실 수 있는 공간을 지향하며 나아가겠습니다."
    },
    {
        "no": 12,
        "code": 1944676439,
        "images": "https://ldb-phinf.pstatic.net/20230703_155/1688355843685GhhRC_JPEG/1688355831348.jpg",
        "name": "삐딱",
        "adress": "서울 관악구 봉천동 1611-37 2층",
        "time": null,
        "phone": "0507-1368-1421",
        "op": "undefined포장 /예약 /무선 인터넷 /",
        "way": "서울대입구 1번,2번 출구 도보 3분 거리 샤로수길 메인에 위치",
        "booking": "",
        "category": "술집",
        "menus": [
            "꽈리고추 수육튀김",
            "23,000원"
        ],
        "description": "7/1\n[OPEN]"
    },
    {
        "no": 13,
        "code": 1686430922,
        "images": "https://ldb-phinf.pstatic.net/20221104_135/1667546648288mk7JR_JPEG/KakaoTalk_20221104_153914562.jpg",
        "name": "쑥고개",
        "adress": "서울 관악구 봉천동 1598-5 지하1층",
        "time": "월요일 17:00~02:00 | 매일 17:00~02:00 | 토요일 17:00~02:00 | 금요일 17:00~02:00 | 목요일 17:00~02:00 | 일요일 17:00~02:00 | 수요일 17:00~02:00 | 화요일 휴무",
        "phone": "0507-1426-1503",
        "op": "undefined예약 /",
        "way": "서울대입구 1번,2번 출구 도보 3분 거리/ \n샤로수길 초입 위치",
        "booking": "",
        "category": "술집",
        "menus": [
            "트러플짜파게티",
            "8,000원"
        ],
        "description": ""
    },
    {
        "no": 14,
        "code": 1921247756,
        "images": "https://ldb-phinf.pstatic.net/20190530_223/1559184704955Uo0Xw_JPEG/MChHgoTE9xVn1264aBimiEZl.jpg",
        "name": "조선pub에디",
        "adress": "서울 관악구 봉천동 854-8 지하1층",
        "time": "토요일 18:00~02:00 | 평일 18:00~02:00 | 금요일 18:00~02:00 | 목요일 18:00~02:00 | 수요일 18:00~02:00 | 화요일 18:00~02:00 | 월요일 18:00~02:00 | 주말 17:00~01:00 | 일요일 17:00~01:00",
        "phone": "0507-1305-4118",
        "op": "undefined단체석 /무선 인터넷 /남/녀 화장실 구분 /",
        "way": "서울대입구역 1번출구에서 500m",
        "booking": "",
        "category": "술집",
        "menus": [
            "소주",
            "5,000원"
        ],
        "description": "조용하고 분위기 있는 술집입니다.\n소주, 맥주, 전통주, 칵테일, 와인등의 여러종류의 술을 맛볼수 있는 곳입니다."
    },
    {
        "no": 15,
        "code": 1003787215,
        "images": "https://ldb-phinf.pstatic.net/20190922_30/1569097191608Pb3vP_JPEG/LPFY7QyFZn3Al2D_CQLeQG5r.jpg",
        "name": "진화로",
        "adress": "서울 관악구 신림동 1430-49 1층",
        "time": "매일 17:00~03:30 | 매일 17:00~03:00",
        "phone": "0507-1339-0422",
        "op": "undefined단체석 /포장 /무선 인터넷 /지역화폐 (지류형) /제로페이 /",
        "way": "신림역 6번출로 나와서 직진 300미터 별빛 거리가 나오면 안쪽으로 100미터 들어가서 오른쪽 1층에 진화로 입니다",
        "booking": "",
        "category": "술집",
        "menus": [
            "모둠 꼬치",
            "19,500원"
        ],
        "description": "일본 정통 야끼도리 전문점 (진화로 본점)은 체인점이 아닙니다. 개인이 직접운영하는 일본정통 꼬치요리 전문점입니다 모든 꼬치는 주인장이 직접 수작으로 만들며 참숯에 구워 어느꼬치 요리보다 담백하고 당일 식자제 원칙을 추구하며 보다 나은 서비스와 고객에 대한 감사한 마음과 합리적인 가격으로 질 좋은 식사를 제공할 것을 약속드립니다"
    },
    {
        "no": 16,
        "code": 1304886953,
        "images": "https://ldb-phinf.pstatic.net/20220315_59/1647315179271futsj_JPEG/FC1E21C3-4D48-4643-AAD6-E976DD059D93.jpeg",
        "name": "이모포차",
        "adress": "서울 관악구 신림동 1425-29 이모포차",
        "time": "매일 16:30~02:00 매주 일요일 휴무",
        "phone": "0507-1363-5253",
        "op": "undefined무선 인터넷 /제로페이 /",
        "way": "신림역 7번출구 도보 5분",
        "booking": "",
        "category": "술집",
        "menus": [
            "소곱창전골",
            "16,000원"
        ],
        "description": "신림역 7번출구 도보5분 거리에 위치한 매장입니다. 찾아주신 모든분들에게 항상 감사한 마음으로 정성을다해 맛있는 음식을 내어드리겠습니다. 피크시간인 오후7~10시에는 자리가 없을수도 있으니 전화먼저 주신후 오시면 좋습니다.\n(포장은 불가합니다)"
    },
    {
        "no": 17,
        "code": 1642473540,
        "images": "https://ldb-phinf.pstatic.net/20230530_154/1685424991382iJpbT_JPEG/1685422469217.jpg",
        "name": "낙성골목집",
        "adress": "서울 관악구 봉천동 1628-15 1층",
        "time": "목요일 11:30~00:00 | 수요일 11:30~00:00 | 화요일 11:30~00:00 | 월요일 11:30~00:00 | 토요일 11:30~01:00 | 금요일 11:30~01:00",
        "phone": "0507-1303-4171",
        "op": "undefined단체석 /무선 인터넷 /제로페이 /",
        "way": "2호선 낙성대역 4번 출구 진출 후 150m 이동.\n스타벅스 끼고 좌회전 후 횡단보도 건넌 뒤 우회전 30m.",
        "booking": "",
        "category": "술집",
        "menus": [
            "골목한상",
            "33,900원"
        ],
        "description": "메뉴 고민 없이, 이왕 먹을 거 한상 차림으로 드세요^^"
    },
    {
        "no": 18,
        "code": 1986954549,
        "images": "https://ldb-phinf.pstatic.net/20200414_78/1586848158340BB8uX_JPEG/SKxuCQZV5r_tW642OSGQroR8.JPG.jpg",
        "name": "오늘 맥주한잔",
        "adress": "서울 관악구 남현동 602-17 B01호 오늘맥주한잔",
        "time": "매일 16:00~01:00 마지막 주문 12:30",
        "phone": "0507-1319-1676",
        "op": "undefined단체석 /예약 /무선 인터넷 /",
        "way": "1)사당역 5번출구에서 우측골목으로 들어와서\n세븐일레븐과 치킨집 중간 골목길 오르막으로 쭉 직진 80미터만 걸어오시면\n우측편에 매장이있습니다.^^\n\n2)사당역 4번출구에서 공차건물 옆 골목길로 들어와서 고깃집 오른쪽에 계단으로 올라오신후\n좌회전하여 언덕길로 10m만 걸어오시면 우측에 매장이 있습니다.^^",
        "booking": "https://booking.naver.com/booking/6/bizes/255020",
        "category": "술집",
        "menus": [
            "얼그레이하이볼",
            "6,900원"
        ],
        "description": "새로운 오늘을 위하여~~~\n\n감각적인 인테리어,감성적인 잔, 합리적인 가격으로 맥주한잔을 즐길수 있는\n\n오늘, 맥주한잔 입니다.\n\n당신의 새로운 오늘을 응원합니다."
    },
    {
        "no": 19,
        "code": 38484209,
        "images": "https://ldb-phinf.pstatic.net/20220724_196/1658648014895DPFz4_JPEG/20220724_150523.jpg",
        "name": "술이남",
        "adress": "서울 관악구 신림동 1431-43 2층",
        "time": "매일 17:00~05:00 사회적 거리두기 단계에 따라 영업시간 변동",
        "phone": "0507-1406-0884",
        "op": "undefined예약 /남/녀 화장실 구분 /",
        "way": "신림 별빛문화의거리 서울집 맞은편 2층",
        "booking": "https://booking.naver.com/booking/6/bizes/904667",
        "category": "술집",
        "menus": [
            "밀푀유나베",
            "22,000원"
        ],
        "description": "젊은 청년들이 즐기기위해 만든 술집입니다!"
    },
    {
        "no": 20,
        "code": 34584833,
        "images": "https://ldb-phinf.pstatic.net/20230620_268/1687236019654yzm7w_JPEG/1687235971871.jpg",
        "name": "팃빗",
        "adress": "서울 관악구 봉천동 1613-5 2층",
        "time": "평일 10:00~20:00 | 토요일 10:00~17:00 | 일요일 휴무",
        "phone": "0507-1402-4719",
        "op": "undefined단체석 /포장 /무선 인터넷 /남/녀 화장실 구분 /지역화폐 (지류형) /지역화폐 (카드형) /지역화폐 (모바일형) /제로페이 /",
        "way": "서울대입구역 2번출구에서 180미터 직진하여 스타벅스 리저브를 왼편에 끼고 380미터 직진합니다. 달래해장이 보이면 오른쪽 골목으로 꺾으면 곰돌이 벽화가 보이는 건물 2층 입니다 !",
        "booking": "",
        "category": "음식점",
        "menus": [
            "스콘+커피세트",
            "10,000원"
        ],
        "description": "A bite of special!\n특별한 한입의 디저트와 커피를 제공하기 위해 노력하는 곳입니다."
    },
    {
        "no": 21,
        "code": 12800337,
        "images": "https://ldb-phinf.pstatic.net/20190111_89/1547173101373L2phX_JPEG/YyxqprA35Gra5RkaDlortckb.jpeg.jpg",
        "name": "쟝블랑제리",
        "adress": "서울 관악구 봉천동 1660-7",
        "time": "매일 07:00~22:00 명절 당일만 휴무, 공휴일 정상영업",
        "phone": "02-889-5170",
        "op": "undefined예약 /",
        "way": "낙성대역 4번 출구 도보로 50m /주차장 없음.",
        "booking": "",
        "category": "카페,디저트",
        "menus": [
            "단팥빵",
            "2,400원"
        ],
        "description": "저희 쟝 블랑제리는 1996년부터 25년 넘게 서울대 후문에서 영업을 하고 있는 제과점입니다. 항상 맛으로 최선을 다하겠습니다."
    },
    {
        "no": 22,
        "code": 1228130356,
        "images": "https://ldb-phinf.pstatic.net/20220114_72/1642112133551XI8xP_JPEG/IMG_1002.jpg",
        "name": "안밀",
        "adress": "서울 관악구 봉천동 1688-126 1층, 안밀 安謐",
        "time": null,
        "phone": "0507-1390-8108",
        "op": "undefined단체석 /주차 /포장 /무선 인터넷 /지역화폐 (카드형) /지역화폐 (모바일형) /제로페이 /",
        "way": "낙성대역 8번출구에서 정면으로 50m 이내에 위치\n주차가능\n안밀을 진입하기 전 마노아 김밥 골목으로 들어와서 셔터 문 앞에서\n매장에 전화해서 전화 문의해주세요 :)\n(주차가 한정적이라 만차 시 인근 공영 주차장 이용 부탁 드립니다)",
        "booking": "",
        "category": "음식점",
        "menus": [
            "Filter Coffee",
            "변동가격(업주문의)"
        ],
        "description": "안밀 安謐\n\n참된 고요함은 당신의 마음속의 안온함에 있다\n\n안밀 安謐은 당신의 삶속에 안온함을 통해 고요함을 느낄 수 있는 브랜드공간인 카페입니다.\n서울 관악구 낙성대에서 첫 시작을 알리며 스페셜티 커피와 다도, 디저트를 제공하는 공간으로, 일상속에 지친 사람들이 방문하여 안온함을 얻을 수 있습니다."
    },
    {
        "no": 23,
        "code": 242805736,
        "images": "https://ldb-phinf.pstatic.net/20211028_155/1635417213254OgYL8_JPEG/Deybz0i43ZP2U5t2r8n8o9mT.jpg",
        "name": "오후의 과일",
        "adress": "서울 관악구 봉천동 1599-4",
        "time": "매일 11:00~22:00 매주 화요일휴무",
        "phone": "02-877-5700",
        "op": "undefined주차 /무선 인터넷 /반려동물 동반 /",
        "way": "",
        "booking": "",
        "category": "카페,디저트",
        "menus": [
            "수플레 팬케이크 오리지널",
            "11,000원"
        ],
        "description": ""
    },
    {
        "no": 24,
        "code": 1534532435,
        "images": "https://ldb-phinf.pstatic.net/20230624_32/1687598790834E1bve_JPEG/KakaoTalk_20230618_183816767.jpg",
        "name": "마인드멜드",
        "adress": "서울 관악구 봉천동 1604-1 2층",
        "time": "매일 11:00~22:00 | 화요일 휴무",
        "phone": "0507-1313-9401",
        "op": "undefined포장 /배달 /반려동물 동반 /제로페이 /",
        "way": "2호선 서울대입구역 1번, 2번출구 도보 5분 거리입니다.\n\n관악구 관악로14길 22 2층입니다.",
        "booking": "",
        "category": "음식점",
        "menus": [
            "생크림케이크(샤인머스캣)",
            "7,000원"
        ],
        "description": "안녕하세요.\n샤로수길 디저트 카페\n'마인드 멜드(mind meld)'입니다.\n마인드 멜드는 서로 다른 이들이 점차 내적으로\n동화되어 가는 공간입니다.\n\n상업목적의 촬영은 불가합니다.\n대관 및 촬영가능 여부는 DM 및 전화 또는 카운터에 문의바랍니다.\n\n디저트는 최대한 맛있는 상태에서 드실 수 있도록,\n찾아오신 분들이 빈손으로 돌아가시지 않도록!\n소량으로 계속해서 채우고 있습니다!\n항상 찾아주셔서 감사합니다!"
    }
]