[
    {
        "no": 0,
        "code": 1043191069,
        "images": "https://ldb-phinf.pstatic.net/20230419_293/1681889767828RGNTu_JPEG/1668862019635.jpg",
        "name": "투또톤토",
        "adress": "서울 광진구 화양동 5-3 1층 투또톤토",
        "time": null,
        "phone": "0507-0289-5705",
        "op": "undefined단체석 /포장 /무선 인터넷 /남/녀 화장실 구분 /지역화폐 (카드형) /지역화폐 (모바일형) /제로페이 /",
        "way": "건대입구역 2번출구가 더찾기 편하며,\n2번출구로 나오자마자,\n왼쪽으로 스벅방면으로 직진하면(도보200m),\n대로변 1층에 위치(건대병원맞은편)\n\n7호선은 3번출구로 오시면 직진 후, 횡단보도를\n건너야합니다",
        "booking": "",
        "category": "음식점",
        "menus": [
            "[패스오더전용]100원 아메리카노포장",
            "100원"
        ],
        "description": "에스프레소바 투또톤토는 이탈리아어로tuttotondo(입체적,자유로운공간,여러조각)를\n모티브로 스토리하였으며,\n(마지막t를d로 빠꾸어 새로운이름을 만듬)\n\n바리스타가 커피를 만드는 작업Bar와 사람들의 테이블이연결되어 있는 거대한 Bar로 연결된 자유롭고 입체적인 공간에 에스프레소와 바리스타, 사람(들)을 조각을 단단히 맞추는 듯 2차원이 아닌 입체적인 일체감을 이루는 것에 방향을 두었습니다\n\n일부소비자층에서는 tutto와 tonto를 나누어 불러서, 커피에 너무빠져서 커피뿐이 모르는 제정신이 아닌 바보멍청이로 불려지기도 하여, 재미있는 웃음을 자아내기도 함.\n\n*메뉴:이태리 에스프레소10종+이태리 디저트\n 아메리카노2종,라떼,플랫화이트 등\n\n*테이크아웃:20%DC\nㅡㅡㅡㅡㅡ\n건대 카페 투또톤토 에스프레소 원두는 유기농 스페셜티와 상위1% 특수가공 스페셜티(무산소발효,카보닉 등) 및 유기농 디카페인이 준비되어있으며, 각 산지에서 생두를 수입하여 직접로스팅합니다\n(로스팅기는 스페셜티 로스팅에 적합한 우리나라\n커피밥로스팅기를 튜닝하여 안정성과 깔끔함을 추구함)\n  ㅡㅡㅡ\n건대커피랩에서 10여년동안 스페셜티를 로스팅한\n유럽커피디플로마1인과 유럽미국인증바리스타5인이 블랜딩, 직접로스팅하며, 최적으로 추출 합니다\n ㅡㅡㅡ\n건대 카페 투또톤토 전문제빵사들이 이테리 디저트\n카놀리와 이태리 쿠키류, 바찌디다마, 브루스케타, 페스추리, 파이류 등 다양한 디저트와 빵을 직접 만듭니다.\n  ㅡㅡㅡ\n서울 에스프레소바 투또톤토 디저트 패키지 주간 할인 행사"
    },
    {
        "no": 1,
        "code": 1281446338,
        "images": "https://ldb-phinf.pstatic.net/20230724_84/1690162427843n99Lz_JPEG/HWI06441.jpg",
        "name": "트웰브미닛",
        "adress": "서울 광진구 화양동 3-75 트웰브미닛",
        "time": null,
        "phone": "0507-1385-9973",
        "op": "undefined포장 /무선 인터넷 /남/녀 화장실 구분 /",
        "way": "",
        "booking": "",
        "category": "음식점",
        "menus": [
            "스모크 페퍼 크루아상",
            "4,800원"
        ],
        "description": "저희 크루아상은 매일 제빵사가 직접 구워 만듭니다. 당일생산 당일폐기를 원칙으로, 늘 신선하고 맛있는 크루아상과 페스츄리를 판매합니다.\n\n'크루아상이 가장 맛있는 시간, 12분'의 의미를 담은 '트웰브미닛'\n매일매일 만드는 만큼, 포장해서 다음 날 살짝 데워먹어도 똑같이 맛있습니다.\n\n과거 제지소로 쓰이던 곳을 재해석해, 수천 장의 종이가 모여 만들어진 책을, 수천 겹의 페스츄리가 겹쳐진 크루아상으로 연결했습니다. 매장 곳곳에 녹아있는 제지소 컨셉을 느끼며, 넓은 공간에서 맛있고 신선한 시간을 보내보세요!"
    },
    {
        "no": 2,
        "code": 31305562,
        "images": "https://ldb-phinf.pstatic.net/20200702_120/1593688160710YuW6M_JPEG/VmOwEBZr6kBAvWrV2ctameA5.jpg",
        "name": "MouseRabbit",
        "adress": "서울 광진구 화양동 5-14",
        "time": "매일 12:00~23:00",
        "phone": "02-462-4015",
        "op": "undefined단체석 /포장 /무선 인터넷 /남/녀 화장실 구분 /",
        "way": "건대입구역 2번 출구에서 도보로 5분",
        "booking": "",
        "category": "카페,디저트",
        "menus": [
            "아메리카노",
            "4,500원"
        ],
        "description": "건대입구에 위치한 분위기 좋은 카페"
    },
    {
        "no": 3,
        "code": 1145086504,
        "images": "https://ldb-phinf.pstatic.net/20220904_271/1662232071443sQUYw_JPEG/9DECB5DF-8197-4A91-B62B-60866162A8B4.jpeg",
        "name": "피오디디",
        "adress": "서울 광진구 광장동 322-14 1층~3층",
        "time": null,
        "phone": "0507-1312-0970",
        "op": "undefined단체석 /포장 /예약 /무선 인터넷 /반려동물 동반 /지역화폐 (카드형) /지역화폐 (모바일형) /제로페이 /",
        "way": "광나루역 2번 출구에서 광진구민체육센터 앞 횡단보도 건넌후 50M 직진.",
        "booking": "",
        "category": "음식점",
        "menus": [
            "아메리카노",
            "4,500원"
        ],
        "description": "We are pet friendly!\n\n카페대관,이벤트대관,수제디저트 문의는 카카오채널 피오디디 검색 후 문의 주시면 빠르게 답변 받아보실 수 있습니다.\n\n<주차안내> 주차공간이 없으므로 광진구민 체육센터에 주차 후 방문 부탁드립니다.(유료10분 500)\n요금은 따로 지원되지 않는 점 양해 부탁드립니다:)\n\n<매장이용안내> 좌석이 협소하여 전체 만석일시 이용시간을 2시간으로 제한 하고 있습니다. 웨이팅하실 경우 직원에게 연락처 적어주시면 전화드리고 있습니다. 이용하시는데 참고 부탁드립니다."
    },
    {
        "no": 4,
        "code": 1975205745,
        "images": "https://ldb-phinf.pstatic.net/20210429_117/1619672939561dVoq2_JPEG/VNqnkHvUtIR2uh1eLWBtDqpn.JPG.jpg",
        "name": "인덱스숍",
        "adress": "서울 광진구 자양동 17-1 커먼그라운드 3F(나이키 건물 3F)",
        "time": "매일 11:00~22:00 설날, 추석 당일 휴무",
        "phone": "02-2122-1259",
        "op": "undefined주차 /포장 /무선 인터넷 /반려동물 동반 /남/녀 화장실 구분 /",
        "way": "건대입구역 6번출구에서 성수사거리 방향으로 3분가량 걷다보면 나타나는 커먼그라운드 건물(나이키 건물) 3층에 위치하고 있습니다.\n\n[주차안내]\n커먼그라운드 전용 주차장(구매영수증으로 주차할인)이 있으나 공간이 협소하니 주말의 경우, 근처 자양4동 공영주차장 이용 혹은 대중교통 이용을 추천드립니다. 감사합니다.",
        "booking": "",
        "category": "쇼핑,유통",
        "menus": [
            "캐모마일 애플 리치 티",
            "6,000원"
        ],
        "description": "create your index!\n인덱스숍은 크리에이터를 위한 책과 커피, 북라이프 콘텐츠를 제안합니다."
    },
    {
        "no": 5,
        "code": 1191123979,
        "images": "https://ldb-phinf.pstatic.net/20211103_14/1635909570161UGnan_JPEG/DF6EqVv-9PWBbpYhVeCpq6_V.jpeg.jpg",
        "name": "디도 재즈 라운지",
        "adress": "서울 광진구 구의동 243-6 지층 디도재즈라운지",
        "time": "화요일 18:30~00:00 | 수요일 18:30~00:00 | 목요일 18:30~00:00 | 금요일 18:30~00:00 | 토요일 18:30~00:00 | 일요일 18:30~00:00 | 월요일 휴무",
        "phone": "070-8621-7869",
        "op": "undefined예약 /무선 인터넷 /남/녀 화장실 구분 /",
        "way": "구의역 2번 출구 도보 1분 거리입니다.\n주차를 하신다면 구의 제1 공영 주차장(SUV불가) or 구의 웰츠 타워 주차장(SUV가능)을 이용 부탁드립니다.(주차지원x)",
        "booking": "",
        "category": "음식점",
        "menus": [
            "메론&브라운치즈",
            "18,000원"
        ],
        "description": "인스타그램 : @dido_jazz_lounge\n\n[디도재즈라운지 이용 꿀 TIP]\n\n* 디도 재즈 라운지는 자유로운 재즈음악 문화를 지향합니다.\n아티스트와 함께 소통하며 환호와 박수 등을 자유롭게 보내주시면 더욱더 즐거운 공연이 될 것입니다.\n\n* 디도는 재즈 아티스트 분들이 가지고 있는 음악적 지향점을 존중하기 때문에 셋 리스트, 의상 등 공연 전반적인 부분에 일절 개입하지 않습니다.\n\n* 디도는 고급 레스토랑이 아닌 자유로운 분위기의 재즈 라운지 입니다. 스태프분들이 고객님들의 이용에 불편이 없도록 최선을 다하겠지만 지나친 서비스 요구는 양해 부탁드립니다.\n\n* 예약금은 매장 방문 시 환불 처리됩니다\n\n*테이블 당 음식1개 이상 / 개인1주류 주문 부탁드립니다.(하우스와인 및 맥주 주문시 해당됩니다.보틀주문시 제외)\n\n* 예약 손님 자리 배치는 입장 순으로 원하시는 자리에 착석이 가능하시니 예약시간보다 빠른 입장 가능합니다.\n\n* 미성년자는 입장이 불가합니다.\n\n* 예약시간보다 방문이 늦어지시면 노쇼 처리가 되지 않게 미리 연락 부탁드립니다.(인스타그램 DM)\n\n* 공연정보는 인스타그램 @Dido_jazz_lounge에서 확인 가능합니다.\n\n*주차안내: 주차공간이 따로 없습니다. 매장 내 가깝고 저렴한 주차공간을 안내드리고 있습니다.\n(인스타그램 스토리 하이라이트 참고\n\n[운영시간안내]\n매주 월요일 휴무\n\n운영시간\n-화,수,목,금,일: PM 7:00 - AM 12:00\n-토요일 : 1부 PM 3:00 - PM 6:00\n               2부 PM 7:00 - AM 12:00\n(*토요일은 1,2부로 두 번의 공연이 진행됩니다.\n1부 이용 희망 고객님들은 PM 3:00으로 예약 부탁드립니다. )\n\n공연시간\n-화,수,목,금,일 : PM 8:30 - PM 10:30\n-토요일 : 1부 PM 4:00 - PM 5:40\n               2부 PM 8:30 - PM 10:301"
    },
    {
        "no": 6,
        "code": 1082267525,
        "images": "https://ldb-phinf.pstatic.net/20230615_117/1686796819048Q0iFG_JPEG/KakaoTalk_20230615_113939650_01.jpg",
        "name": "오프야드오뎅",
        "adress": "서울 광진구 화양동 8-42 반지층",
        "time": null,
        "phone": "0507-1428-0472",
        "op": "undefined단체석 /예약 /무선 인터넷 /",
        "way": "화양공원 쪽 화기애애 옆 골목 입니다",
        "booking": "https://booking.naver.com/booking/6/bizes/825122",
        "category": "술집",
        "menus": [
            "오뎅",
            "2,000원"
        ],
        "description": "우리들의 아지트 OFFYAD\n전통주와 오뎅"
    },
    {
        "no": 7,
        "code": 1282755585,
        "images": "https://ldb-phinf.pstatic.net/20230611_240/1686448352072iGYx0_JPEG/F79B8651-C006-4954-82B2-DC3816EA9C58.jpeg",
        "name": "심야식당 후타리",
        "adress": "서울 광진구 화양동 49-4",
        "time": "목요일 17:00~03:00 | 수요일 17:00~03:00 | 화요일 17:00~03:00 | 월요일 17:00~03:00 | 평일 17:00~03:00 | 토요일 17:00~04:00 | 금요일 17:00~04:00 | 일요일 17:00~02:00",
        "phone": "0507-1385-6825",
        "op": "undefined단체석 /포장 /배달 /예약 /반려동물 동반 /",
        "way": "1.건대 1번출구 나오신후 먹자골목 들어오셔 좌측으로 100M 걸어오시면 하남돼지집옆 에 위치해 있습니다.\n\n2.성수사거리에서 건대먹자골목으로 150M 가량 들어오시면 우측에 위치해 있습니다.",
        "booking": "",
        "category": "술집",
        "menus": [
            "한우모츠나베(미소/카라이미소/시오)",
            "26,000원"
        ],
        "description": "내가 일본을 못가지 이자카야를 못가냐,,\n내가 있는 여기가 바로 찐 일본이다,,,,\n\nいらっしゃいませ 이랏샤이마세,,\nおはようございます 오하요고자이마스,,\nこんにちは 곤니찌와,,,\nこんばんは 곰방와,,,,\n\n심야식당후타리를 찾아주시는 모든 분들의 하루가 소소한 한잔으로 위로받기를 바랍니다,,\n이상,, 아리가또 고자이마스,,,스미마셍,,"
    },
    {
        "no": 8,
        "code": 1422535168,
        "images": "https://ldb-phinf.pstatic.net/20210913_233/1631536805240dl1OA_JPEG/E4zuuOoimsBRU0Hdm_OMk1F6.jpg",
        "name": "김창훈포차",
        "adress": "서울 광진구 화양동 33-43 1층 김창훈포차",
        "time": "매일 18:00~04:00 LAST ORDER 03:30",
        "phone": "0507-1325-2084",
        "op": "undefined단체석 /포장 /배달 /예약 /무선 인터넷 /",
        "way": "건대입구역(2호선) 1번출구에서 건대 맛의 거리로 쭉 직진하신 후 화양시장을 지나 왼쪽 골목으로 직진하시면 보여요~:)\n주차 공간이 마련되어 있지 않습니다. 주차는 근처 공영주차장에 부탁드립니다:)",
        "booking": "https://booking.naver.com/booking/6/bizes/576252",
        "category": "술집",
        "menus": [
            "곱도리탕",
            "24,000원"
        ],
        "description": "안녕하세요. 9년째 화양동 골목을 지키고 있는 김창훈 포차입니다.\n\n2015년, 6평 남짓한 작은 공간에서 훈포차라는 이름으로 시작하였습니다.\n평생 바텐더라는 직업으로 살아왔고 음식이라고는 라면밖에 끓일 줄 몰랐던 제가 무언가에 홀린 듯 포차에 도전하였답니다.\n\n첫 시작, 맛이 없다는 냉혹한 평가와 악평에 간혹 무너지기도 했지만 악착같이 버텼었네요. 아무리 바쁘고 힘들어도 요리 연구만큼은 게을리하지 않았습니다. 그렇게 만든 음식을 먹고 버리고를 반복하다 보니 살이 20kg 넘게 쪘지만 남모를 자부심을 느끼기도 했었네요.\n\n월간 메뉴를 필두로 매달 새로운 메뉴, 더 맛있어진 음식들을 고객님들께 내놓기 시작하며 그동안의 혹평이 점차 호평으로 바뀌기 시작하였고, 저희 가게는 어느덧 줄을 서서 먹기 시작하는 동네 술집으로 자리 잡게 되었습니다.\n\n2019년, 더 많은 고객님들께서 편하게 이용하셨으면 하는 바람으로 확장 이전을 결정하게 되었어요. 그렇게 태어난 매장의 이름은 김창훈 포차입니다. 훈포차에서 김창훈 포차로 제 이름을 걸고 다시 태어났습니다.\n\n2023년은 다시 한번 월간 메뉴를 선보이는 한 해가 될 것입니다. 그 동안 매장을 유지시켜주신 모든 고객님들에게 최고의 음식과 공간을 선물해 드리기 위해 오늘도 끊임없이 연구하고 노력하고 있습니다. 감사합니다. 많은 관심 부탁드립니다."
    },
    {
        "no": 9,
        "code": 1553091761,
        "images": "https://ldb-phinf.pstatic.net/20230509_91/1683607899178wT15s_JPEG/%C0%D4%B1%B81.jpg",
        "name": "시선",
        "adress": "서울 광진구 화양동 5-28 1층 이자카야 시선",
        "time": null,
        "phone": "0507-1372-5582",
        "op": "undefined단체석 /예약 /남/녀 화장실 구분 /",
        "way": "건대 술집골목 세븐일레븐 편의점 옆 코너자리입니다.",
        "booking": "",
        "category": "술집",
        "menus": [
            "접시스끼야끼",
            "9,900원"
        ],
        "description": "저희 이자카야 시선은 신선한 사시미와 음식들로 고객님들께 즐거움을 선사합니다."
    },
    {
        "no": 10,
        "code": 1184175124,
        "images": "https://ldb-phinf.pstatic.net/20230515_182/1684079496803KBHWq_JPEG/003.jpg",
        "name": "이토",
        "adress": "서울 광진구 화양동 5-75 지하1층",
        "time": null,
        "phone": "0507-1373-0671",
        "op": "undefined예약 /무선 인터넷 /남/녀 화장실 구분 /지역화폐 (지류형) /지역화폐 (카드형) /지역화폐 (모바일형) /제로페이 /",
        "way": "건대입구역 2번출구에서 도보 3분!\n건대 먹자 골목 사거리에서\n어린이 대공원역 쪽으로 30초 정도 내려오시면\n우측 초록색 간판입니다!\n찾기 어려우시다면 전화주세요~!!\n힘 닿는데까지 열심히 설명 드리겠습니다!\n모시고 오겠습니다!!\n감사합니다!(하트하트)",
        "booking": "https://booking.naver.com/booking/6/bizes/859272",
        "category": "술집",
        "menus": [
            "이토카츠 7종",
            "19,000원"
        ],
        "description": "'연을 이어라'\n\n안녕하세요.\n이토 : 연을 잇다 입니다.\n\n이토(いと)는 우리나라 말로\n실 이라는 뜻을 갖고있습니다.\n\n고객분들과 이토가\n긴 실처럼 이어지길 바라는 마음으로\n이토라는 이름으로 선정하였습니다.\n\n이토는 고객분들께 색다른경험을\n제공해드리고 싶습니다.\n\n그래서 이토는 메뉴 구성과 매장분위기를\n건대입구에 있는 이자카야들과는\n사뭇 다르게 가져가기로 하였습니다.\n\n건대입구에 없는 메뉴인 꼬치튀김(쿠시카츠)를 통해\n고객분들께 다가가고자 합니다.\n\n쿠시카츠 이외에도 각종 사시미, 일품요리, 깊은 맛을\n갖고있는 나베도 맛보실 수 있습니다.\n\n이토 매장은 지하에 위치해있습니다.\n많은 분들은 지하 매장을 선호 하지 않습니다.\n\n꿉꿉하고, 냄새나고, 답답하고,\n화장실도 청결하지 못해\n이용하시는데 불편함을 겪고 계십니다.\n지하 특성상 일반적인 상황입니다.\n\n하지만, 이토는 많은 고민과 시도 끝에\n지하매장이 갖고있는 단점을 보완하였습니다.\n\n많이 내려가지 않아서 지하같은 느낌을 덜 받으시도록\n세팅하였습니다.\n\n쾌적하게 이용하실 수 있도록\n천정과 벽을 다 허물었습니다.\n\n화장실은 이토가 자부심 갖고 세팅하였습니다.\n여느 지상 매장보다 훨씬 깔끔하고 쾌적하다고\n자신있게 말씀드릴 수 있습니다.\n화장실에 민감하신 고객분들은 이토를 이용하십니다.\n\n이토는 고객분들께 공간을 제공해드립니다.\n\n이토는 고객분들께 경험을 제공해드립니다.\n\n이토를 방문하시어 생긴 유대감과 경험들이 앞으로도 이어져나가기를 바라는 마음으로 매장을 준비하였습니다.\n\n고객분들께 만족감을 드리고,\n불편개선을 위해 항상 노력하는 매장이 되겠습니다.\n\n고객여러분들의 피드백을 겸허히 받아드리고 반성하여 발전하고자 합니다.\n\n항상 부족한걸 자각하고 겸손하게 장사하는 매장이 되고자 합니다.\n\n언제나 생각나는 서비스와 맛을 제공하도록 노력하는 매장이 되겠습니다.\n\n감사합니다(하트하트)"
    },
    {
        "no": 11,
        "code": 1718483751,
        "images": "https://ldb-phinf.pstatic.net/20190717_201/1563310525785Y7iug_JPEG/KakaoTalk_20190708_042634348_17.jpg",
        "name": "코후쿠",
        "adress": "서울 광진구 화양동 9-36 2층 코후쿠이자카야",
        "time": "매일 16:00~22:00 배달포장은 새벽2시까지 | 토요일 11:00~22:00 배달포장은 새벽2시까지  | 일요일 11:00~22:00 배달포장은 밤12시까지  | 월요일 휴무",
        "phone": "0507-1421-3842",
        "op": "undefined포장 /배달 /예약 /무선 인터넷 /제로페이 /",
        "way": "건대입구역 1번출구에서 약20미터 성수동방향으로 오셔서 건대맛의거리에서 우회전한후 직진으로 사거리를 지나서 30미터 오시면 2층에 건대맛집 건대이자카야 코후쿠가 위치하고있습니다. 못찾으시는분은 언제든 전화주세요 상세히 설명드리겠습니다.",
        "booking": "https://booking.naver.com/booking/6/bizes/154344",
        "category": "술집",
        "menus": [
            "밀푀유나베",
            "25,500원"
        ],
        "description": "저희 코후쿠는 일식경력18년의 오너쉐프가 운영하는곳입니다. 시그니처메뉴로 밀푀유나베 선보이고 있으며 사시미, 대창요리 등 기타 다른 요리를 맛볼수있는 곳입니다. 일본을 온듯한 분위기좋고 오픈주방에서의 요리를 볼수있는 곳입니다 흡연실과 화장실이 내부에 설치되어있어 매우 편리하게 이용하실수있습니다 ."
    },
    {
        "no": 12,
        "code": 1605887989,
        "images": "https://ldb-phinf.pstatic.net/20221227_194/1672125058475CXBuG_PNG/000.PNG",
        "name": "부엉이포차",
        "adress": "서울 광진구 화양동 5-70 1층, 2층, 3층",
        "time": null,
        "phone": "0507-1480-6464",
        "op": "undefined단체석 /예약 /무선 인터넷 /남/녀 화장실 구분 /",
        "way": "건대입구역 건대 맛의거리.\n치치 옆 제주바다 건너편 골목 약 10m 안쪽",
        "booking": "",
        "category": "술집",
        "menus": [
            "[시그니처]훈연삼겹살찜",
            "13,900원"
        ],
        "description": "건대의 핫플 분위기 최고, 가성비 뿜뿜 맛있는 안주가 가득한 부엉이 포차입니다."
    },
    {
        "no": 13,
        "code": 1118763038,
        "images": "https://ldb-phinf.pstatic.net/20230625_229/1687700430790ezNyU_PNG/%C0%CC%C5%E4_%C7%CF%B7%E7_%B7%CE%B0%ED-002_20230625_223954.png",
        "name": "하루",
        "adress": "서울 광진구 화양동 47-67 2층 하루",
        "time": null,
        "phone": "0507-1307-4060",
        "op": "undefined단체석 /예약 /무선 인터넷 /남/녀 화장실 구분 /제로페이 /",
        "way": "건대입구역 1번 출구에서 네이버 지도 참고하시어 100m정도 걸어오시면 쉽게 찾아 오실 수 있습니다. 매장으로 전화주시면 자세하게 안내 드리겠습니다. 감사합니다:)",
        "booking": "https://booking.naver.com/booking/6/bizes/777002",
        "category": "술집",
        "menus": [
            "하루사시미+꼬치6종",
            "58,000원"
        ],
        "description": "'경험을 디자인하라'\n\n안녕하세요.\n하루 : 봄을 이야기 하다\n입니다.\n\n하루(はる)는 우리나라말로\n봄이라는 뜻으로 해석됩니다.\n\n저희 하루는 일본식 숯불 꼬치구이,\n사시미, 일본식 일품요리 등을\n한국인의 입맛에 맞게 재해석하여\n새로운 것으로 제공드리고자 노력하였습니다.\n\n일본 현지의 숯불 꼬치구이맛과 한국인의 입맛 그리고 일본풍의 분위기가 모두 어우러지게 연출하여,\n\n고객님들께서 다양한 요리를\n편안한 공간에서 즐기실 수 있도록 노력한\n하루의 마음이 녹아들어 있습니다.\n\n접시에 하루의\n마음을 담았습니다.\n\n접시에 하루의\n경험을 담았습니다.\n\n봄을 형상하면\n따뜻함이 느껴지듯\n서비스에 따뜻함을 담았습니다.\n\n하루에서만 느끼실 수 있는\n경험을 디자인하여\n따뜻한 서비스를 제공드리도록\n앞으로도 노력하겠습니다.\n\n감사합니다."
    },
    {
        "no": 14,
        "code": 1847664192,
        "images": "https://ldb-phinf.pstatic.net/20230717_269/1689605059314eSmaF_JPEG/1689164928012.jpg",
        "name": "심야식당쿠난",
        "adress": "서울 광진구 군자동 45-35 심야식당쿠난",
        "time": null,
        "phone": "0507-1333-0626",
        "op": "undefined예약 /",
        "way": "https://www.instagram.com/kunan_gunja",
        "booking": "",
        "category": "술집",
        "menus": [
            "나폴리탄파스타",
            "14,000원"
        ],
        "description": "재패니즈나베바\n여러가지 전골요리와 별미인 여분의 육수로 죽or리조또를\n그리고 다양한 육회료리와 메뉴를 만나실수있습니다"
    },
    {
        "no": 15,
        "code": 12820060,
        "images": "https://ldb-phinf.pstatic.net/20160225_244/1456377730603jWfUG_JPEG/176175545229345_0.jpg",
        "name": "장군갈비",
        "adress": "서울 광진구 중곡동 117-11",
        "time": "매일 11:00~22:00 명절 당일만 (설날,추석) 쉽니다.",
        "phone": "02-447-3479",
        "op": "undefined주차 /포장 /예약 /남/녀 화장실 구분 /",
        "way": "아차산역 1번 출구로 나오셔서 직진하시고 르블랑 예식장지나 삼거리 횡단보도 건너셔서 바로 우회전하여 내려오시면 됩니다.",
        "booking": "https://booking.naver.com/booking/6/bizes/143275",
        "category": "한식",
        "menus": [
            "한우생갈비(220g)",
            "80,000원"
        ],
        "description": "40년 전통을 이어온 한우생갈비,꽃등심,한우양념갈비 등\n최고의 맛을 느껴보세요.\n주차가능/ 명절연휴 당일휴무(설날,추석)"
    },
    {
        "no": 16,
        "code": 36797971,
        "images": "https://ldb-phinf.pstatic.net/20190713_154/1563018833301y7Ur0_JPEG/sZpYgNafhJ2rldabVPom06HK.jpg",
        "name": "민정식당",
        "adress": "서울 광진구 자양동 232-4 1층",
        "time": "매일 11:00~22:00 브레이크타임 15:00~16:30 | 일요일 휴무",
        "phone": "02-452-3574",
        "op": "undefined예약 /",
        "way": "자양초등학교 후문에서 자양시장방면 도보3분거리 좌측 골목",
        "booking": "",
        "category": "음식점",
        "menus": [
            "소모듬수육(대)",
            "65,000원"
        ],
        "description": "모듬수육과 수제돈까스가 맛있는 자양동 맛집"
    },
    {
        "no": 17,
        "code": 21559409,
        "images": "",
        "name": "부림정 숯불갈비",
        "adress": "서울 광진구 자양동 52-2",
        "time": "매일 10:00~22:00",
        "phone": "02-463-5455",
        "op": "undefined단체석 /주차 /방문접수/출장 /예약 /무선 인터넷 /남/녀 화장실 구분 /",
        "way": "",
        "booking": "",
        "category": "한식",
        "menus": [
            "오리훈제",
            "15,000원"
        ],
        "description": ""
    },
    {
        "no": 18,
        "code": 37525029,
        "images": "https://ldb-phinf.pstatic.net/20160203_235/1454484330989SjB77_JPEG/176153565549879_0.jpg",
        "name": "광장동가온",
        "adress": "서울 광진구 광장동 102 현대골든텔 106호",
        "time": "매일 11:30~22:30 명절 휴무",
        "phone": "02-3436-7100",
        "op": "undefined단체석 /주차 /포장 /배달 /예약 /지역화폐 (지류형) /지역화폐 (카드형) /지역화폐 (모바일형) /제로페이 /",
        "way": "",
        "booking": "",
        "category": "음식점",
        "menus": [
            "가온 곰국시",
            "13,000원"
        ],
        "description": "가온 광장동입니다. 정성을 다해 모시겠습니다."
    },
    {
        "no": 19,
        "code": 13153336,
        "images": "https://ldb-phinf.pstatic.net/20230619_95/1687165696963g2okI_JPEG/2G3A0111.jpg",
        "name": "명봉양꼬치",
        "adress": "서울 광진구 자양동 4-1",
        "time": "매일 12:00~02:00 연중무휴",
        "phone": "0507-1379-8812",
        "op": "undefined예약 /제로페이 /",
        "way": "",
        "booking": "",
        "category": "중식",
        "menus": [
            "양꼬치",
            "16,000원"
        ],
        "description": "양꼬치, 양갈비 등 양고기의 경우 특유의 냄새 때문에 호불호가 갈릴 수 있어 질 좋은 고기를 이용하는 것이 중요합니다.호불호가 갈릴 수 있는 양고기의 향을 거부감이 들지 않도록 확실하게 잡은 양꼬치 가게입니다.\n저렴한 가격에 맛있는 요리 드시러 오세요."
    },
    {
        "no": 20,
        "code": 1359051109,
        "images": "https://ldb-phinf.pstatic.net/20171222_273/1513909993152wbpV8_JPEG/fM-4sk2LkYUe0jmd83plu51X.JPG.jpg",
        "name": "송화산시도삭면",
        "adress": "서울 광진구 자양동 851-20",
        "time": "매일 11:00~23:00 | 화요일 휴무",
        "phone": "02-6052-7826",
        "op": "undefined단체석 /포장 /예약 /무선 인터넷 /남/녀 화장실 구분 /",
        "way": "건대역 6번출구 동부여성발전센터 지나 세영약국에서 20m 전방",
        "booking": "",
        "category": "중식",
        "menus": [
            "도삭면",
            "9,000원"
        ],
        "description": "중국에서만 찾아볼 수 있는 중국의맛 그대로 만든, 산시도삭면과 딤섬을 이제 건대에서도 맛보실 수 있습니다."
    },
    {
        "no": 21,
        "code": 1178891712,
        "images": "https://ldb-phinf.pstatic.net/20230701_271/1688194379786VJURO_JPEG/IMG_2281.JPG",
        "name": "숙성부심",
        "adress": "서울 광진구 군자동 2-1 1층 숙성부심",
        "time": null,
        "phone": "0507-1433-0940",
        "op": "undefined단체석 /포장 /예약 /무선 인터넷 /남/녀 화장실 구분 /지역화폐 (지류형) /지역화폐 (카드형) /지역화폐 (모바일형) /제로페이 /",
        "way": "군자역 7번출구로 나와서 나오신 방향으로\n300m 직진하시면 우측에 있습니다",
        "booking": "https://booking.naver.com/booking/6/bizes/946170",
        "category": "한식",
        "menus": [
            "7&7교차숙성 삼겹살",
            "17,000원"
        ],
        "description": "처음부터 끝까지\n구워드리고!\n잘라 드리며!\n마지막까지 설명해 드리는!\n숙성에 대한 자부심이 있는 고기집!\n\n원육이 좋으면 숙성이고 나발이고 필요없다?\n이 슬로건이 얼마나 무지하고 무책임한 슬로건인지를 꼭 알려드리고! 보여드리고! 싶은 숙성부심 입니다!\n7&7 7일 건조숙성 7일 습식숙성을 곧 죽어도 고집하는! 적어도 숙성과 고기 선별에 있어서는 황소고집 보다 더한\n고집을 가지고 있습니다\n현실,욕심과 타협하지 않고 저희만의 원칙을 고수하는 뚝심 있고 신뢰가는 식당이 될 수 있도록 끊임없이 노력하겠습니다\n많은 응원과 격려를 해주신다면\n꼭 그에 상응하는 맛과 품질로 보답 드리겠습니다\n최선을 다해 모시겠습니다!!!!"
    },
    {
        "no": 22,
        "code": 1599204121,
        "images": "https://ldb-phinf.pstatic.net/20230613_79/1686653906265p23Jl_JPEG/123.jpg",
        "name": "미가육",
        "adress": "서울 광진구 구의동 252-42 1층, 2층",
        "time": null,
        "phone": "0507-1463-0299",
        "op": "undefined단체석 /주차 /예약 /무선 인터넷 /남/녀 화장실 구분 /",
        "way": "구의동 먹자골목 바로 초입에 위치해있습니다",
        "booking": "https://booking.naver.com/booking/6/bizes/933264",
        "category": "음식점",
        "menus": [
            "咪 [ 미 세트 2-3인 ]",
            "45,000원"
        ],
        "description": "+미가육 咪歌肉+\n\n프리미엄 워터에이징 방식과 최고의 숙성 노하우의 돼지고기 전문점 미가육입니다.\n\n테이블 간격이 넓어 쾌적하며 고급스럽고 깔끔한\n분위기에서 즐거운 시간 보내시길 바랍니다 :)"
    },
    {
        "no": 23,
        "code": 13155444,
        "images": "https://ldb-phinf.pstatic.net/20230626_195/1687769189202gtCwJ_JPEG/KakaoTalk_20230317_113048239.jpg",
        "name": "예담밥상",
        "adress": "서울 광진구 화양동 44-68",
        "time": "매일 10:00~22:00 명절 당일 휴무",
        "phone": "0507-1443-0073",
        "op": "undefined단체석 /주차 /포장 /예약 /",
        "way": "건대입구 1번 출구 (먹자골목 끝)\n성수사거리에서 군자동 방향으로 첫 번째 골목으로 우회전 후 20m 앞",
        "booking": "",
        "category": "한식",
        "menus": [
            "간장게장 한정식",
            "42,000원"
        ],
        "description": "20년 전통의 간장게장 전문 한정식 맛집,\n건대 먹자골목에서 20년을 사랑받은 예담밥상 입니다.\n\n건강한 식재료로 맛있게 조리합니다.\n- 서해에서 잡은 알아 꽉찬 암게로만 조리합니다.  \n- 충남 당진에서 직접 재배한  유기농 웰빙 식재료 사용 \n- 손두부, 콩비지 모두 전통의 방식으로 직접 조리합니다.\n\n20인 단체룸 및 소형 룸 완비,\n단체회식, 가족모임, 상견례 장소로 인기가 좋습니다."
    },
    {
        "no": 24,
        "code": 1111031959,
        "images": "https://ldb-phinf.pstatic.net/20211119_111/1637281583226MykqJ_JPEG/A8D1134C-1247-4E49-9BFC-28D1570406A4.jpeg",
        "name": "멕시칼리",
        "adress": "서울 광진구 능동 256-8 1층",
        "time": "월요일 휴무 | 화요일 11:30~22:00 라스트 오더 21:00 / 브레이크 타임 없습니다 | 수요일 11:30~22:00 라스트 오더 21:00 / 브레이크 타임 없습니다 | 목요일 11:30~22:00 라스트 오더 21:00 / 브레이크 타임 없습니다 | 금요일 11:30~22:00 라스트 오더 21:00 / 브레이크 타임 없습니다 | 토요일 11:30~22:00 라스트 오더 21:00 / 브레이크 타임 없습니다 | 일요일 11:30~22:00 라스트 오더 21:00 / 브레이크 타임 없습니다",
        "phone": "0507-1360-1707",
        "op": "undefined단체석 /포장 /남/녀 화장실 구분 /제로페이 /",
        "way": "",
        "booking": "https://booking.naver.com/booking/6/bizes/458291",
        "category": "음식점",
        "menus": [
            "소고기 타코 2개",
            "10,800원"
        ],
        "description": "저희 멕시칼리는 멕시코 멕시칼리 지역에서 살다 타코 맛에 빠져\n멕시코 북부 지역 타코맛을 한국에 알리고 싶은 마음과 함께 시작하였습니다!\n매일 아침 또르띠아와 살사 그리고 모든 재료를 손수 만들고 있습니다 :)\n\n멕시칼리는 메인홀과 파티오 공간으로 구분되어 운영 중입니다.\n\n- 파티오 공간은 청소년 이상부터 이용 가능하십니다\n\n- 예약은 진행하고 있지 않습니다\n\n- 건물 앞 주차는 선착순 2대 가능합니다\n\n- 도보로 약 30초 거리에 위치한 어린이대공원 후문 공영주차장 이용 부탁 드리겠습니다 (시간당 1,800원)\n\n- 어린이대공원 주차장이 만차일 경우, 유니버설 아트센터 또는 썬타워 (천호대로 670) 주차장 이용 부탁 드리겠습니다 (시간당 3,000원)\n       - 두 곳 모두 도보로 약 5분 거리\n\n- 브레이크 타임 없습니다 (파티오는 탄력적으로 운영중입니다)\n\n- 라스트 오더 20:50 입니다\n\n- 포장 가능합니다\n\n감사합니다!"
    }
]