[
    {
        "no": 0,
        "code": 11550277,
        "images": "https://ldb-phinf.pstatic.net/20160121_171/1453345716384OB3nd_JPEG/176071523855128_0.jpg",
        "name": "송림가",
        "adress": "서울 구로구 고척동 69-34 송림가",
        "time": "매일 11:30~21:30 Break TIme 15:00~17:00",
        "phone": "0507-1492-6020",
        "op": "undefined단체석 /주차 /발렛파킹 /포장 /무선 인터넷 /유아시설 (놀이방) /남/녀 화장실 구분 /지역화폐 (모바일형) /제로페이 /",
        "way": "1호선 개봉역,구일역 2번출구 고척돔방향 700m 구로소방서 옆에 위치합니다.",
        "booking": "",
        "category": "한식",
        "menus": [
            "행복한정식",
            "55,000원"
        ],
        "description": "30여 년 전통의 한우 꽃등심 양념이 인기인 한식당입니다. 크고 작은 규모의 룸으로 구성되어 있으며, 모던하면서 심플한 한국식 인테리어와 한국 전통 소품들로 구석구석 꾸며 놓아 각종 모임 및 가족 행사 장소로도 많이 즐겨 찾는 곳인데요. 정식류에 포함되어 나오는 술빵이 유명한 곳이기도 하지요. 한정식 코스도 준비되어 있어 상견례 장소로도 인기입니다."
    },
    {
        "no": 1,
        "code": 37402852,
        "images": "https://ldb-phinf.pstatic.net/20170108_79/1483885173153C0PWm_JPEG/186058634950548_18.jpeg",
        "name": "문어부인삼교비",
        "adress": "서울 구로구 신도림동 337",
        "time": "매일 11:00~22:00 연중무휴",
        "phone": "0507-1422-7893",
        "op": "undefined단체석 /주차 /포장 /예약 /무선 인터넷 /",
        "way": "신도림역 1번출구로 나오시면 푸르지오 1차 아파트 상가 / 외부 계단을 통해 2층으로 올라오시면 좌측 228호입니다.\n모든 교통편은 편리 합니다.",
        "booking": "",
        "category": "돼지고기구이",
        "menus": [
            "삼겹살1인분 (180g)",
            "13,900원"
        ],
        "description": "문어부인 삼교비는\n신개념 타다끼 삼겹살과 초벌 뚱삼겹살 두가지 종류로 선택 가능하며 취향에 따라 드시기 좋습니다.\n\n고기는 초벌구이를 해서 제공하기 때문에 불향과 육즙이 가득차 있으며\n다양한 안주들과 함께 돼지고기, 소고기, 해산물을 함께 즐길 수 있습니다."
    },
    {
        "no": 2,
        "code": 1926907521,
        "images": "https://ldb-phinf.pstatic.net/20211211_152/1639158819332u3N7y_JPEG/B3E7A51E-F6AC-49FE-A8C2-4D555885397F.jpeg",
        "name": "봉고기",
        "adress": "서울 구로구 신도림동 435-10 푸르지오 3차 아파트 상가 1층",
        "time": "평일 11:30~22:00 연중무휴 / 16~17시 브레이크타임 | 주말 00:30~22:00 연중무휴 / 브레이크타임 없음(단, 재료 소진시 브레이크 타임 발생)",
        "phone": "0507-1360-8426",
        "op": "undefined단체석 /주차 /포장 /예약 /무선 인터넷 /남/녀 화장실 구분 /제로페이 /",
        "way": "푸르지오 3차 아파트 상가 1층에 봉고기 매장이 위치해 있습니다.\n\n1) 도보 이용시(11분)\n- 구로역 3번 출구에서 도보 11분 거리\n- 신도림역 1번 출구에서 도보 13분 거리\n\n2) 자가용 이용시\n- 도로명 : 서울특별시 구로구 경인로 619-3 푸르지오 3차 아파트 상가 1층\n- 지번 : 서울특별시 구로구 신도림동 435-10 푸르지오 3차 아파트 상가 1층\n\n[주차정보]\n- 신도림 푸르지오3차 아파트(구로구 경인로 619-3번지)로 네비게이션 입력 후 지하 주차장에 주차하시면 됩니다.",
        "booking": "https://booking.naver.com/booking/6/bizes/284887",
        "category": "한식",
        "menus": [
            "168 프리미엄 연목심(한돈)",
            "17,900원"
        ],
        "description": "※ 봉고기 소개\n- 3년 연속 신도림 목살 판매 1위\n- 누적 방문수 150,000명 돌파\n- 프리미엄 무항생제 친환경 한돈 제공\n\n안녕하세요.\n귀한고기와 귀한대접 봉고기입니다.\n\n봉고기는 최상급 품질의 고기와 퀄리티 높은 식재료를 연구하여 고객님께 건강한 한끼 식사를 제공하는 프리미엄 목살 전문점입니다.\n\n만약 퀄리티를 제쳐둔 저렴한 고기집을 찾으신다면, 저희 봉고기는 맞지 않을 수 있습니다.\n\n봉고기는 창립 이래 지켜온 단 1가지 원칙이 있습니다.\n\n저희가 사용하는 식재료 대부분은 국내산, 친환경, 무농약, 무항생제로 이 모든 식재료의 값이 비싸기에 이익은 적습니다.\n\n처음부터 퀄리티 높고 건강한 한끼식사를 대접해야겠다는 생각이었기에, 싼 가격의 재료로 만든 저품질의 고기는 팔고 있지 않습니다.\n\n제 스스로도 용납이 되지 않을 뿐더러, 저희를 믿고 찾아와주신 고객님에 대한 예의도 아니라 생각합니다.\n\n따라서 저품질의 냉동 고기를 찾는 분들이라면 정중히 다른 집을 알아봐주시길 바랍니다.\n\n저희 봉고기는 지금까지 지켜온 신념 그대로, 앞으로도 최상급 품질의 고기와 건강한 식재료만 상에 올릴 것을 약속합니다.\n\n믿고 방문해주신 만큼, 최고의 한상차림으로 보답하겠습니다.\n\n감사합니다.\n\n※ 봉고기 네이버 예약 안내\n네이버 예약은 원하는 예약시간 2시간 전까지만 예약이 가능합니다.\n네이버 예약이 안될 경우 예약 없이 매장으로 방문하시면 됩니다.\n\n※ 봉고기 주차 안내\n푸르지오 3차 아파트 지하 주차장에 주차 가능하며, 주차권은 매장에서 드립니다.\n\n※ 결혼식 단체 예약 안내\n결혼식 피로연 단체 예약 20~40명 가능하며, 정성껏 대접해 드립니다.\n(최소 3~5일 전에 매장으로 전화하여 문의)"
    },
    {
        "no": 3,
        "code": 102198467,
        "images": "https://ldb-phinf.pstatic.net/20211122_166/16375422337163MLUy_JPEG/%BB%F5%BA%AE%C1%FD9999dd.jpg",
        "name": "새벽집 양곱창",
        "adress": "서울 구로구 신도림동 694",
        "time": "매일 11:00~01:30 | 일요일 휴무 1,3째주 일요일 휴무",
        "phone": "02-2296-0325",
        "op": "undefined주차 /예약 /남/녀 화장실 구분 /",
        "way": "",
        "booking": "",
        "category": "한식",
        "menus": [
            "곱창",
            "29,000원"
        ],
        "description": "30년 전통 곱창 오전 11:00 부터 새벽1시까지 영업. 일요일은11~23시까지 영업.\n마장동에서 매일 직접 공수해와 신선하며 초벌로 냄새가 나지 않는 새벽집 양곱창입니다.\n한번 맛보면 단골이 되는, 알곱창을 파는 새벽집 양곱창입니다."
    },
    {
        "no": 4,
        "code": 36803590,
        "images": "https://ldb-phinf.pstatic.net/20160203_287/1454494177185onkfw_JPEG/176153593956944_0.jpeg",
        "name": "어해도 횟집",
        "adress": "서울 구로구 구로동 1126-1 광희빌딩 2층",
        "time": "매일 11:30~22:40",
        "phone": "02-858-5060",
        "op": "undefined단체석 /주차 /예약 /무선 인터넷 /유아시설 (놀이방) /남/녀 화장실 구분 /",
        "way": "구로디지털단지역 6번출구에서 시흥 안양방향 도보 5분",
        "booking": "",
        "category": "일식",
        "menus": [
            "통우럭튀김세트",
            "12,000원"
        ],
        "description": "개별룸 회식룸 다양한스끼다시 어해도횟집 입니다"
    },
    {
        "no": 5,
        "code": 37433126,
        "images": "https://ldb-phinf.pstatic.net/20230418_160/1681746069377Y8eYJ_JPEG/KakaoTalk_20230315_170414138.jpg",
        "name": "라마노피자",
        "adress": "서울 구로구 구로동 811 B119-1",
        "time": "평일 11:00~21:00 B/T 14:30~16:00 | 토요일 11:00~21:00 B/T 14:30~16:00 | 일요일 11:00~20:00 B/T 14:30~16:00 (공휴일 영업시간 동일함 )",
        "phone": "0507-1435-2830",
        "op": "undefined단체석 /주차 /포장 /배달 /예약 /무선 인터넷 /남/녀 화장실 구분 /제로페이 /",
        "way": "* 1시간 무료주차 가능하십니다!\n\n- 2호선 구로디지털단지역 3번출구 도보 5분\n주소: 서울시 구로구 디지털로34길 55 코오롱싸이언스밸리2차 지하119-1\n-> 지하1층 건물 안쪽 에스컬레이터 쪽 주황색 간판 / 할머니국수와 한우마당 사이 골목으로 들어오세요!",
        "booking": "https://booking.naver.com/booking/6/bizes/593388",
        "category": "음식점",
        "menus": [
            "마르게리따",
            "13,900원"
        ],
        "description": "벌써 9년차가된 구디 직장인들이 인정한\n이직 하고도 찾아온다는\n이탈리안음식점 라마노피자입니다 ^^\n\n라마노피자는 다릅니다 !!\n상온2시간, 냉장48시간, 상온30분\n총 50시간30분 동안의 3차 숙성을 거친 도우는\n이탈리아산 화덕에서 480℃로 단 2분만에 구워집니다.\n\n모든 음식은 매장에서 직접 만들어\n특별함과 정성을 느낄 수 있는 요리들입니다.\n\n음식과 페어링하여 드실 수 있도록 다양한 음료도 준비되어 있습니다!\n\n앞으로도 많은 관심과 사랑 받을 수 있도록 노력하는 라마노가 되겠습니다 감사합니다!"
    },
    {
        "no": 6,
        "code": 20601612,
        "images": "https://ldb-phinf.pstatic.net/20221025_263/1666702512305wLtNF_PNG/%B4%EB%C7%A5%B4%D4%BB%E7%C1%F81_%C5%A9%B1%E2%BA%AF%C8%AF_1-removebg-preview_%285%29.png",
        "name": "이조손칼국수",
        "adress": "서울 구로구 구로동 547-24 이조손칼국수",
        "time": "매일 11:00~21:00 | 일요일 휴무",
        "phone": "0507-1364-2633",
        "op": "undefined단체석 /주차 /포장 /제로페이 /",
        "way": "거리공원에서 수사우나 골목으로 들어오셔서\nGS25시 편의점 옆 건물로 오시면 됩니다",
        "booking": "",
        "category": "한식",
        "menus": [
            "명품콩국수",
            "12,000원"
        ],
        "description": "35년동안 장인의 정신으로 국산 최상품의 재료만 사용하여 손수 요리합니다. 이조손칼국수의 대표 메뉴는 국산 서리태 콩국수로 국물은 매일 갈아\n고소하고 면은 서리태 국물로 직접 반죽하여 소화가 잘되는 것은 물론 일반 면보다 맛있고 쫄깃합니다. 이제는 냉콩국수와 온콩국수로 사계절 내내 즐겨보세요! 그 밖에 얼큰한 수제 만두전골과\n해풍 맞아 더 맛있는 전통 팥칼국수 , 손수 빚은 찹쌀 팥옹심이\n쫄깃한 맛이 일품인 감자옹심이, 직접 빚은 수제왕만두\n모든 음식은 좋은 재료로 즉석에서 요리하므로 건강한 음식입니다. 맛있게 드시기 바랍니다!"
    },
    {
        "no": 7,
        "code": 36610216,
        "images": "https://ldb-phinf.pstatic.net/20211218_10/1639768191653OzAIQ_JPEG/%B7%CE%B0%ED.jpg",
        "name": "최우영스시",
        "adress": "서울 구로구 구로3동 212-8 B118호",
        "time": "평일 11:30~15:00 점심영업시간 | 평일 15:00~17:30 Break time | 평일 17:30~21:30 저녁영업시간",
        "phone": "0507-1356-3430",
        "op": "undefined단체석 /주차 /포장 /배달 /남/녀 화장실 구분 /",
        "way": "구로디지털단지 대륭포스트타워 (전문 식당가) 지하1층에 위치한 스시, 초밥 전문점.",
        "booking": "",
        "category": "일식",
        "menus": [
            "모든접시 균일가",
            "2,500원"
        ],
        "description": "스시, 초밥 전문점 최우영스시 18년된 구로 본점입니다.\n\n프리미엄 참다랑어를 준비하는 최우영씨푸드의 목표는\n\n최고 품질의 수산물을 착한 가격으로 푸짐하게 제공하는 것입니다.\n\n좋은 식재료를 이기는 요리 기술은 없다고 생각하며,\n\n좋은 가격과 좋은 식재료로 그 가격의 맛이 아닌, 맛의 프리미엄을\n\n고객에게 제공 하기 위해 최선을 다해 노력하고 있습니다.\n\n위생\n2주 마다 세스코 방역\n50평 이상 공기살균기 비취\n테이블 턴 마다 크린콜 사용\n개인 별 위생장갑 착용"
    },
    {
        "no": 8,
        "code": 828994821,
        "images": "https://ldb-phinf.pstatic.net/20191219_84/1576735946970CL8JH_JPEG/4hWRHev05NiThwwjl2NWuzO7.jpg",
        "name": "대두족발",
        "adress": "서울 구로구 구로동 1125-10 1층 대두족발",
        "time": "매일 17:00~23:00 족발소진시까지",
        "phone": "02-888-3088",
        "op": "undefined단체석 /주차 /포장 /배달 /예약 /무선 인터넷 /제로페이 /",
        "way": "구로디지털단지역 1,2번출구로 나오신뒤, 깔깔거리입구에서 3분거리입니다.",
        "booking": "",
        "category": "한식",
        "menus": [
            "튀김족발",
            "39,000원"
        ],
        "description": "☆ 대두족발은?\n> 매일매일 삶은 A급 국내산 생족만을 사용\n> 인공재료 NO! 12가지 한약재와 과일로 삶아 껍질까지 쫀득하고 풍미를 더함\n> 구디 깔깔거리 입구에 위치, 오픈형 홀과 주방을 운영\n\n☆ TV 4사 방영\n> 채널A 관찰카메라24 197회 21.07.14\n> SBS 생방송투데이 2767회 21.02.24\n> MBC 생방송 오늘저녁 962회 18.12.04.\n> KBS 2TV 생생정보 449회 17.11.14.\n\n☆ 다년간 개발한 씨육수로 삶은 족발로 체인업체가 아닌\n   구디 오직 한 곳에서만 맛 보실 수 있습니다.\n\n☆ 한번도 안 먹어본 사람은 있어도\n한 번만 먹은 사람은 없는 족발,\n그런 특별한 족발!! 대두에서 만듭니다!!"
    },
    {
        "no": 9,
        "code": 33101938,
        "images": "https://ldb-phinf.pstatic.net/20160203_153/1454484956440B2QNW_JPEG/176153566575366_0.jpg",
        "name": "낭만부대찌개",
        "adress": "서울 구로구 구로동 212-8 B104호",
        "time": "평일 11:00~21:00 Break time 15:30~17:00 | 주말 휴무",
        "phone": "02-839-8090",
        "op": "undefined단체석 /주차 /포장 /예약 /무선 인터넷 /지역화폐 (카드형) /지역화폐 (모바일형) /제로페이 /",
        "way": "서울시 구로구 구로동 디지털로 288 대륭포스트타워1차 B104호",
        "booking": "https://booking.naver.com/booking/6/bizes/143863",
        "category": "한식",
        "menus": [
            "낭만부대찌개",
            "10,000원"
        ],
        "description": "구로디지털단지에 위치한 부대찌개,부대볶음 전문점입니다.\n사골육수와 마늘소스의 진한맛 부대찌개 입니다."
    },
    {
        "no": 10,
        "code": 1009989352,
        "images": "https://ldb-phinf.pstatic.net/20200630_158/1593523265381kqmNH_JPEG/aL_w7qy-2Ot3PQj13WOLhBAV.jpg",
        "name": "엉베흐",
        "adress": "서울 구로구 구로동 40-11 지하1층",
        "time": "평일 18:00~00:00 | 공휴일 18:00~02:00 | 주말 18:00~02:00",
        "phone": "0507-1365-1322",
        "op": "undefined단체석 /예약 /무선 인터넷 /",
        "way": "https://app.catchtable.co.kr/ct/shop/unverre\n-------------------\n-------------------\n-------------------\n신도림역 2번출구(테크노마트쪽)에서 신도림 먹자골목쪽 도보 8분거리 (약 800미터)\n\n와인 방문 구매시\n모든 와인 30% 할인\n\n주차 는 매장 인근에 따로 불가\n신도림 포스빌 이용권장 (유료주차장)\n또는 인근 공연 주차장",
        "booking": "https://booking.naver.com/booking/6/bizes/299160",
        "category": "술집",
        "menus": [
            "수비드 삼겹살",
            "23,000원"
        ],
        "description": "주차 는 매장 인근에 따로 불가\n신도림 포스빌 이용권장 (유료주차장)\n또는 인근 공연 주차장\n-예약 안내-\n\n엉베흐 예약\n\n월 ~ 목 18:00 ~ 20:00\n금 18:00 ~ 19:00\n토 ~ 일 17:00 ~ 19:00\n\n-예약 없이 워크인 입장 가능 합니다 자세한 사항은 전화로 문의 주세요\n\n -좌석 선택은 오시는 순서 대로\n 원하시는 공간에 안내 드리고 있습니다.\n\n- 엉베흐는 노키즈 존으로 운영됩니다.\n\n-네이버 예약이 되지 않을시에\n\n매장에 전화 주시면 자세히 안내 드립니다."
    },
    {
        "no": 11,
        "code": 1850113339,
        "images": "https://ldb-phinf.pstatic.net/20230511_256/1683801637263r3lrP_JPEG/IMG_1465.jpeg",
        "name": "바 도우",
        "adress": "서울 구로구 구로동 30-10 지층",
        "time": null,
        "phone": "0507-1420-6322",
        "op": "undefined단체석 /예약 /무선 인터넷 /남/녀 화장실 구분 /",
        "way": "주차는 매장 인근에 따로 불가\n신도림 포스빌 이용권장 (유료주차장)\n또는 인근 공영 주차장\n\n신도림역 3번출구에서 도보 8분거리\n신도림 포스빌 부근\n강촌숯불닭갈비 광부맥주 골목 위치",
        "booking": "",
        "category": "술집",
        "menus": [
            "꼬냑 하이볼",
            "16,000원"
        ],
        "description": "주차는 매장 인근에 따로 불가\n신도림 포스빌 이용권장 (유료주차장)\n또는 인근 공영 주차장\n\n단체예약은 사전문의 부탁드리겠습니다"
    },
    {
        "no": 12,
        "code": 1734725123,
        "images": "https://ldb-phinf.pstatic.net/20180925_53/1537863493367zQFdU_JPEG/c5S5zM5z2caY9hy-B-nfmGf5.jpg",
        "name": "오사카로",
        "adress": "서울 구로구 신도림동 338 신도림푸르지오2차 2층 206호",
        "time": "매일 17:00~22:00",
        "phone": "02-2634-2223",
        "op": "undefined단체석 /주차 /예약 /무선 인터넷 /남/녀 화장실 구분 /",
        "way": "신도림 현대백화점  건너편 신도림역 1번출구앞\n신도림푸리지오2차 2층206호 입니다.",
        "booking": "",
        "category": "술집",
        "menus": [
            "랍스터 특선 사시미",
            "150,000원"
        ],
        "description": "(구) 청담이상 신도림점이 새롭게 단장했습니다.\n한층더 업그레이드된  프리미엄 이자카야 오사카로 입니다.\n90평 120석이며  단체석, 개별룸이 있는  공간과\n흡연석 환비.\n신선한재료! 최고의 맛!\n최상의  서비스를 제공하고 있습니다."
    },
    {
        "no": 13,
        "code": 1644162919,
        "images": "https://ldb-phinf.pstatic.net/20230504_84/1683165544351nwAkL_JPEG/KakaoTalk_20230504_102443551_12.jpg",
        "name": "용나로매",
        "adress": "서울 구로구 구로동 28-4 지층",
        "time": null,
        "phone": "0507-1423-8807",
        "op": "undefined포장 /무선 인터넷 /남/녀 화장실 구분 /",
        "way": "신도림 포스빌오피스텔 맞은편\n노랑통닭 몽로주점 사이 초록 불빛 가게",
        "booking": "",
        "category": "술집",
        "menus": [
            "통목살 바베큐",
            "18,000원"
        ],
        "description": "신도림에 이런 술집이 ㅋ"
    },
    {
        "no": 14,
        "code": 20518641,
        "images": "https://ldb-phinf.pstatic.net/20201212_118/1607753117319seV9l_JPEG/%C5%A9%B8%B2%BB%F5%BF%EC.jpg",
        "name": "상하이포차",
        "adress": "서울 구로구 구로동 26 신도림포스빌",
        "time": "매일 16:00~02:00 | 일요일 휴무",
        "phone": "02-860-5698",
        "op": "undefined단체석 /주차 /예약 /남/녀 화장실 구분 /제로페이 /",
        "way": "포스빌 지하1층",
        "booking": "",
        "category": "술집",
        "menus": [
            "탕수육",
            "24,000원"
        ],
        "description": "안녕하세요 신도림 상하이 포차 본점입니다.\n기존의 중식 거품을 싹~뺀 가성비 좋은 중국 주점입니다\n다양한 종류의 술과 가성비 있는 안주로 술한잔 즐기세요^^"
    },
    {
        "no": 15,
        "code": 1805914004,
        "images": "https://ldb-phinf.pstatic.net/20221118_10/1668740780175Y2U1x_JPEG/20221104_182226.jpg",
        "name": "만선호프",
        "adress": "서울 구로구 구로동 1124-42 1층 1호",
        "time": null,
        "phone": "0507-1380-7292",
        "op": "undefined단체석 /",
        "way": "",
        "booking": "",
        "category": "술집",
        "menus": [
            "마늘치킨",
            "19,000원"
        ],
        "description": "만선호프"
    },
    {
        "no": 16,
        "code": 1310289088,
        "images": "https://ldb-phinf.pstatic.net/20211229_190/1640765272870GHTw4_JPEG/20211229_170512.jpg",
        "name": "금복주류",
        "adress": "서울 구로구 구로동 31-24 1층",
        "time": null,
        "phone": "02-833-4359",
        "way": "",
        "booking": "",
        "category": "술집",
        "menus": [
            "오돌뼈 주먹밥",
            "15,000원"
        ],
        "description": ""
    },
    {
        "no": 17,
        "code": 1573001741,
        "images": "https://ldb-phinf.pstatic.net/20230528_81/1685201602247EhP1r_JPEG/KakaoTalk_20230528_003310369.jpg",
        "name": "씨즐",
        "adress": "서울 구로구 신도림동 419-4 1층 110, 111호",
        "time": null,
        "phone": "0507-1350-3487",
        "op": "undefined단체석 /주차 /예약 /무선 인터넷 /남/녀 화장실 구분 /",
        "way": "신도림역 1번 출구에서 나오셔서 디큐브백화점쪽 횡단보도를 건너신 후, 좌측으로 300m 오시면 됩니다.",
        "booking": "https://booking.naver.com/booking/6/bizes/923189",
        "category": "술집",
        "menus": [
            "5코스",
            "45,000원"
        ],
        "description": "브런치와 한우스테이크 그리고 와인과 코스를 판매하는 씨즐입니다."
    },
    {
        "no": 18,
        "code": 38003428,
        "images": "https://ldb-phinf.pstatic.net/20190106_43/1546769208258mHmJz_JPEG/4MkKGeACdo4WgSkAAUF1M1sk.jpg",
        "name": "놀부전흥부전",
        "adress": "서울 구로구 오류동 36-1",
        "time": "매일 10:30~01:00 저녁영업시간 16:00 ~01:00 | 일요일 16:00~01:00 저녁영업시간 16:00 ~01:00",
        "phone": "02-2611-3225",
        "op": "undefined단체석 /포장 /배달 /예약 /",
        "way": "네비게이션 이용시\n오류동36-1 \n검색하셔서 찾아오시면 되구요!\n역에서 찾아오시게되면\n'오류동역' 3번출구로 나와서\n오류시장을 끼고 지도보고 찾아오시면 됩니다!",
        "booking": "",
        "category": "술집",
        "menus": [
            "모듬전",
            "17,000원"
        ],
        "description": "안녕하세요\n오류동 맛집 놀부전 흥부전입니다. \n오류1동에 위치해있구요. 올해 3년차 운영되고있는 가게에요. 여러종류의 전을 즐기실수 있구요. \n전 이외에도 식사를 함께할수있는 안주나 탕종류의 음식들도 많이 준비되있습니다. \n항상 깔끔하고 맛있는 음식 드실수있도록 노력하겠습니다. 항상 건강하고 행복하세요!"
    },
    {
        "no": 19,
        "code": 271082325,
        "images": "https://ldb-phinf.pstatic.net/20170519_262/1495166236194LjCOP_JPEG/186468545079492_0.jpeg",
        "name": "신도림 피맥",
        "adress": "서울 구로구 구로동 33-3 지하1층",
        "time": "토요일 17:00~02:00 | 금요일 17:00~02:00 | 목요일 17:00~02:00 | 수요일 17:00~02:00 | 화요일 17:00~02:00 | 일요일 17:00~02:00",
        "phone": "0507-1494-0140",
        "op": "undefined단체석 /주차 /예약 /",
        "way": "신도림 3번출구로 나와 테크노마트 맞은편 우성아파트 뒷쪽건물입니다.",
        "booking": "",
        "category": "술집",
        "menus": [
            "시카고피자",
            "22,000원"
        ],
        "description": "신도림 피맥은 시카고피자, 페퍼로니 피자등 맛있는 피자와 각종 수제맥주와 칵테일이 있는 이태원 스타일의 펍! 아메리칸 포차입니다.\n아늑하고 깨끗한 실내 공간, 편리한시설(다트완비), 넓은 크기의 단체예약과 피로연도 가능한 신도림피맥에 언제든지 편하게 오셔서 즐기세요!\n\n[영업시간]\n월요일-목요일 16:00 ~ 02:00\n금요일-토요일 16:00 ~ 03:00\n일요일 16:00 ~ 01:00\n\n신도림역 3번출구 약 500m, 주차가능 합니다."
    },
    {
        "no": 20,
        "code": 19820966,
        "images": "https://ldb-phinf.pstatic.net/20220402_33/16488916547116LtvS_JPEG/0F540A3E-8777-441C-8907-9E0352E60C78.jpeg",
        "name": "메이비카페",
        "adress": "서울 구로구 구로동 1124-49 1층 메이비",
        "time": "매일 08:30~23:00 | 매일 10:00~20:30 브런치 운영시간",
        "phone": "02-859-3073",
        "op": "undefined단체석 /주차 /포장 /무선 인터넷 /남/녀 화장실 구분 /",
        "way": "구로디지털 단지역 3번 출구 바로앞\n빨간지붕 단독 건물입니다",
        "booking": "",
        "category": "음식점",
        "menus": [
            "치폴레 치킨 샌드위치",
            "15,500원"
        ],
        "description": "한쪽 벽면을 가득 채운 꽃무늬의 벽화가 인상적인 브런치 레스토랑입니다. 가게 곳곳은 빈티지 스타일의 가구와 소품으로 채워져 있지요. 팬케이크, 토스트, 파니니 등 다양한 브런치 메뉴와 커피가 준비되어 있습니다.\n\n\n*주차 1만원당 1시간 제공, 최대 2시간 주차 가능"
    },
    {
        "no": 21,
        "code": 1441471542,
        "images": "https://ldb-phinf.pstatic.net/20220715_202/1657895214862CRgxT_JPEG/image.jpg",
        "name": "디저트샵시소",
        "adress": "서울 구로구 천왕동 273 1층 101호",
        "time": null,
        "phone": "0507-1380-8487",
        "op": "undefined주차 /포장 /예약 /무선 인터넷 /제로페이 /",
        "way": "천왕 이펜 하우스 4단지 상가동 1층 위치",
        "booking": "",
        "category": "카페,디저트",
        "menus": [
            "2호 홀케이크",
            "37,000원"
        ],
        "description": "안녕하세요 디저트샵시소 입니다 :)\n크고작은 모든 공정은 수제로 이루어집니다.\n모든 제품에 사용되는 생크림은 동물성생크림 입니다.\n제철과일을 이용해, 인위적인 단맛 없이\n모든 연령이 즐길수 있는 케이크를 만듭니다 :)\n\n언제나 특별한날에는 시소와 함께해주세요.\n좋은 디저트로 보답하겠습니다"
    },
    {
        "no": 22,
        "code": 1400337047,
        "images": "https://ldb-phinf.pstatic.net/20220426_89/1650983360861MG825_JPEG/96600C50-E154-415C-9030-1B67E48DA880.jpeg",
        "name": "오브베이크",
        "adress": "서울 구로구 구로동 1127-26 2층 오브베이크",
        "time": null,
        "phone": "0507-1419-5494",
        "op": "undefined포장 /배달 /",
        "way": "구로디지털단지역 2번출구에서 5분거리, 깔깔거리 맞은편 포포인츠 호텔 옆 2층",
        "booking": "",
        "category": "카페,디저트",
        "menus": [
            "스모어쿠키",
            "3,500원"
        ],
        "description": "안녕하세요!\n구로디지털단지에 위치한 오브베이크 입니다\n\n묵직한 블렌딩의 스페셜티 커피와 매장에서 직접 반죽하는 수제 디저트를 맛보세요 :)\n\n쿠키, 까눌레, 휘낭시에, 버터바 등 매일 디저트 라인업은 달라지며 인스타그램을 통해 당일 오픈과 함께 업로드 합니다\n\n커스텀 케이크는 100% 예약제로 카카오 채널을 통해 주문제작으로 진행합니다."
    },
    {
        "no": 23,
        "code": 1302826527,
        "images": "https://ldb-phinf.pstatic.net/20200904_143/1599208114195bC6rH_JPEG/MqSlQjsO-MZyoJd1CmAyaPD4.jpg",
        "name": "카페우물",
        "adress": "서울 구로구 구로동 33-11 1층",
        "time": "월요일 08:00~22:00 | 금요일 08:00~22:00 | 화요일 08:00~22:00 | 수요일 08:00~22:00 | 목요일 08:00~22:00 | 토요일 10:00~22:00 | 일요일 휴무",
        "phone": "02-830-5238",
        "op": "undefined단체석 /포장 /배달 /예약 /무선 인터넷 /지역화폐 (지류형) /지역화폐 (카드형) /지역화폐 (모바일형) /제로페이 /",
        "way": "하늘빌딩 1층에 위치해 있습니다.",
        "booking": "",
        "category": "음식점",
        "menus": [
            "아메리카노",
            "3,500원"
        ],
        "description": "안녕하세요! 누구나 편안하게 즐길수 있는 따뜻한 공간입니다."
    },
    {
        "no": 24,
        "code": 1271331461,
        "images": "https://ldb-phinf.pstatic.net/20221121_111/1668997882446E5BKM_JPEG/20221121_112800.jpg",
        "name": "수밀 블랑제리",
        "adress": "서울 구로구 고척동 191-1 1층 103호 수밀 블랑제리",
        "time": null,
        "phone": "02-2688-8425",
        "op": "undefined주차 /제로페이 /",
        "way": "<고척사거리 연세사랑모아 여성병원 건물 1층에 위치하고 있습니다.>____________________________\n\n개봉역 2번 출구ㅡ06번 마을버스(리가아파트하차)\n\n※6515, 5712 ㅡ 고척시장 하차 (버스가는 방향으로 100m정도 내려오시면 보여요!)________________\n\n※6516, 6613, 6638 ㅡ봉영여중,목동고 하차 (고척사거리 방향으로 오시면 건물 꼭대기층 벽면에 코끼리 그림이 있는 연세사랑모아 여성병원건물 1층이랍니다.)",
        "booking": "https://booking.naver.com/booking/6/bizes/793916",
        "category": "카페,디저트",
        "menus": [
            "소금 치아바타",
            "4,200원"
        ],
        "description": "만든 이의 온도가 느껴지는 곳.\n사람을 먼저 생각합니다.\n조금은 힘들고 시간이 더 들어도\nBon pain을 위한 노력을 게을리 하지 않겠습니다.\n판매되는 모든 빵들은 매장에서 수작업으로 만들어집니다.\n당일 생산, 당일 판매를 원칙으로 합니다.\n건강한 식재료와\n생분해 봉투, 생분해 컵, 생분해 빨대 등\n친환경 포장재를 지향합니다."
    }
]