[
    {
        "no": 0,
        "code": 18525138,
        "images": "https://ldb-phinf.pstatic.net/20200713_204/15946451269512XORF_JPEG/GA5MdBk6X3P1b9D4sZdg7wlZ.JPG.jpg",
        "name": "동흥관",
        "adress": "서울 금천구 시흥동 115-10",
        "time": "매일 11:00~21:30 연중무휴, 라스트오더(21:00)",
        "phone": "02-803-3759",
        "op": "undefined단체석 /주차 /포장 /배달 /예약 /남/녀 화장실 구분 /장애인 편의시설 /제로페이 /",
        "way": "금천구청역 1번출구로 나와서 오른쪽 방향 자전거보관소쪽 일방통행길로 500m정도 걸어오시면 왼쪽에 있으며 한눈에 동흥관임을 알아 보실 수 있습니다.^^",
        "booking": "",
        "category": "중식",
        "menus": [
            "탕수육",
            "24,000원"
        ],
        "description": "1951년에 창업해 가업으로 이어오고있는 시흥동의 중국집입니다. 다양한 코스요리가 있고, 삼선짬뽕, 짜장면 등의 식사메뉴가 고루 인기있습니다. 메인요리를 먹고 작은양으로 짜장면을 즐길 수 있는 맛짜장이라는 메뉴도 좋은 평가를 받고 있지요.\n저희 동흥관은 백년가게를 향해 달려가고 있습니다.\n깊은 역사를 가지고 있는 만큼 여러분에게 더 맛있는 음식을 선보이겠습니다.\n즐거운 식사를 제공할 수 있도록 최선을 다 하겠습니다."
    },
    {
        "no": 1,
        "code": 1944327442,
        "images": "https://ldb-phinf.pstatic.net/20210517_22/1621260810204RllMA_JPEG/PolEzqzvQ80z-9zOoWX3M_QS.jpg",
        "name": "진영면옥",
        "adress": "서울 금천구 독산동 162-10",
        "time": "평일 11:00~21:00 Break time 15:00~17:00 | 토요일 11:00~21:00 Break time 15:00~17:00 | 일요일 휴무",
        "phone": "0507-1367-2383",
        "op": "undefined무선 인터넷 /남/녀 화장실 구분 /",
        "way": "주택가라 주차장이 따로 없습니다ㅠ",
        "booking": "",
        "category": "한식",
        "menus": [
            "평양냉면",
            "11,000원"
        ],
        "description": "국내산1등급 양지로 끓인 맑고 육향이 진한 육수에 맷돌로 제분한 메밀면을 더한 평양냉면 입니다.\n\n평양냉면이 낯선분들은 조청과 과일로 은은한 단맛을 내고 맵지 않은 비빔냉면을 추천 해드립니다.\n\n양지가 듬뿍 들어간 맑고 담백한 곰탕도 일품입니다.\n\n제주도에서 공수한 흑돼지로 부드럽고 쫄깃하게 조리한 수육도 반주에 곁드리기 좋습니다.\n\n양지수육은 어복쟁반을 먹고 이 맛을 접시에 담아보자 생각해 고안한 메뉴로. 수육아래 깔려진 쑥갓,버섯,대파를 부드러운 양지에 곁들어 장에 찍어드시면 담백하고 개운한 맛을 느끼실수 있습니다."
    },
    {
        "no": 2,
        "code": 1981183540,
        "images": "https://ldb-phinf.pstatic.net/20230712_235/1689137677160cU53n_JPEG/KakaoTalk_20230711_010014073_04.jpg",
        "name": "유키온나",
        "adress": "서울 금천구 가산동 139-15 2층 201호",
        "time": null,
        "phone": "0507-1330-8171",
        "op": "undefined단체석 /주차 /남/녀 화장실 구분 /",
        "way": "",
        "booking": "https://booking.naver.com/booking/6/bizes/949551",
        "category": "일식",
        "menus": [
            "유키온나특초밥13p",
            "22,000원"
        ],
        "description": "안녕하세요 가산동맛집! 가산디지털단지맛집!\n점심엔 맛도리 스시집! 저녁엔 분위기있는 스시와 이자카야를 한곳에서! 일식 전문점 유키온나입니다. 사시미코스요리부터\n사시미 / 초밥 / 덮밥 / 냉모밀 / 꼬치 / 우동 / 고로케 / 나가사키짬뽕 / 오꼬노미야끼 전문 일식 맛집입니다 많은 방문 부탁드립니다 ^^"
    },
    {
        "no": 3,
        "code": 1256338829,
        "images": "https://ldb-phinf.pstatic.net/20200417_49/1587090424692tsBas_JPEG/fp1DaSojK3yF9OmtMXNZVlzz.jpeg.jpg",
        "name": "세라즈피자펍",
        "adress": "서울 금천구 가산동 371-28 A동 2층 222호",
        "time": "금요일 11:30~24:00 B.T 14:00~17:00 | 목요일 11:30~24:00 B.T 14:00~17:00 | 수요일 11:30~24:00 B.T 14:00~17:00 | 화요일 11:30~24:00 B.T 14:00~17:00 | 월요일 11:30~24:00 B.T 14:00~17:00 | 평일 11:30~24:00 B.T 14:00~17:00",
        "phone": "0507-1379-0415",
        "op": "undefined단체석 /주차 /포장 /예약 /남/녀 화장실 구분 /",
        "way": "가산디지털 1호선 8번출구 나오셔서 우림라이온스밸리 빌딩으로 연결된 문으로 들어오시면 에스컬레이터 옆에 있습니다 ",
        "booking": "",
        "category": "음식점",
        "menus": [
            "피자 13인치",
            "22,900원"
        ],
        "description": "뉴질랜드 사장님이 만드시는 수제피자와 파스타  맛있는 수제맥주 14가지 온탭"
    },
    {
        "no": 4,
        "code": 1626488469,
        "images": "https://ldb-phinf.pstatic.net/20220101_117/1640968904875ICMMe_JPEG/image.jpg",
        "name": "호세가",
        "adress": "서울 금천구 가산동 145-13 1층",
        "time": "월요일 휴무 | 화요일 11:30~22:00 14:00~17:00 브레이크타임 | 수요일 11:30~22:00 14:00~17:00 브레이크타임 | 목요일 11:30~22:00 14:00~17:00 브레이크타임 | 금요일 11:30~22:00 14:00~17:00 브레이크타임 | 토요일 11:30~22:00 15:00~17:00 브레이크타임 | 일요일 11:30~22:00 15:00~17:00 브레이크타임",
        "phone": "0507-1346-8826",
        "op": "undefined주차 /포장 /배달 /무선 인터넷 /제로페이 /",
        "way": "가까운역 가산디지털단지역 4번출구 10분거리\n가까운정류장 연희미용고등학교 2분거리, \n디지털단지 오거리 2분거리",
        "booking": "",
        "category": "음식점",
        "menus": [
            "올 인 타코스",
            "35,000원"
        ],
        "description": "[ 호세가 이용 TIP ! ]\n\n1.예약제 운영을 하지 않습니다.\n오신 순서대로 안내 도와 드리겠습니다.\n\n2.매장바로 옆 공터에 두대까지 주차 가능 하시고, 만차시 가까운 유료주차장 이용을 부탁드립니다.\n\n3. 365일 휴무없이 운영하오니,언제든지 호세가를 즐겨주세요!\n\n4. 배민1, 쿠팡이츠, 요기요를 통해 배달서비스를 이용하실 수 있습니다.\n\n더 맛있는 음식과 즐겁고 기분좋은\n공간으로 보답하겠습니다 ^.^\n감사합니다."
    },
    {
        "no": 5,
        "code": 1142415129,
        "images": "https://ldb-phinf.pstatic.net/20230516_153/1684163621653wjBB9_JPEG/1684162310740-8.jpg",
        "name": "인생파곱창",
        "adress": "서울 금천구 시흥동 888-5",
        "time": "토요일 16:00~00:00 | 금요일 16:00~00:00 | 월요일 휴무 | 일요일 16:00~23:00 | 목요일 16:00~23:00 | 수요일 16:00~23:00 | 화요일 16:00~23:00",
        "phone": "0507-1490-7819",
        "op": "undefined단체석 /예약 /무선 인터넷 /남/녀 화장실 구분 /",
        "way": "좁은 골목으로 들어가면 나무로 짜여진 테크가 있는 아늑한 아지트 같은 곳이\n바로 인생양대창이 있는 곳입니다.",
        "booking": "https://booking.naver.com/booking/6/bizes/289109",
        "category": "한식",
        "menus": [
            "수제숙성 청정진도대파 한우곱창",
            "27,900원"
        ],
        "description": "(구) 인생양대창\n블루리본서베이 2021,2022,2023 서울의맛집 책 수록.\n167만 유튜버 웃소 대창편.\n\n인생파곱창의 5가지 약속~!\n\n하나, 전국 최초 청정 봉화 풋사과 가루 토핑과 청정진도대파곱창 , 청정진도대파대창 개발 및 진도대파숙성곱창 특허출원등록 진행 중 세상 어디에도 없는 인생파곱창\n\n둘, 대한민국 최고 청정지역인 전라도 진도에서 대파를, 경북 봉화에서 풋사과를 공수\n\n셋, 선별된 대파를 직접 손질한 후, 곱창안에 하나씩 수작업으로 넣어서 만듬.\n\n넷, 진도대파숙성. 진도대파와 천연과일로만 숙성하여 잡내없이 영양가 있고 더욱 부드럽고 고소합니다.\n\n다섯, 금천구 시흥동의 자랑 호암산을 모티브로 한 호암산 볶음밥 한판.\n\n(풋사과-체지방 흡수를 방해하여 요요없는 다이어트에 도움) feat naver\n\n경북 봉화.\n한창 더운 여름이 시작됐을 때,\n마당에는 가족들이 모여 고기를 굽고 있었습니다.\n불이 타올라 고기가 구워지는 소리와 함께,\n고기굽는 냄새가 깊어져 갔습니다.\n\n그 날 밤, 가족 모두가 행복한 표정을 지었고,\n특히 이집 아들은 이날 밤을 잊을 수 없었습니다.\n그 이유는 고기 뿐만 아니라,\n같이 먹었던 대파와 사과도 정말 맛있었기 때문이었습니다.\n\n그날 밤, 아들은 집에 들어가는 길에 부모님께 말했습니다.\n*이런 시간을 언제나 가족들과 함께 보낼 수 있으면 좋겠어요.*\n그리고, 그 추억은 아들의 마음속에서 더욱 풍성해졌습니다.\n\n이제 그아들은 그 때의 추억을 담은 고기를 먹으면,\n머릿속에 그 때의 모습이 떠오르며, 따뜻한 미소가 떠오릅니다.\n그렇게 아들은 가족과 함께한 그 날의 추억을\n곱창에 담아 다시금 그 느낌을 떠올리곤 합니다.\n\n당일도축 특 황소(육우)곱창을 사용합니다."
    },
    {
        "no": 6,
        "code": 472884868,
        "images": "https://ldb-phinf.pstatic.net/20180719_291/1531963212962E7UtF_JPEG/js6nym-tYgTuhAIvlWQOYhJN.JPG.jpg",
        "name": "가산물갈비&백년불고기",
        "adress": "서울 금천구 가산동 371-37 STX V TOWER 110호",
        "time": "매일 11:00~22:00 브레이크 타임 15:00~16:30 (21:00라스트오더) | 주말 11:00~22:00 브레이크타임없음 (21:00라스트오더)",
        "phone": "0507-1414-8981",
        "op": "undefined단체석 /주차 /포장 /배달 /예약 /남/녀 화장실 구분 /제로페이 /",
        "way": "가산디지털단지역 7번출구에서 50m 거리의 수출의 다리 바로 옆건물 stx vtower 1층에위치합니다!",
        "booking": "",
        "category": "한식",
        "menus": [
            "산더미물갈비",
            "38,000원"
        ],
        "description": "각종 방송에서도 인정한 명품 맛집으로 소등심을 물갈비 위에 얹어서 샤브로 먹는 칼칼한 맛이 일품인 요리입니다.\n\n예약번호 : 010-9581-8981\n\n42석으로 단체 예약 가능합니다."
    },
    {
        "no": 7,
        "code": 1565452201,
        "images": "https://ldb-phinf.pstatic.net/20211206_283/1638780358224wvKMX_JPEG/1636874784649_s.jpg",
        "name": "서천집",
        "adress": "서울 금천구 가산동 371-28 우림라이온스밸리 A동 2층 212호",
        "time": "매일 11:00~22:00",
        "phone": "0507-1338-0400",
        "op": "undefined단체석 /주차 /발렛파킹 /포장 /예약 /무선 인터넷 /",
        "way": "서울 금천구 가산디지털단지역 9번출구 바로앞\n우림라이온스밸리 A동 2층 212호\nA동입니다 차를가져오신분은 A동 주차장으로 와주시면 됩니다.",
        "booking": "https://booking.naver.com/booking/6/bizes/339026",
        "category": "음식점",
        "menus": [
            "서천집 Set메뉴 1",
            "36,000원"
        ],
        "description": "서천집만의 특별한 레시피로 맛보는 쭈꾸미삼겹과 냉동삼겹살의 참맛을 느낄 수 있는 곳으로 쭈꾸미삼겹 전문집 서천집입니다.\n\n가산디지털단지역 9번출구에 위치하여 각종 모임장소 또는 회식장소로 탁월한 서천집입니다.\n\n항상 깨끗하고 편안한 분위기를 유지합니다. 또한 고객들에게 언제나 친절하고 정확한 서비스를 제공하려 노력하고 있습니다. 고객님들께서 불편함 없이 맛있는 음식을 즐길 수 있도록 항상 최선을 다하겠습니다."
    },
    {
        "no": 8,
        "code": 37187437,
        "images": "https://ldb-phinf.pstatic.net/20190306_267/155185572653980JLt_JPEG/mtbKkoLGCp28NQe6hXlbXhdi.jpg",
        "name": "동남집",
        "adress": "서울 금천구 가산동 371-59 신한이노플렉스 1층 102호",
        "time": "평일 00:00~24:00 월요일~금요일 | 주말 11:00~20:00 화~토 아침식사됩니다 | 공휴일 11:00~20:00 추석, 설날 휴무",
        "phone": "02-830-8834",
        "op": "undefined주차 /포장 /남/녀 화장실 구분 /",
        "way": "가산디지털단지역 7호선 5번출구 앞 직진 첫번째 신호등 길 건너편",
        "booking": "",
        "category": "한식",
        "menus": [
            "양지곰탕",
            "9,000원"
        ],
        "description": ""
    },
    {
        "no": 9,
        "code": 1612727869,
        "images": "https://ldb-phinf.pstatic.net/20230515_238/1684136118153VQs3T_JPEG/KakaoTalk_20230515_163258090_01.jpg",
        "name": "페이자이",
        "adress": "서울 금천구 가산동 371-57 104호",
        "time": null,
        "phone": "0507-1441-1094",
        "op": "undefined단체석 /주차 /포장 /배달 /예약 /무선 인터넷 /남/녀 화장실 구분 /제로페이 /",
        "way": "가산디지털단지역 7번 출구(구 5번출구)에서 나와 170m 직진하면 좌측 더 스카이밸리 1차 건물 1층 104호입니다.\n\n자가용으로 방문 시 네비게이션에 페이자이라고 입력하시면 편하게 오실 수 있습니다.\n[평일 주차 30분 무료, 주말 주차 2시간 무료입니다.]",
        "booking": "https://booking.naver.com/booking/6/bizes/939102",
        "category": "중식",
        "menus": [
            "런치/디너) 중국식 오이무침",
            "6,800원"
        ],
        "description": "고물가 시대에 합리적인 가격으로 고품질의 음식을 대접하기 위해 항상 노력하는 페이자이 입니다. 남녀노소 편하게 즐기실 수 있게 쾌적한 자리를 마련 하였습니다.\n페이자이에는 13년 경력 특급호텔 쉐프들의 퓨전 중국 음식과 함께 다양한 주류 라인업이 준비되어있어 소규모 회식, 단체 회식, 대관 등의 자리로도 손색 없는 매장입니다.\n\n페이자이에서 특급호텔 쉐프들의 요리와 각종 주류를 즐겨보세요!!\n\n- 단체예약 환영!\n- 소규모 회식 환영!\n\n예약 및 대관 문의\n 02-2680-1008"
    },
    {
        "no": 10,
        "code": 1299171825,
        "images": "https://ldb-phinf.pstatic.net/20220528_290/1653727733011P2swM_JPEG/C1D0B430-7A35-4F1B-98A6-D8A82EA9B6AB.jpeg",
        "name": "객주현",
        "adress": "서울 금천구 가산동 42-16 2층",
        "time": null,
        "phone": "0507-1337-5615",
        "op": "undefined단체석 /포장 /무선 인터넷 /",
        "way": "가산디지털단지역 1번출구로 나오셔서 맞은편 엠넷노래방 왼쪽 골목안에 있습니다",
        "booking": "",
        "category": "술집",
        "menus": [
            "동파육",
            "19,000원"
        ],
        "description": "안주가 맛있어야 진정한 술집이다! 음식의 정직함과 친절한 서비스,이런 가격에 이런주가?라는 생각이드는 퓨전포차!"
    },
    {
        "no": 11,
        "code": 36174409,
        "images": "https://ldb-phinf.pstatic.net/20171226_256/1514293493569KhtXn_JPEG/_CVErYRYRc0uyuHzM_1HOGYu.JPG.jpg",
        "name": "텐마루",
        "adress": "서울 금천구 가산동 143-44 2층",
        "time": "평일 18:00~02:00 | 토요일 18:00~02:00",
        "phone": "0507-1415-0199",
        "op": "undefined단체석 /주차 /예약 /무선 인터넷 /반려동물 동반 /남/녀 화장실 구분 /",
        "way": "가산동 현대 아울렛 후문 앞 2층 텐마루",
        "booking": "",
        "category": "술집",
        "menus": [
            "창코나베",
            "28,000원"
        ],
        "description": "최강요리사 그룹 텐마루 입니다.\n텐마루는 강남 역삼동에서 가산동으로 이전하였습니다. \n생활의달인, 맛있는녀석들  그 외 공중파 3사 및 케이블 다수 출연 한 \n오너쉐프가 운영하는 일식 퓨전요리 이자카야 입니다 \n오너쉐프가 직접 아침장을 봐서 만드는 신선하고  고급진 메뉴와 일식 퓨전요리  즐기러 오세요~"
    },
    {
        "no": 12,
        "code": 1695009660,
        "images": "https://ldb-phinf.pstatic.net/20230719_92/1689757147159iFiQj_JPEG/IMG_9295.jpeg",
        "name": "기와술집",
        "adress": "서울 금천구 시흥동 890-2 102동 104호",
        "time": "매일 16:00~04:00 | 토요일 16:00~04:00 | 금요일 16:00~04:00 | 목요일 16:00~04:00 | 수요일 16:00~04:00 | 화요일 16:00~04:00 | 월요일 16:00~04:00 | 일요일 16:00~04:00",
        "phone": "0507-1422-8177",
        "op": "undefined단체석 /예약 /무선 인터넷 /남/녀 화장실 구분 /제로페이 /",
        "way": "",
        "booking": "",
        "category": "술집",
        "menus": [
            "닭구이",
            "19,000원"
        ],
        "description": "맛을 중요시 하시는 고객,인스타 갬성 원하시는고객\n다 잡기위해서 노력했습니다 부담없이 오세요 ~"
    },
    {
        "no": 13,
        "code": 1598807291,
        "images": "",
        "name": "1박2일 포차",
        "adress": "서울 금천구 가산동 468-4",
        "time": null,
        "phone": "",
        "way": "가산디지털단지역 2번출구에 있습니다",
        "booking": "",
        "category": "술집",
        "menus": [
            "곱창야채볶음",
            "15,000원"
        ],
        "description": ""
    },
    {
        "no": 14,
        "code": 117554783,
        "images": "https://ldb-phinf.pstatic.net/20210804_11/1628067886483pvJBe_JPEG/a7TYaPHn_0imje2RCC6sC6aQ.jpeg.jpg",
        "name": "진케이",
        "adress": "서울 금천구 가산동 233-5",
        "time": "평일 17:25~01:20 | 토요일 17:00~01:55 | 일요일 휴무",
        "phone": "02-852-9892",
        "op": "undefined단체석 /주차 /포장 /배달 /예약 /무선 인터넷 /남/녀 화장실 구분 /제로페이 /",
        "way": "",
        "booking": "",
        "category": "술집",
        "menus": [
            "모츠나베",
            "30,000원"
        ],
        "description": "가산동 가산푸르지오시티로 이전하였습니다\n\n서울 금천구 디지털로10길 69 1동 112호\n02-852-9892\n\n일식경력 15년\n\n여의도 가츠라, 광화문 춘산, 모로미쿠시 이촌점 실장경력\n\n안녕하세요 진케이입니다\n\n초심으로 돌아가 늘 맛있는 음식, 정성스런 음식을 위해 최선을 다하겠습니다"
    },
    {
        "no": 15,
        "code": 37469886,
        "images": "",
        "name": "포장마차탄",
        "adress": "서울 금천구 시흥동 999-41",
        "time": null,
        "phone": "02-808-7228",
        "way": "",
        "booking": "",
        "category": "술집",
        "menus": [
            "삼치구이",
            "16,000원"
        ],
        "description": ""
    },
    {
        "no": 16,
        "code": 1350380935,
        "images": "https://ldb-phinf.pstatic.net/20230509_21/1683606644510yNju7_JPEG/2933686C-97A5-4157-AB47-8CF8A1759A8D.jpeg",
        "name": "평일주점",
        "adress": "서울 금천구 가산동 83-13 1층 평일주점",
        "time": "금요일 17:30~23:00 법정휴일휴무 | 목요일 17:30~23:00 법정휴일휴무 | 수요일 17:30~23:00 법정휴일휴무 | 화요일 17:30~23:00 법정휴일휴무 | 월요일 17:30~23:00 법정휴일휴무 | 평일 17:30~23:00 법정휴일휴무",
        "phone": "1800-2845",
        "op": "undefined예약 /무선 인터넷 /반려동물 동반 /지역화폐 (카드형) /지역화폐 (모바일형) /제로페이 /",
        "way": "지하철 가산디지털단지역 1번 출구 도보 3분 거리...\n\n서울시 금천구 벚꽃로38길 32-39",
        "booking": "",
        "category": "술집",
        "menus": [
            "아사히생맥주",
            "8,000원"
        ],
        "description": "생맥주와 하이볼, 수제 안주가있는\n스탠딩주점입니다.\n영업시간 17:30-23:00"
    },
    {
        "no": 17,
        "code": 1592770378,
        "images": "https://ldb-phinf.pstatic.net/20230116_283/1673865120782OQRLd_JPEG/KakaoTalk_20230116_185859628.jpg",
        "name": "서울인더레인",
        "adress": "서울 금천구 가산동 777 B-1층 서울인더레인",
        "time": null,
        "phone": "0507-1380-4423",
        "op": "undefined단체석 /예약 /무선 인터넷 /남/녀 화장실 구분 /",
        "way": "가산디지털단지역1번출구로 나오시면 건너편 좌측으로 cu편의점 지나서 777노래방과 같은 지하1층 입니다",
        "booking": "",
        "category": "술집",
        "menus": [
            "피에로기",
            "17,000원"
        ],
        "description": "위스키/칵테일/와인/하이볼/맥주 & 맛있는 안주\n영화와 잔잔한 음악까지 편하게 언제든 즐기러 오세요 혼술도 환영합니다 (사장님이랑 친해지시면 막 퍼드려요 (소근))"
    },
    {
        "no": 18,
        "code": 1285729698,
        "images": "https://ldb-phinf.pstatic.net/20221223_296/1671732530169JB721_JPEG/8_studiolake_03.jpg",
        "name": "스튜디오레이크",
        "adress": "서울 금천구 가산동 140-26 2층",
        "time": "월요일 18:00~00:00 | 화요일 18:00~00:00 | 수요일 18:00~00:00 | 목요일 18:00~00:00 | 금요일 18:00~00:00 | 토요일 18:00~00:00 | 일요일 휴무",
        "phone": "0507-1308-9864",
        "op": "undefined단체석 /예약 /남/녀 화장실 구분 /",
        "way": "현대아울렛 , 마리오아울렛 , W몰이 위치한 아울렛 사거리에서 디지털단지 오거리 방향으로 30M 정도 걸어오면 대로변 1층BBQ매장입구 바로 옆 2층에 위치해있습니다.",
        "booking": "https://booking.naver.com/booking/6/bizes/176993",
        "category": "술집",
        "menus": [
            "에그인헬",
            "17,000원"
        ],
        "description": "가산디지털단지 대표 캐주얼 와인바\n스튜디오레이크는 와인과 공간을 판매합니다\n\n2023년부터 지하1층은 영업을 종료했습니다.\n2층만 운영하오니 방문에 참고 부탁드립니다:)\n\n더 많은 정보는 인스타그램\n공식 계정에 있습니다:)\n@studio_lake_official"
    },
    {
        "no": 19,
        "code": 1893855607,
        "images": "https://ldb-phinf.pstatic.net/20230705_244/1688484935800PfQzb_JPEG/KakaoTalk_20230705_003239548.jpg",
        "name": "불불",
        "adress": "서울 금천구 독산동 1032-6 jj빌딩 101호",
        "time": "토요일 18:00~01:00 매주 일,월 휴무 | 금요일 18:00~01:00 매주 일,월 휴무 | 목요일 18:00~01:00 매주 일,월 휴무 | 수요일 18:00~01:00 매주 일,월 휴무 | 화요일 18:00~01:00 매주 일,월 휴무",
        "phone": "0507-1342-5057",
        "op": "undefined예약 /무선 인터넷 /",
        "way": "소문난 근고기 위층. (JJ빌딩 왼쪽 언덕에 입구. 비밀번호 8204샵)",
        "booking": "https://booking.naver.com/booking/6/bizes/951764",
        "category": "술집",
        "menus": [
            "Pasta",
            "변동가격(업주문의)"
        ],
        "description": "입구는 언덕 쪽에 위치합니다.\n출입시 입구 비밀번호가 있어요. ( 8204샵 )\n일반 와인, 내추럴 와인,등이 있으며\n식사 겸 안주 가능한 요리도 있습니다.\n18:00부터 01:00까지 영업하고 일요일, 월요일, 쉽니다.\n자세한 사항은 인스타그램을 참조해주세요!"
    },
    {
        "no": 20,
        "code": 32294408,
        "images": "https://ldb-phinf.pstatic.net/20150831_27/1441019942914gGPgJ_JPEG/146352586964475_0.jpeg",
        "name": "프랑세즈과자점",
        "adress": "서울 금천구 독산동 876-3",
        "time": "매일 07:00~24:00",
        "phone": "02-854-1213",
        "op": "undefined포장 /배달 /방문접수/출장 /예약 /무선 인터넷 /",
        "way": "",
        "booking": "",
        "category": "카페,디저트",
        "menus": [
            "고로케",
            "1,800원"
        ],
        "description": ""
    },
    {
        "no": 21,
        "code": 1784791929,
        "images": "https://ldb-phinf.pstatic.net/20230704_276/1688459814015IiuhC_JPEG/20230703_112826.jpg",
        "name": "쑥국당",
        "adress": "서울 금천구 독산동 876-17",
        "time": "평일 11:00~21:00 매주 일요일은 휴무입니다♡ | 토요일 11:00~21:00 매주 일요일은 휴무입니다♡",
        "phone": "0507-1337-0301",
        "op": "undefined포장 /예약 /무선 인터넷 /반려동물 동반 /제로페이 /",
        "way": "구로전화국 사거리에서 난곡사거리 쪽으로 조금만\n오시면 프랑세즈빵집 골목에 위치해있습니다.",
        "booking": "",
        "category": "음식점",
        "menus": [
            "쿠키",
            "3,800원"
        ],
        "description": "모든 디저트는 매장에서 직접 만듭니다.\n방부제를 사용하지 않고 좋은 재료만을 사용해서\n만드는 수제 디저트 전문점입니다."
    },
    {
        "no": 22,
        "code": 1508029268,
        "images": "https://ldb-phinf.pstatic.net/20190330_134/155392060375270Ge2_JPEG/0NBtDBLd5bwZW73vHB_HEOKM.jpg",
        "name": "우뺑",
        "adress": "서울 금천구 가산동 139-3 104호",
        "time": "금요일 12:00~19:00 재료 소진시 마감 | 목요일 12:00~19:00 재료 소진시 마감 | 수요일 12:00~19:00 재료 소진시 마감 | 화요일 12:00~19:00 재료 소진시 마감 | 평일 12:00~19:00 재료 소진시 마감 | 토요일 휴무 | 월요일 휴무 | 일요일 휴무 | 주말 휴무 | 공휴일 휴무",
        "phone": "0507-1466-7301",
        "op": "undefined주차 /포장 /예약 /제로페이 /",
        "way": "",
        "booking": "",
        "category": "카페,디저트",
        "menus": [
            "에그타르트",
            "2,500원"
        ],
        "description": "가산동 마리오 아울렛/W몰 근처에 위치한 베이커리입니다."
    },
    {
        "no": 23,
        "code": 1408325615,
        "images": "https://ldb-phinf.pstatic.net/20230721_201/168992777651772MRF_JPEG/IMG_6374_%282%29.JPG",
        "name": "위드어나드",
        "adress": "서울 금천구 시흥동 942-16 1층 카페 위드어나드",
        "time": "목요일 12:00~18:00 | 금요일 12:00~18:00 | 토요일 12:00~18:00 | 일요일 휴무 정기 휴무 | 월요일 휴무 스콘 택배 발송 | 화요일 휴무 스콘 택배 작업 | 수요일 휴무 스콘 택배 발송",
        "phone": "010-4013-5298",
        "op": "undefined포장 /예약 /무선 인터넷 /반려동물 동반 /제로페이 /",
        "way": "시흥유통상가 맞은편, 자가 이용시 시흥3동 공영주차장 이용 바랍니다.(1시간 780원) 버스 이용시 4번마을버스, 507번, 중앙차로 버스 이용가능합니다.",
        "booking": "",
        "category": "음식점",
        "menus": [
            "시나몬 롤 (금, 토 구매 가능)",
            "5,500원"
        ],
        "description": "디저트 전문 카페로 대표메뉴인 시나몬롤과 누네띠네스콘, 초코쿠키 등 다양한 디저트가 있는 카페입니다.\n대표 음료는 위나바닐라와 위나슈페너가 있으며 시나몬롤과 함께 즐기시기에 좋습니다.\n아메리카노는 필터커피를 직접 내려 누구나 드시기에 어렵지 않은 원두로 맛있게 내려드립니다."
    },
    {
        "no": 24,
        "code": 714241722,
        "images": "https://ldb-phinf.pstatic.net/20200320_291/1584701845833oYEBC_JPEG/image.jpg",
        "name": "판데오로",
        "adress": "서울 금천구 가산동 459-11 제이플라츠",
        "time": "평일 07:00~21:00 | 주말 07:00~18:00",
        "phone": "02-868-9025",
        "way": "",
        "booking": "",
        "category": "카페,디저트",
        "menus": [
            "아메리카노",
            "2,500원"
        ],
        "description": "판데오로 가산디지털단지역에서만 맛 볼 수 있는 예쁜 분위기의 베이커리 카페!\n대파빵,양파빵과 어니언 크림치즈는 시그니처로써 오직 판데오로에서만 맛 볼 수 있어요!"
    }
]