[
    {
        "title": "맛의 미묘한 조화, 현지인의 심장을 사로잡은 종로구의 감성적인 숨은 맛보기",
        "content": "마치 화가의 그림처럼 미묘한 조화를 이루며 현지인들의 심장을 사로잡은 곳. 시를 읊는 듯한 음식들과, 감정의 언어로 풍부한 분위기를 전하는 숨은 맛집들을 모아봤습니다. 현지 주민들의 영혼이 담긴 비밀의 장소들로, 가성비와 인심을 담은 이곳들은 오직 현지인들만이 아는 소중한 보물과 같습니다. 현지인이 추천하는 이 미묘한 감성의 숨은 맛집들을 발견하며, 서울의 비밀스러운 아름다움을 만끽해보세요!",
        "code": [
            11853587,
            19877723,
            11681131,
            1051582891
        ],
        "imgs": [
            "https://ldb-phinf.pstatic.net/20230311_145/1678501826389HUer8_JPEG/20230311_112428.jpg",
            "https://ldb-phinf.pstatic.net/20210531_174/1622420133324xQ1V9_JPEG/fX5R0KbFFTh16tK-VkD__SSI.jpg",
            "https://ldb-phinf.pstatic.net/20150831_27/14410183305438tgjw_JPEG/11681131_0.jpg",
            "https://ldb-phinf.pstatic.net/20150901_165/1441056263417rx4mJ_JPEG/11853587_0.jpg"
        ]
    },
    {
        "title": "송파구 술집의 달인, 8년차 고인물의 술집 추천!",
        "content": "술을 사랑하고 놀기를 좋아하는 당신을 위해 송파구의 숨은 보석들을 소개합니다. 8년차 고인물의 입장에서 추천하는 술집들로, 현지 주민들조차 알지 못하는 숨겨진 맛집들을 만날 수 있습니다. 소박하지만 진정성이 느껴지는 곳부터 하이엔드 분위기까지, 고인물의 눈으로 바라본 이곳들은 마치 시간의 선율이 어우러진 공간처럼, 풍요로운 맛과 따뜻한 분위기가 조화를 이루고 있습니다. 세월의 향기와 감성이 고스란히 담긴 보물 창고를 찾는 재미를 느껴보세요!.",
        "code": [
            1165436888,
            13430645,
            1763399779,
            31992223
        ],
        "imgs": [
            "https://ldb-phinf.pstatic.net/20210811_284/16286535922695E13N_JPEG/Y-JIvi2yyi5eky6MhwI-3ekh.jpg",
            "https://ldb-phinf.pstatic.net/20150901_65/14410355364025xta6_JPEG/SUBMIT_1292504314889_13430645.jpg",
            "https://ldb-phinf.pstatic.net/20221211_9/1670752756412iKXWL_JPEG/854F9C8C-5F83-47B0-9176-F862B0E87059.jpeg",
            "https://ldb-phinf.pstatic.net/20221102_208/1667395918495oSi40_JPEG/1663569234174.jpg"
        ]
    },
    {
        "title": "처음 만나는 프라이빗한 조용한 세상, 강남구 속 숨겨진 곳의 술집 추천 - 현대 도시에서의 특별한 휴식 공간",
        "content": "서울의 현대 도시 생활은 항상 분주하고, 바쁜 일상 속에서 가끔은 조용하게 휴식할 필요가 있습니다. 이를 위해 소중한 사람과 함께 즐길 수 있는 프라이빗하고 조용한 술집들을 소개합니다. 이러한 곳들은 손님들에게 특별한 순간을 선사하는 동시에 도시의 소란과 떠들썩함을 잠시나마 잊게 해줍니다. 당신의 소중한 사람과의 만남을 더욱 특별하게 만들어 줄, 도시의 소음에서 벗어나 조용한 시간을 누릴 수 있는 이 술집들을 찾아 가장 특별한 순간을 만끽해보세요!",
        "code": [
            1389858469,
            1616327776,
            1467277531,
            13113902
        ],
        "imgs": [
            "https://ldb-phinf.pstatic.net/20210816_117/16290986598013yogn_JPEG/U7AQS5sxJEHCdLiIMsNEUmoa.jpg",
            "https://ldb-phinf.pstatic.net/20220825_59/16613880201059x1Hc_JPEG/KakaoTalk_20220825_090626145.jpg",
            "https://ldb-phinf.pstatic.net/20230310_178/16784496527958V36W_JPEG/066E9BD6-705D-4951-A647-EC97B30BB81F.jpeg",
            "https://ldb-phinf.pstatic.net/20160517_150/1463462396445qkHpz_JPEG/NaverBlog_20150909_203523_00.jpg"
        ]
    },
    {
        "title": "서울 서초구 곳곳의 인스타 감성을 담은 예쁜 까페들, 당신을 환영합니다!",
        "content": "끊임없는 변화와 아름다움이 넘치는 도시. 그 안에서 감성을 자극하는 예쁜 까페들은 도시의 아름다움을 더욱 돋보이게 합니다. 인스타그램에서 인기를 끌고 있는 이 까페들은 사진 한 장으로도 화보같은 분위기를 연출할 수 있습니다. 현대적이고 아기자기한 인테리어와 함께 특별한 음료들을 즐길 수 있는 이 까페들은 사랑하는 이들과 함께한 특별한 순간을 기록하기에 딱 맞는 장소입니다. 인스타 감성을 자극하는 트렌디한 '핫플레이스'에서, 서초구의 아름다움을 만끽해보세요!",
        "code": [
            31991940,
            976131328,
            35075023,
            1056301787
        ],
        "imgs": [
            "https://ldb-phinf.pstatic.net/20150825_53/1440484362921Oj87z_JPEG/166775556259678_0.jpg",
            "https://ldb-phinf.pstatic.net/20220706_121/16571164523319Wa7a_JPEG/P20220701_144619407_D40F1DC2-987E-44C9-B1FD-5617F8DC07F1.jpg",
            "https://ldb-phinf.pstatic.net/20221215_159/16710639782507BeBI_JPEG/364B0B4B-C933-4260-A21E-43767CC0164D.jpeg ",
            "https://ldb-phinf.pstatic.net/20180328_176/1522202086851YIiDm_JPEG/Xww4Hw_AtMahUimQTZW_kvta.jpg "
        ]
    }
]